code;category;remote_url;local_path;status
SklS-0001;Skleněné dveře > Posuvné dveře Design-Lux;https://qubaglass.pl/environment/cache/images/productGfx_15212_700_700/drzwi-szklane-design-z-lustrem.jpg;scripts/output/images/sklenene-dvere/posuvne-dvere-design-lux/SklS-0001.jpg;ok
SklS-0002;Skleněné dveře > Posuvné dveře Design-Lux;https://qubaglass.pl/environment/cache/images/productGfx_15213_700_700/drzwi-szklane-design-lux-paski-pionowe.jpg;scripts/output/images/sklenene-dvere/posuvne-dvere-design-lux/SklS-0002.jpg;ok
SklS-0003;Skleněné dveře > Posuvné dveře Design-Lux;https://qubaglass.pl/environment/cache/images/productGfx_15177_700_700/drzwi-szklane-przesuwne-bezbarwne-szklane.jpg;scripts/output/images/sklenene-dvere/posuvne-dvere-design-lux/SklS-0003.jpg;ok
SklS-0004;Skleněné dveře > Posuvné dveře Design-Lux;https://qubaglass.pl/environment/cache/images/productGfx_15214_700_700/drzwi-szklane-design-lux-matowe.jpg;scripts/output/images/sklenene-dvere/posuvne-dvere-design-lux/SklS-0004.jpg;ok
SklS-0005;Skleněné dveře > Posuvné dveře Design-Lux;https://qubaglass.pl/environment/cache/images/productGfx_15215_700_700/drzwi-szklane-design-lux-pasy.jpg;scripts/output/images/sklenene-dvere/posuvne-dvere-design-lux/SklS-0005.jpg;ok
SklS-0006;Skleněné dveře > Posuvné dveře Design-Lux;https://qubaglass.pl/environment/cache/images/productGfx_15216_700_700/drzwi-szklane-design-grafitowe.jpg;scripts/output/images/sklenene-dvere/posuvne-dvere-design-lux/SklS-0006.jpg;ok
SklS-0007;Skleněné dveře > Posuvné dveře Design-Lux;https://qubaglass.pl/environment/cache/images/productGfx_15217_700_700/drzwi-szklane-design-lux-brazowe.jpg;scripts/output/images/sklenene-dvere/posuvne-dvere-design-lux/SklS-0007.jpg;ok
SklS-0008;Skleněné dveře > Posuvné dveře Design-Lux;https://qubaglass.pl/environment/cache/images/productGfx_15179_700_700/drzwi-szklane-czaene-deisn.jpg;scripts/output/images/sklenene-dvere/posuvne-dvere-design-lux/SklS-0008.jpg;ok
SklS-0009;Skleněné dveře > Posuvné dveře Design-Lux;https://qubaglass.pl/environment/cache/images/productGfx_15178_700_700/biale-drzwi-szklane-design.jpg;scripts/output/images/sklenene-dvere/posuvne-dvere-design-lux/SklS-0009.jpg;ok
SklS-0010;Skleněné dveře > Posuvné dveře Design-Lux;https://qubaglass.pl/environment/cache/images/productGfx_15180_700_700/paski-pionowe-drzwi-szklane.jpg;scripts/output/images/sklenene-dvere/posuvne-dvere-design-lux/SklS-0010.jpg;ok
SklS-0011;Skleněné dveře > Posuvné dveře Design-Lux;https://qubaglass.pl/environment/cache/images/productGfx_15163_700_700/aaz.jpg;scripts/output/images/sklenene-dvere/posuvne-dvere-design-lux/SklS-0011.jpg;ok
SklS-0012;Skleněné dveře > Posuvné dveře Design-Lux;https://qubaglass.pl/environment/cache/images/productGfx_15218_700_700/drzwi-szklane-design-lux--131.jpg;scripts/output/images/sklenene-dvere/posuvne-dvere-design-lux/SklS-0012.jpg;ok
SklS-0013;Skleněné dveře > Posuvné dveře Design-Lux;https://qubaglass.pl/environment/cache/images/productGfx_15219_700_700/drzwi-szklane-design-lux-kol132.jpg;scripts/output/images/sklenene-dvere/posuvne-dvere-design-lux/SklS-0013.jpg;ok
SklS-0014;Skleněné dveře > Posuvné dveře Design-Lux;https://qubaglass.pl/environment/cache/images/productGfx_15165_700_700/drzwi-szklane-z-wzorem-Q-009C.jpg;scripts/output/images/sklenene-dvere/posuvne-dvere-design-lux/SklS-0014.jpg;ok
SklS-0015;Skleněné dveře > Posuvné dveře Design-Lux;https://qubaglass.pl/environment/cache/images/productGfx_15166_700_700/drzwi-szklane-z-wzorem-graficznym-011B.jpg;scripts/output/images/sklenene-dvere/posuvne-dvere-design-lux/SklS-0015.jpg;ok
SklS-0016;Skleněné dveře > Posuvné dveře Design-Lux;https://qubaglass.pl/environment/cache/images/productGfx_15172_700_700/092-drzwi-z-nadrukiem-qubaglass-przesuwne.jpg;scripts/output/images/sklenene-dvere/posuvne-dvere-design-lux/SklS-0016.jpg;ok
SklS-0017;Skleněné dveře > Posuvné dveře Design-Lux;https://qubaglass.pl/environment/cache/images/productGfx_15171_700_700/091-drzwi-szklane-z-nadrukiem-przesuwne.jpg;scripts/output/images/sklenene-dvere/posuvne-dvere-design-lux/SklS-0017.jpg;ok
SklS-0018;Skleněné dveře > Posuvné dveře Design-Lux;https://qubaglass.pl/environment/cache/images/productGfx_15220_700_700/010C-drzwi.jpg;scripts/output/images/sklenene-dvere/posuvne-dvere-design-lux/SklS-0018.jpg;ok
SklS-0019;Skleněné dveře > Posuvné dveře Design-Lux;https://qubaglass.pl/environment/cache/images/productGfx_15221_700_700/011C-drzwi.jpg;scripts/output/images/sklenene-dvere/posuvne-dvere-design-lux/SklS-0019.jpg;ok
SklS-0020;Skleněné dveře > Posuvné dveře Design-Lux;https://qubaglass.pl/environment/cache/images/productGfx_15222_700_700/013C-drzwi.jpg;scripts/output/images/sklenene-dvere/posuvne-dvere-design-lux/SklS-0020.jpg;ok
SklS-0021;Skleněné dveře > Posuvné dveře Design-Lux;https://qubaglass.pl/environment/cache/images/productGfx_15223_700_700/026C-drzwi.jpg;scripts/output/images/sklenene-dvere/posuvne-dvere-design-lux/SklS-0021.jpg;ok
SklS-0022;Skleněné dveře > Posuvné dveře Design-Lux;https://qubaglass.pl/environment/cache/images/productGfx_15224_700_700/055.png;scripts/output/images/sklenene-dvere/posuvne-dvere-design-lux/SklS-0022.png;ok
SklS-0023;Skleněné dveře > Posuvné dveře Design-Lux;https://qubaglass.pl/environment/cache/images/productGfx_15225_700_700/010C-drzwi-szklane-przesuwne-system-w-satynie.jpg;scripts/output/images/sklenene-dvere/posuvne-dvere-design-lux/SklS-0023.jpg;ok
SklS-0024;Skleněné dveře > Posuvné dveře Design-Lux;https://qubaglass.pl/environment/cache/images/productGfx_15226_700_700/011C-drzwi-szklane-design-srebrna-maskownica.jpg;scripts/output/images/sklenene-dvere/posuvne-dvere-design-lux/SklS-0024.jpg;ok
SklS-0025;Skleněné dveře > Posuvné dveře Design-Lux;https://qubaglass.pl/environment/cache/images/productGfx_15227_700_700/GRAF013c-DRZWI-SZKLANE-design-lux.jpg;scripts/output/images/sklenene-dvere/posuvne-dvere-design-lux/SklS-0025.jpg;ok
SklS-0026;Skleněné dveře > Posuvné dveře Design-Lux;https://qubaglass.pl/environment/cache/images/productGfx_15228_700_700/026C-drzwi-szklane-design-drzwi.jpg;scripts/output/images/sklenene-dvere/posuvne-dvere-design-lux/SklS-0026.jpg;ok
SklS-0027;Skleněné dveře > Posuvné dveře Design-Lux;https://qubaglass.pl/environment/cache/images/productGfx_15229_700_700/006B-drzwi-szklane-qubaglass.jpg;scripts/output/images/sklenene-dvere/posuvne-dvere-design-lux/SklS-0027.jpg;ok
SklS-0028;Skleněné dveře > Posuvné dveře Design-Lux;https://qubaglass.pl/environment/cache/images/productGfx_15230_700_700/wzor-graficzny-009B.jpg;scripts/output/images/sklenene-dvere/posuvne-dvere-design-lux/SklS-0028.jpg;ok
SklS-0029;Skleněné dveře > Posuvné dveře Design-Lux;https://qubaglass.pl/environment/cache/images/productGfx_15231_700_700/011B-drzwi-szklane-qubaglass.jpg;scripts/output/images/sklenene-dvere/posuvne-dvere-design-lux/SklS-0029.jpg;ok
SklS-0030;Skleněné dveře > Posuvné dveře Design-Lux;https://qubaglass.pl/environment/cache/images/productGfx_15169_700_700/drzwi-przesuwne-z-nadrukiem-083.jpg;scripts/output/images/sklenene-dvere/posuvne-dvere-design-lux/SklS-0030.jpg;ok
SklS-0031;Skleněné dveře > Posuvné dveře Design-Lux;https://qubaglass.pl/environment/cache/images/productGfx_15175_700_700/drzwi-szklane-z-nadrukiem-KOL104-drzwi-przesuwne.jpg;scripts/output/images/sklenene-dvere/posuvne-dvere-design-lux/SklS-0031.jpg;ok
SklS-0032;Skleněné dveře > Posuvné dveře Design-Lux;https://qubaglass.pl/environment/cache/images/productGfx_15170_700_700/088-drzwi-szklane-z-nadrukiem-przesuwne.jpg;scripts/output/images/sklenene-dvere/posuvne-dvere-design-lux/SklS-0032.jpg;ok
SklS-0033;Skleněné dveře > Posuvné dveře Design-Lux;https://qubaglass.pl/environment/cache/images/productGfx_15232_700_700/drzwi-szklane-z-wzorem-matowym.jpg;scripts/output/images/sklenene-dvere/posuvne-dvere-design-lux/SklS-0033.jpg;ok
SklS-0034;Skleněné dveře > Posuvné dveře Design-Lux;https://qubaglass.pl/environment/cache/images/productGfx_15237_700_700/KOL055-drzwi-szklane-z-w-grafika.jpg;scripts/output/images/sklenene-dvere/posuvne-dvere-design-lux/SklS-0034.jpg;ok
SklS-0035;Skleněné dveře > Posuvné dveře Design-Lux;https://qubaglass.pl/environment/cache/images/productGfx_15273_700_700/drzwi-laminowane-biale-podwojne-czarny-system.jpg;scripts/output/images/sklenene-dvere/posuvne-dvere-design-lux/SklS-0035.jpg;ok
SklS-0036;Skleněné dveře > Posuvné dveře Design-Lux;https://qubaglass.pl/environment/cache/images/productGfx_15238_700_700/KOL007-drzwi-z-nadrukiem-szklane.jpg;scripts/output/images/sklenene-dvere/posuvne-dvere-design-lux/SklS-0036.jpg;ok
SklS-0037;Skleněné dveře > Posuvné dveře Design-Lux;https://qubaglass.pl/environment/cache/images/productGfx_15239_700_700/KOL008-drzwi-szklane-design.jpg;scripts/output/images/sklenene-dvere/posuvne-dvere-design-lux/SklS-0037.jpg;ok
SklS-0038;Skleněné dveře > Posuvné dveře Design-Lux;https://qubaglass.pl/environment/cache/images/productGfx_15241_700_700/drzwi-szklane.jpg;scripts/output/images/sklenene-dvere/posuvne-dvere-design-lux/SklS-0038.jpg;ok
SklS-0039;Skleněné dveře > Posuvné dveře Design-Lux;https://qubaglass.pl/environment/cache/images/productGfx_15242_700_700/drzwi-szklane-qubaglass-z-grafika.jpg;scripts/output/images/sklenene-dvere/posuvne-dvere-design-lux/SklS-0039.jpg;ok
SklS-0040;Skleněné dveře > Posuvné dveře Design-Lux;https://qubaglass.pl/environment/cache/images/productGfx_15243_700_700/KOL011-drzwi-szklane-qubaglass.jpg;scripts/output/images/sklenene-dvere/posuvne-dvere-design-lux/SklS-0040.jpg;ok
SklS-0041;Skleněné dveře > Posuvné dveře Design-Lux;https://qubaglass.pl/environment/cache/images/productGfx_15244_700_700/KOL012-drzwi-szklane.jpg;scripts/output/images/sklenene-dvere/posuvne-dvere-design-lux/SklS-0041.jpg;ok
SklS-0042;Skleněné dveře > Posuvné dveře Design-Lux;https://qubaglass.pl/environment/cache/images/productGfx_15245_700_700/drzwi-szklane-013-z-nadrukiem-qubaglass.jpg;scripts/output/images/sklenene-dvere/posuvne-dvere-design-lux/SklS-0042.jpg;ok
SklS-0043;Skleněné dveře > Posuvné dveře Design-Lux;https://qubaglass.pl/environment/cache/images/productGfx_15246_700_700/drzwi-szklane-z-nadrukiem-qubaglass.jpg;scripts/output/images/sklenene-dvere/posuvne-dvere-design-lux/SklS-0043.jpg;ok
SklS-0044;Skleněné dveře > Posuvné dveře Design-Lux;https://qubaglass.pl/environment/cache/images/productGfx_15247_700_700/drzwi-z-grafika-szklane-design.jpg;scripts/output/images/sklenene-dvere/posuvne-dvere-design-lux/SklS-0044.jpg;ok
SklS-0045;Skleněné dveře > Posuvné dveře Design-Lux;https://qubaglass.pl/environment/cache/images/productGfx_15248_700_700/KOL031-drzwi-szklane-przesuwne-z-nadrukiem.jpg;scripts/output/images/sklenene-dvere/posuvne-dvere-design-lux/SklS-0045.jpg;ok
SklS-0046;Skleněné dveře > Posuvné dveře Design-Lux;https://qubaglass.pl/environment/cache/images/productGfx_15249_700_700/KOL032-drzwi-szklane-przesuwne-z-nadrukiem.jpg;scripts/output/images/sklenene-dvere/posuvne-dvere-design-lux/SklS-0046.jpg;ok
SklS-0047;Skleněné dveře > Posuvné dveře Design-Lux;https://qubaglass.pl/environment/cache/images/productGfx_15250_700_700/drzwi-z-nadrukiem-ze-szkla.jpg;scripts/output/images/sklenene-dvere/posuvne-dvere-design-lux/SklS-0047.jpg;ok
SklS-0048;Skleněné dveře > Posuvné dveře Design-Lux;https://qubaglass.pl/environment/cache/images/productGfx_15251_700_700/drzwi-szklane-z-nadrukiem-qubaglass.jpg;scripts/output/images/sklenene-dvere/posuvne-dvere-design-lux/SklS-0048.jpg;ok
SklS-0049;Skleněné dveře > Posuvné dveře Design-Lux;https://qubaglass.pl/environment/cache/images/productGfx_15198_700_700/048-drzwi-szklane-design-lux-z-nadrukiem.jpg;scripts/output/images/sklenene-dvere/posuvne-dvere-design-lux/SklS-0049.jpg;ok
SklS-0050;Skleněné dveře > Posuvné dveře Design-Lux;https://qubaglass.pl/environment/cache/images/productGfx_15199_700_700/050-grafika-na-drzwiach-szklanych-qubaglass.jpg;scripts/output/images/sklenene-dvere/posuvne-dvere-design-lux/SklS-0050.jpg;ok
SklS-0051;Skleněné dveře > Posuvné dveře Design-Lux;https://qubaglass.pl/environment/cache/images/productGfx_15201_700_700/057-drzwi-szklane-z-nadrukiem-na-szybie.jpg;scripts/output/images/sklenene-dvere/posuvne-dvere-design-lux/SklS-0051.jpg;ok
SklS-0052;Skleněné dveře > Posuvné dveře Design-Lux;https://qubaglass.pl/environment/cache/images/productGfx_15167_700_700/drzwi-szklane-z-wzorem-z-nadrukiem-067.jpg;scripts/output/images/sklenene-dvere/posuvne-dvere-design-lux/SklS-0052.jpg;ok
SklS-0053;Skleněné dveře > Posuvné dveře Design-Lux;https://qubaglass.pl/environment/cache/images/productGfx_15168_700_700/071-drzwi-szklane-z-nadrukiem-producent.jpg;scripts/output/images/sklenene-dvere/posuvne-dvere-design-lux/SklS-0053.jpg;ok
SklS-0054;Skleněné dveře > Posuvné dveře Design-Lux;https://qubaglass.pl/environment/cache/images/productGfx_15202_700_700/074-drzwi-szklane-z-nadrukiem.jpg;scripts/output/images/sklenene-dvere/posuvne-dvere-design-lux/SklS-0054.jpg;ok
SklS-0055;Skleněné dveře > Posuvné dveře Design-Lux;https://qubaglass.pl/environment/cache/images/productGfx_15203_700_700/075-drzwi-szklane-z-nadurkiem-design.jpg;scripts/output/images/sklenene-dvere/posuvne-dvere-design-lux/SklS-0055.jpg;ok
SklS-0056;Skleněné dveře > Posuvné dveře Design-Lux;https://qubaglass.pl/environment/cache/images/productGfx_15204_700_700/097-szklane-drzwi-z-nadrukiem.jpg;scripts/output/images/sklenene-dvere/posuvne-dvere-design-lux/SklS-0056.jpg;ok
SklS-0057;Skleněné dveře > Posuvné dveře Design-Lux;https://qubaglass.pl/environment/cache/images/productGfx_15205_700_700/098-drzwi-szklane-z-nadrukiem.jpg;scripts/output/images/sklenene-dvere/posuvne-dvere-design-lux/SklS-0057.jpg;ok
SklS-0058;Skleněné dveře > Posuvné dveře Design-Lux;https://qubaglass.pl/environment/cache/images/productGfx_15206_700_700/099-drzwi-design-z-nadrukiem.jpg;scripts/output/images/sklenene-dvere/posuvne-dvere-design-lux/SklS-0058.jpg;ok
SklS-0059;Skleněné dveře > Posuvné dveře Design-Lux;https://qubaglass.pl/environment/cache/images/productGfx_15207_700_700/108-DRZWI-SZKLANE-design.jpg;scripts/output/images/sklenene-dvere/posuvne-dvere-design-lux/SklS-0059.jpg;ok
SklS-0060;Skleněné dveře > Posuvné dveře Design-Lux;https://qubaglass.pl/environment/cache/images/productGfx_15270_700_700/bezbarwne-drzwi-szklane-design-lux.jpg;scripts/output/images/sklenene-dvere/posuvne-dvere-design-lux/SklS-0060.jpg;ok
SklS-0061;Skleněné dveře > Posuvné dveře Design-Lux;https://qubaglass.pl/environment/cache/images/productGfx_15271_700_700/drzwi-szklane-podowjne-beton-wzor-betonu.jpg;scripts/output/images/sklenene-dvere/posuvne-dvere-design-lux/SklS-0061.jpg;ok
SklS-0062;Skleněné dveře > Posuvné dveře Design-Lux;https://qubaglass.pl/environment/cache/images/productGfx_15272_700_700/drzwi-szklane-podwoje-beton-wzor-betonowy-ciemne.jpg;scripts/output/images/sklenene-dvere/posuvne-dvere-design-lux/SklS-0062.jpg;ok
SklS-0063;Skleněné dveře > Posuvné dveře Design-Lux;https://qubaglass.pl/environment/cache/images/productGfx_15263_700_700/drzwi-biale-podwojne-design-lux.jpg;scripts/output/images/sklenene-dvere/posuvne-dvere-design-lux/SklS-0063.jpg;ok
SklS-0064;Skleněné dveře > Posuvné dveře Design-Lux;https://qubaglass.pl/environment/cache/images/productGfx_15267_700_700/drzwi-szklane-design-czarne-podwojne.jpg;scripts/output/images/sklenene-dvere/posuvne-dvere-design-lux/SklS-0064.jpg;ok
SklS-0065;Skleněné dveře > Posuvné dveře Design-Lux;https://qubaglass.pl/environment/cache/images/productGfx_15268_700_700/matowe-drzwi-podojne-design.jpg;scripts/output/images/sklenene-dvere/posuvne-dvere-design-lux/SklS-0065.jpg;ok
SklS-0066;Skleněné dveře > Posuvné dveře Design-Lux;https://qubaglass.pl/environment/cache/images/productGfx_15266_700_700/drzwi-paski-szklane-design.jpg;scripts/output/images/sklenene-dvere/posuvne-dvere-design-lux/SklS-0066.jpg;ok
SklS-0067;Skleněné dveře > Posuvné dveře Design-Lux;https://qubaglass.pl/environment/cache/images/productGfx_15261_700_700/drzwi-szklane-podwojne-pasy-qubaglass.jpg;scripts/output/images/sklenene-dvere/posuvne-dvere-design-lux/SklS-0067.jpg;ok
SklS-0068;Skleněné dveře > Posuvné dveře Design-Lux;https://qubaglass.pl/environment/cache/images/productGfx_15183_700_700/drzwi-design-lux-przesuwne-Q-001-wzor.jpg;scripts/output/images/sklenene-dvere/posuvne-dvere-design-lux/SklS-0068.jpg;ok
SklS-0069;Skleněné dveře > Posuvné dveře Design-Lux;https://qubaglass.pl/environment/cache/images/productGfx_15184_700_700/drzwi-szklane-przesuwne-design-wzor-q-006.jpg;scripts/output/images/sklenene-dvere/posuvne-dvere-design-lux/SklS-0069.jpg;ok
SklS-0070;Skleněné dveře > Posuvné dveře Design-Lux;https://qubaglass.pl/environment/cache/images/productGfx_15185_700_700/drzwi-szklane-design-lux-wzor-Q-008.jpg;scripts/output/images/sklenene-dvere/posuvne-dvere-design-lux/SklS-0070.jpg;ok
SklS-0071;Skleněné dveře > Posuvné dveře Design-Lux;https://qubaglass.pl/environment/cache/images/productGfx_15186_700_700/drzwi-szklane-Q-010-przesuwne-design-lux.jpg;scripts/output/images/sklenene-dvere/posuvne-dvere-design-lux/SklS-0071.jpg;ok
SklS-0072;Skleněné dveře > Posuvné dveře Design-Lux;https://qubaglass.pl/environment/cache/images/productGfx_15187_700_700/Q-011-drzwi-szklane-design-lux-przesuwne.jpg;scripts/output/images/sklenene-dvere/posuvne-dvere-design-lux/SklS-0072.jpg;ok
SklS-0073;Skleněné dveře > Posuvné dveře Design-Lux;https://qubaglass.pl/environment/cache/images/productGfx_15188_700_700/Q-013-drzwi-szklane-z-wzorem-matowym.jpg;scripts/output/images/sklenene-dvere/posuvne-dvere-design-lux/SklS-0073.jpg;ok
SklS-0074;Skleněné dveře > Posuvné dveře Design-Lux;https://qubaglass.pl/environment/cache/images/productGfx_15192_700_700/Q-014-drzwi-szklane-przesuwne.jpg;scripts/output/images/sklenene-dvere/posuvne-dvere-design-lux/SklS-0074.jpg;ok
SklS-0075;Skleněné dveře > Posuvné dveře Design-Lux;https://qubaglass.pl/environment/cache/images/productGfx_15193_700_700/Q-017-drzwi-szklane-przesuwne-design.jpg;scripts/output/images/sklenene-dvere/posuvne-dvere-design-lux/SklS-0075.jpg;ok
SklS-0076;Skleněné dveře > Posuvné dveře Design-Lux;https://qubaglass.pl/environment/cache/images/productGfx_15190_700_700/Q-019-szklane-drzwi-przesuwne.jpg;scripts/output/images/sklenene-dvere/posuvne-dvere-design-lux/SklS-0076.jpg;ok
SklS-0077;Skleněné dveře > Posuvné dveře Design-Lux;https://qubaglass.pl/environment/cache/images/productGfx_15191_700_700/Q-023-drzwi-szklane-z-wzorem-matowym-qubaglas.jpg;scripts/output/images/sklenene-dvere/posuvne-dvere-design-lux/SklS-0077.jpg;ok
SklS-0078;Skleněné dveře > Posuvné dveře Design-Lux;https://qubaglass.pl/environment/cache/images/productGfx_15195_700_700/Q-026-drzwi.jpg;scripts/output/images/sklenene-dvere/posuvne-dvere-design-lux/SklS-0078.jpg;ok
SklS-0079;Skleněné dveře > Posuvné dveře Design-Lux;https://qubaglass.pl/environment/cache/images/productGfx_15196_700_700/Q-035-drzwi-szklane.jpg;scripts/output/images/sklenene-dvere/posuvne-dvere-design-lux/SklS-0079.jpg;ok
SklS-0080;Skleněné dveře > Posuvné dveře Design-Lux;https://qubaglass.pl/environment/cache/images/productGfx_15197_700_700/Q-041-drzwi-design-z-wzorem.jpg;scripts/output/images/sklenene-dvere/posuvne-dvere-design-lux/SklS-0080.jpg;ok
SklS-0081;Skleněné dveře > Posuvné dveře Ultra Slim;https://qubaglass.pl/environment/cache/images/productGfx_15448_700_700/drzwi-szklane-ultra-slim-matowe-przesuwne.jpg;scripts/output/images/sklenene-dvere/posuvne-dvere-ultra-slim/SklS-0081.jpg;ok
SklS-0082;Skleněné dveře > Posuvné dveře Ultra Slim;https://qubaglass.pl/environment/cache/images/productGfx_15449_700_700/drzwi-szklane-ultra-slim-bezbarwne-qubaglass.jpg;scripts/output/images/sklenene-dvere/posuvne-dvere-ultra-slim/SklS-0082.jpg;ok
SklS-0083;Skleněné dveře > Posuvné dveře Ultra Slim;https://qubaglass.pl/environment/cache/images/productGfx_15450_700_700/drzwi-szklane-ultra-slim-brazowe-dorma-muto.jpg;scripts/output/images/sklenene-dvere/posuvne-dvere-ultra-slim/SklS-0083.jpg;ok
SklS-0084;Skleněné dveře > Posuvné dveře Ultra Slim;https://qubaglass.pl/environment/cache/images/productGfx_15451_700_700/drzwi-ultra-slim-szklane-grafitowe-bezbarwne-dorma-muto.jpg;scripts/output/images/sklenene-dvere/posuvne-dvere-ultra-slim/SklS-0084.jpg;ok
SklS-0085;Skleněné dveře > Posuvné dveře Ultra Slim;https://qubaglass.pl/environment/cache/images/productGfx_15440_700_700/drzwi-dorma-ultra-slim-nascienne.jpg;scripts/output/images/sklenene-dvere/posuvne-dvere-ultra-slim/SklS-0085.jpg;ok
SklS-0086;Skleněné dveře > Posuvné dveře Ultra Slim;https://qubaglass.pl/environment/cache/images/productGfx_15439_700_700/drzwi-szklane-ultra-slim-matowe-qubaglass-dorma.jpg;scripts/output/images/sklenene-dvere/posuvne-dvere-ultra-slim/SklS-0086.jpg;ok
SklS-0087;Skleněné dveře > Posuvné dveře Ultra Slim;https://qubaglass.pl/environment/cache/images/productGfx_15438_700_700/drzwi-szklane-ultra-slim-grafitowe-bezbarwne-nascienne.jpg;scripts/output/images/sklenene-dvere/posuvne-dvere-ultra-slim/SklS-0087.jpg;ok
SklS-0088;Skleněné dveře > Posuvné dveře Ultra Slim;https://qubaglass.pl/environment/cache/images/productGfx_15437_700_700/drzwi-szklane-grafitowe-ultra-slim-przesuwne.jpg;scripts/output/images/sklenene-dvere/posuvne-dvere-ultra-slim/SklS-0088.jpg;ok
SklS-0089;Skleněné dveře > Posuvné dveře Ultra Slim;https://qubaglass.pl/environment/cache/images/productGfx_15436_700_700/drzwi-szklane-przesuwne-ultra-slim-brazowe-bezbarwne.jpg;scripts/output/images/sklenene-dvere/posuvne-dvere-ultra-slim/SklS-0089.jpg;ok
SklS-0090;Skleněné dveře > Posuvné dveře Ultra Slim;https://qubaglass.pl/environment/cache/images/productGfx_15435_700_700/drzwi-szklane-ultra-slim-szklo-brazowe.jpg;scripts/output/images/sklenene-dvere/posuvne-dvere-ultra-slim/SklS-0090.jpg;ok
SklS-0091;Skleněné dveře > Posuvné dveře Ultra Slim;https://qubaglass.pl/environment/cache/images/productGfx_15434_700_700/drzwi-szklane-ultra-slim-z-pasami-pasy-1.jpg;scripts/output/images/sklenene-dvere/posuvne-dvere-ultra-slim/SklS-0091.jpg;ok
SklS-0092;Skleněné dveře > Posuvné dveře Ultra Slim;https://qubaglass.pl/environment/cache/images/productGfx_15433_700_700/drzwi-szklane-ultra-slim-ze-szprosami.jpg;scripts/output/images/sklenene-dvere/posuvne-dvere-ultra-slim/SklS-0092.jpg;ok
SklS-0093;Skleněné dveře > Posuvné dveře Ultra Slim;https://qubaglass.pl/environment/cache/images/productGfx_15442_700_700/drzwi-szklane-dorma-muto-ultra-slim-biale.jpg;scripts/output/images/sklenene-dvere/posuvne-dvere-ultra-slim/SklS-0093.jpg;ok
SklS-0094;Skleněné dveře > Posuvné dveře Ultra Slim;https://qubaglass.pl/environment/cache/images/productGfx_15441_700_700/drzwi-szklane-czarne-dorma-muto-ultra-slim.jpg;scripts/output/images/sklenene-dvere/posuvne-dvere-ultra-slim/SklS-0094.jpg;ok
SklS-0095;Skleněné dveře > Posuvné dveře Ultra Slim;https://qubaglass.pl/environment/cache/images/productGfx_15443_700_700/Q-106-drzwi-szklane-z-wzorem-matowym.jpg;scripts/output/images/sklenene-dvere/posuvne-dvere-ultra-slim/SklS-0095.jpg;ok
SklS-0096;Skleněné dveře > Posuvné dveře Loft;https://qubaglass.pl/environment/cache/images/productGfx_15280_700_700/drzwi-szklane-loft-art-szklo-lusto-qubaglass.png;scripts/output/images/sklenene-dvere/posuvne-dvere-loft/SklS-0096.png;ok
SklS-0097;Skleněné dveře > Posuvné dveře Loft;https://qubaglass.pl/environment/cache/images/productGfx_15281_700_700/drzwi-szklane-loft-art-podwojne-szklo-lustro-lustrzane.png;scripts/output/images/sklenene-dvere/posuvne-dvere-loft/SklS-0097.png;ok
SklS-0098;Skleněné dveře > Posuvné dveře Loft;https://qubaglass.pl/environment/cache/images/productGfx_15285_700_700/bialy-loft-miniaturkalo.jpg;scripts/output/images/sklenene-dvere/posuvne-dvere-loft/SklS-0098.jpg;ok
SklS-0099;Skleněné dveře > Posuvné dveře Loft;https://qubaglass.pl/environment/cache/images/productGfx_6253_700_700/IMG_9735-szpros-ALLEGRO.jpg;scripts/output/images/sklenene-dvere/posuvne-dvere-loft/SklS-0099.jpg;ok
SklS-0100;Skleněné dveře > Posuvné dveře Loft;https://qubaglass.pl/environment/cache/images/productGfx_15284_700_700/bialy-loft-miniaturka.jpg;scripts/output/images/sklenene-dvere/posuvne-dvere-loft/SklS-0100.jpg;ok
SklS-0101;Skleněné dveře > Posuvné dveře Loft;https://qubaglass.pl/environment/cache/images/productGfx_6254_700_700/IMG_9735-bezbarwne-ALLEGRO.jpg;scripts/output/images/sklenene-dvere/posuvne-dvere-loft/SklS-0101.jpg;ok
SklS-0102;Skleněné dveře > Posuvné dveře Loft;https://qubaglass.pl/environment/cache/images/productGfx_6252_700_700/IMG_9735-ALLEGRO.jpg;scripts/output/images/sklenene-dvere/posuvne-dvere-loft/SklS-0102.jpg;ok
SklS-0103;Skleněné dveře > Posuvné dveře Loft;https://qubaglass.pl/environment/cache/images/productGfx_4557_700_700/drzwi_szklane_loftowe_podwojne.jpg;scripts/output/images/sklenene-dvere/posuvne-dvere-loft/SklS-0103.jpg;ok
SklS-0104;Skleněné dveře > Posuvné dveře Loft;https://qubaglass.pl/environment/cache/images/productGfx_4571_700_700/drzwi_szklane_loftowe_podowjne_bezbarwne.jpg;scripts/output/images/sklenene-dvere/posuvne-dvere-loft/SklS-0104.jpg;ok
SklS-0105;Skleněné dveře > Posuvné dveře Loft;https://qubaglass.pl/environment/cache/images/productGfx_4575_700_700/loft_podwojny-transp-szpros.jpg;scripts/output/images/sklenene-dvere/posuvne-dvere-loft/SklS-0105.jpg;ok
SklS-0106;Skleněné dveře > Posuvné dveře – trubkový systém;https://qubaglass.pl/environment/cache/images/productGfx_15298_700_700/drzwi-szklane-z-wzorem-Q-011.jpg;scripts/output/images/sklenene-dvere/posuvne-dvere-trubkovy-system/SklS-0106.jpg;ok
SklS-0107;Skleněné dveře > Posuvné dveře – trubkový systém;https://qubaglass.pl/environment/cache/images/productGfx_15297_700_700/drzwi-z-wzorem-Q-051-rurowe.jpg;scripts/output/images/sklenene-dvere/posuvne-dvere-trubkovy-system/SklS-0107.jpg;ok
SklS-0108;Skleněné dveře > Posuvné dveře – trubkový systém;https://qubaglass.pl/environment/cache/images/productGfx_15299_700_700/drzwi-z-wzorem-Q-058-qubaglass.jpg;scripts/output/images/sklenene-dvere/posuvne-dvere-trubkovy-system/SklS-0108.jpg;ok
SklS-0109;Skleněné dveře > Posuvné dveře – trubkový systém;https://qubaglass.pl/environment/cache/images/productGfx_15300_700_700/Q-001B-drzwi-szklane-rurowe-z-grafika.jpg;scripts/output/images/sklenene-dvere/posuvne-dvere-trubkovy-system/SklS-0109.jpg;ok
SklS-0110;Skleněné dveře > Posuvné dveře – trubkový systém;https://qubaglass.pl/environment/cache/images/productGfx_15301_700_700/GRAF008-drzwi-szklane-qubaglass.jpg;scripts/output/images/sklenene-dvere/posuvne-dvere-trubkovy-system/SklS-0110.jpg;ok
SklS-0111;Skleněné dveře > Posuvné dveře – trubkový systém;https://qubaglass.pl/environment/cache/images/productGfx_15302_700_700/Q-010B-drzwi-rurowe-przesuwne-szklane.jpg;scripts/output/images/sklenene-dvere/posuvne-dvere-trubkovy-system/SklS-0111.jpg;ok
SklS-0112;Skleněné dveře > Posuvné dveře – trubkový systém;https://qubaglass.pl/environment/cache/images/productGfx_15303_700_700/GRAF107B-drzwi-szklane-rurowe-przesuwne.jpg;scripts/output/images/sklenene-dvere/posuvne-dvere-trubkovy-system/SklS-0112.jpg;ok
SklS-0113;Skleněné dveře > Posuvné dveře – trubkový systém;https://qubaglass.pl/environment/cache/images/productGfx_15304_700_700/drzwi-przesuwne-qubaglass--108B.jpg;scripts/output/images/sklenene-dvere/posuvne-dvere-trubkovy-system/SklS-0113.jpg;ok
SklS-0114;Skleněné dveře > Posuvné dveře – trubkový systém;https://qubaglass.pl/environment/cache/images/productGfx_15305_700_700/KOL001-drzwi-szklane-rurowe.jpg;scripts/output/images/sklenene-dvere/posuvne-dvere-trubkovy-system/SklS-0114.jpg;ok
SklS-0115;Skleněné dveře > Posuvné dveře – trubkový systém;https://qubaglass.pl/environment/cache/images/productGfx_15306_700_700/KOL002-drzwi-szklane-rurowe-qubaglass.jpg;scripts/output/images/sklenene-dvere/posuvne-dvere-trubkovy-system/SklS-0115.jpg;ok
SklS-0116;Skleněné dveře > Posuvné dveře – trubkový systém;https://qubaglass.pl/environment/cache/images/productGfx_15307_700_700/KOL003-drzwi-szklane-przesuwne-z-wzorem.jpg;scripts/output/images/sklenene-dvere/posuvne-dvere-trubkovy-system/SklS-0116.jpg;ok
SklS-0117;Skleněné dveře > Posuvné dveře – trubkový systém;https://qubaglass.pl/environment/cache/images/productGfx_15308_700_700/KOL004-drzwi-rurowe-szklane.jpg;scripts/output/images/sklenene-dvere/posuvne-dvere-trubkovy-system/SklS-0117.jpg;ok
SklS-0118;Skleněné dveře > Posuvné dveře – trubkový systém;https://qubaglass.pl/environment/cache/images/productGfx_15309_700_700/KOL018-drzwi-szklane-rurowe.jpg;scripts/output/images/sklenene-dvere/posuvne-dvere-trubkovy-system/SklS-0118.jpg;ok
SklS-0119;Skleněné dveře > Posuvné dveře – trubkový systém;https://qubaglass.pl/environment/cache/images/productGfx_15310_700_700/KOL019-drzwi-szklane-rurowe-z-grafika.jpg;scripts/output/images/sklenene-dvere/posuvne-dvere-trubkovy-system/SklS-0119.jpg;ok
SklS-0120;Skleněné dveře > Posuvné dveře – trubkový systém;https://qubaglass.pl/environment/cache/images/productGfx_15311_700_700/KOL020-drzwi-szklane-rurowe-przesuwne-szklane.jpg;scripts/output/images/sklenene-dvere/posuvne-dvere-trubkovy-system/SklS-0120.jpg;ok
SklS-0121;Skleněné dveře > Posuvné dveře – trubkový systém;https://qubaglass.pl/environment/cache/images/productGfx_15312_700_700/KOL023-drzwi-szklane-rurowe-qubaglass.jpg;scripts/output/images/sklenene-dvere/posuvne-dvere-trubkovy-system/SklS-0121.jpg;ok
SklS-0122;Skleněné dveře > Posuvné dveře – trubkový systém;https://qubaglass.pl/environment/cache/images/productGfx_15313_700_700/KOL024-drzwi-szklane.jpg;scripts/output/images/sklenene-dvere/posuvne-dvere-trubkovy-system/SklS-0122.jpg;ok
SklS-0123;Skleněné dveře > Posuvné dveře – trubkový systém;https://qubaglass.pl/environment/cache/images/productGfx_15314_700_700/drzwi-szklane-rurowe-grafika-KOL_025.jpg;scripts/output/images/sklenene-dvere/posuvne-dvere-trubkovy-system/SklS-0123.jpg;ok
SklS-0124;Skleněné dveře > Posuvné dveře – trubkový systém;https://qubaglass.pl/environment/cache/images/productGfx_15315_700_700/drzwi-szklane-rurowe-grafika-KOL_026.jpg;scripts/output/images/sklenene-dvere/posuvne-dvere-trubkovy-system/SklS-0124.jpg;ok
SklS-0125;Skleněné dveře > Posuvné dveře – trubkový systém;https://qubaglass.pl/environment/cache/images/productGfx_15316_700_700/drzwi-przesuwne-szklane-rurowe-KOL_030.jpg;scripts/output/images/sklenene-dvere/posuvne-dvere-trubkovy-system/SklS-0125.jpg;ok
SklS-0126;Skleněné dveře > Posuvné dveře – trubkový systém;https://qubaglass.pl/environment/cache/images/productGfx_15318_700_700/drzwi-szklane-rurowe-qubaglass-KOL_033.jpg;scripts/output/images/sklenene-dvere/posuvne-dvere-trubkovy-system/SklS-0126.jpg;ok
SklS-0127;Skleněné dveře > Posuvné dveře – trubkový systém;https://qubaglass.pl/environment/cache/images/productGfx_15319_700_700/drzwi-szklane-rurowe-przesuwne-KOL_040.jpg;scripts/output/images/sklenene-dvere/posuvne-dvere-trubkovy-system/SklS-0127.jpg;ok
SklS-0128;Skleněné dveře > Posuvné dveře – trubkový systém;https://qubaglass.pl/environment/cache/images/productGfx_15320_700_700/drzwi-szklane-rurowe-przesuwne-KOL_041.jpg;scripts/output/images/sklenene-dvere/posuvne-dvere-trubkovy-system/SklS-0128.jpg;ok
SklS-0129;Skleněné dveře > Posuvné dveře – trubkový systém;https://qubaglass.pl/environment/cache/images/productGfx_15321_700_700/drzwi-szklane-rurowe-KOL_046.jpg;scripts/output/images/sklenene-dvere/posuvne-dvere-trubkovy-system/SklS-0129.jpg;ok
SklS-0130;Skleněné dveře > Posuvné dveře – trubkový systém;https://qubaglass.pl/environment/cache/images/productGfx_15322_700_700/drzwi-przesuwne-szklane-z-nadrukiem-KOl_047.jpg;scripts/output/images/sklenene-dvere/posuvne-dvere-trubkovy-system/SklS-0130.jpg;ok
SklS-0131;Skleněné dveře > Posuvné dveře – trubkový systém;https://qubaglass.pl/environment/cache/images/productGfx_15323_700_700/drzwin-przesuwne-szklane-KOL_052.jpg;scripts/output/images/sklenene-dvere/posuvne-dvere-trubkovy-system/SklS-0131.jpg;ok
SklS-0132;Skleněné dveře > Posuvné dveře – trubkový systém;https://qubaglass.pl/environment/cache/images/productGfx_15324_700_700/drzwi-ze-szkla-KOL_057.jpg;scripts/output/images/sklenene-dvere/posuvne-dvere-trubkovy-system/SklS-0132.jpg;ok
SklS-0133;Skleněné dveře > Posuvné dveře – trubkový systém;https://qubaglass.pl/environment/cache/images/productGfx_15325_700_700/drzwi-rurowe-szklane-KOL_058.jpg;scripts/output/images/sklenene-dvere/posuvne-dvere-trubkovy-system/SklS-0133.jpg;ok
SklS-0134;Skleněné dveře > Posuvné dveře – trubkový systém;https://qubaglass.pl/environment/cache/images/productGfx_15326_700_700/drzwi-rurowe-szklane-KOL_078.jpg;scripts/output/images/sklenene-dvere/posuvne-dvere-trubkovy-system/SklS-0134.jpg;ok
SklS-0135;Skleněné dveře > Posuvné dveře – trubkový systém;https://qubaglass.pl/environment/cache/images/productGfx_15327_700_700/drzwi-szklane-rurowe-przesuwne-KOL_089.jpg;scripts/output/images/sklenene-dvere/posuvne-dvere-trubkovy-system/SklS-0135.jpg;ok
SklS-0136;Skleněné dveře > Posuvné dveře – trubkový systém;https://qubaglass.pl/environment/cache/images/productGfx_15328_700_700/drzwi-ze-szkla-rurowe-KOL_100.jpg;scripts/output/images/sklenene-dvere/posuvne-dvere-trubkovy-system/SklS-0136.jpg;ok
SklS-0137;Skleněné dveře > Posuvné dveře – trubkový systém;https://qubaglass.pl/environment/cache/images/productGfx_15329_700_700/drzwi-szklane-rurowe-przesuwne-KOL_101L.jpg;scripts/output/images/sklenene-dvere/posuvne-dvere-trubkovy-system/SklS-0137.jpg;ok
SklS-0138;Skleněné dveře > Posuvné dveře – trubkový systém;https://qubaglass.pl/environment/cache/images/productGfx_15330_700_700/drzwi-ze-szkla-z-nadrukiem-KOl_101P.jpg;scripts/output/images/sklenene-dvere/posuvne-dvere-trubkovy-system/SklS-0138.jpg;ok
SklS-0139;Skleněné dveře > Posuvné dveře – trubkový systém;https://qubaglass.pl/environment/cache/images/productGfx_15331_700_700/drzwi-szklane-rurowe-KOL_105.jpg;scripts/output/images/sklenene-dvere/posuvne-dvere-trubkovy-system/SklS-0139.jpg;ok
SklS-0140;Skleněné dveře > Posuvné dveře – trubkový systém;https://qubaglass.pl/environment/cache/images/productGfx_15332_700_700/drzwi-szklane-rurowe-KOL_106.jpg;scripts/output/images/sklenene-dvere/posuvne-dvere-trubkovy-system/SklS-0140.jpg;ok
SklS-0141;Skleněné dveře > Posuvné dveře – trubkový systém;https://qubaglass.pl/environment/cache/images/productGfx_15333_700_700/drzwi-rurowe-szklane-KOL_120.jpg;scripts/output/images/sklenene-dvere/posuvne-dvere-trubkovy-system/SklS-0141.jpg;ok
SklS-0142;Skleněné dveře > Posuvné dveře – trubkový systém;https://qubaglass.pl/environment/cache/images/productGfx_15334_700_700/drzwi-szklabe-rurowe-KOL_121.jpg;scripts/output/images/sklenene-dvere/posuvne-dvere-trubkovy-system/SklS-0142.jpg;ok
SklS-0143;Skleněné dveře > Posuvné dveře – trubkový systém;https://qubaglass.pl/environment/cache/images/productGfx_15335_700_700/drzwi-rurowe-z-lustrem-lustro.jpg;scripts/output/images/sklenene-dvere/posuvne-dvere-trubkovy-system/SklS-0143.jpg;ok
SklS-0144;Skleněné dveře > Posuvné dveře – trubkový systém;https://qubaglass.pl/environment/cache/images/productGfx_15336_700_700/drzwi-szklane-rurowe-bezbarwne.jpg;scripts/output/images/sklenene-dvere/posuvne-dvere-trubkovy-system/SklS-0144.jpg;ok
SklS-0145;Skleněné dveře > Posuvné dveře – trubkový systém;https://qubaglass.pl/environment/cache/images/productGfx_15337_700_700/matowe-drzwi-szklane-rurowe.jpg;scripts/output/images/sklenene-dvere/posuvne-dvere-trubkovy-system/SklS-0145.jpg;ok
SklS-0146;Skleněné dveře > Posuvné dveře – trubkový systém;https://qubaglass.pl/environment/cache/images/productGfx_15338_700_700/drzwi-szklane-rurowe-pasy-1.jpg;scripts/output/images/sklenene-dvere/posuvne-dvere-trubkovy-system/SklS-0146.jpg;ok
SklS-0147;Skleněné dveře > Posuvné dveře – trubkový systém;https://qubaglass.pl/environment/cache/images/productGfx_15343_700_700/drzwi-szklane-rurowe-podwojne-bezbarwne.jpg;scripts/output/images/sklenene-dvere/posuvne-dvere-trubkovy-system/SklS-0147.jpg;ok
SklS-0148;Skleněné dveře > Posuvné dveře – trubkový systém;https://qubaglass.pl/environment/cache/images/productGfx_15345_700_700/drzwi-szklane-z-nadrukiem-podwojne.jpg;scripts/output/images/sklenene-dvere/posuvne-dvere-trubkovy-system/SklS-0148.jpg;ok
SklS-0149;Skleněné dveře > Posuvné dveře – trubkový systém;https://qubaglass.pl/environment/cache/images/productGfx_15346_700_700/drzwi-podwojne-szklane-z-nadrukiem.jpg;scripts/output/images/sklenene-dvere/posuvne-dvere-trubkovy-system/SklS-0149.jpg;ok
SklS-0150;Skleněné dveře > Posuvné dveře – trubkový systém;https://qubaglass.pl/environment/cache/images/productGfx_15344_700_700/drzwi-szklane-rurowe-matowe-podwojne.jpg;scripts/output/images/sklenene-dvere/posuvne-dvere-trubkovy-system/SklS-0150.jpg;ok
SklS-0151;Skleněné dveře > Posuvné dveře – trubkový systém;https://qubaglass.pl/environment/cache/images/productGfx_15339_700_700/czrane-drzwi.jpg;scripts/output/images/sklenene-dvere/posuvne-dvere-trubkovy-system/SklS-0151.jpg;ok
SklS-0152;Skleněné dveře > Posuvné dveře do pouzdra;https://qubaglass.pl/environment/cache/images/productGfx_15461_700_700/drzwi-szklane-w-kasecie-przesuwne-ze-szkla.png;scripts/output/images/sklenene-dvere/posuvne-dvere-do-pouzdra/SklS-0152.png;ok
SklS-0153;Skleněné dveře > Posuvné dveře do pouzdra;https://qubaglass.pl/environment/cache/images/productGfx_4581_700_700/kaseta_estima_trawione_.jpg;scripts/output/images/sklenene-dvere/posuvne-dvere-do-pouzdra/SklS-0153.jpg;ok
SklS-0154;Skleněné dveře > Posuvné dveře do pouzdra;https://qubaglass.pl/environment/cache/images/productGfx_5142_700_700/kasetra_estima_wzor_pasy1.1_szklo.jpg;scripts/output/images/sklenene-dvere/posuvne-dvere-do-pouzdra/SklS-0154.jpg;ok
SklS-0155;Skleněné dveře > Posuvné dveře do pouzdra;https://qubaglass.pl/environment/cache/images/productGfx_4401_700_700/kaseta_estima_wzor_matowy_paski1.2.jpg;scripts/output/images/sklenene-dvere/posuvne-dvere-do-pouzdra/SklS-0155.jpg;ok
SklS-0156;Skleněné dveře > Posuvné dveře do pouzdra;https://qubaglass.pl/environment/cache/images/productGfx_4402_700_700/drzwi_w_kasecie_estima_kwadraty.jpg;scripts/output/images/sklenene-dvere/posuvne-dvere-do-pouzdra/SklS-0156.jpg;ok
SklS-0157;Skleněné dveře > Posuvné dveře do pouzdra;https://qubaglass.pl/environment/cache/images/productGfx_4368_700_700/kaseta_estima_laminowane_czarne.jpg;scripts/output/images/sklenene-dvere/posuvne-dvere-do-pouzdra/SklS-0157.jpg;ok
SklS-0158;Skleněné dveře > Posuvné dveře do pouzdra;https://qubaglass.pl/environment/cache/images/productGfx_1492_700_700/drzwi_w_kasecie_estima_laminowane_biale.jpg;scripts/output/images/sklenene-dvere/posuvne-dvere-do-pouzdra/SklS-0158.jpg;ok
SklS-0159;Skleněné dveře > Posuvné dveře do pouzdra;https://qubaglass.pl/environment/cache/images/productGfx_4985_700_700/kaseta_grafit_trawiony_estima.jpg;scripts/output/images/sklenene-dvere/posuvne-dvere-do-pouzdra/SklS-0159.jpg;ok
SklS-0160;Skleněné dveře > Posuvné dveře do pouzdra;https://qubaglass.pl/environment/cache/images/productGfx_4397_700_700/82b8eda18a3e6862a331ec810345babf.jpg;scripts/output/images/sklenene-dvere/posuvne-dvere-do-pouzdra/SklS-0160.jpg;ok
SklS-0161;Skleněné dveře > Posuvné dveře do pouzdra;https://qubaglass.pl/environment/cache/images/productGfx_8553_700_700/drzwi_szklane_w_kasecie_podwojne.jpg;scripts/output/images/sklenene-dvere/posuvne-dvere-do-pouzdra/SklS-0161.jpg;ok
SklS-0162;Skleněné dveře > Posuvné dveře do pouzdra;https://qubaglass.pl/environment/cache/images/productGfx_8561_700_700/drzwi_w_kasecie_szklane_podwojne_bezbarwne.jpg;scripts/output/images/sklenene-dvere/posuvne-dvere-do-pouzdra/SklS-0162.jpg;ok
SklS-0163;Skleněné dveře > Posuvné dveře do pouzdra;https://qubaglass.pl/environment/cache/images/productGfx_4367_700_700/drzwi_w_kasecie_estima_kol_110.jpg;scripts/output/images/sklenene-dvere/posuvne-dvere-do-pouzdra/SklS-0163.jpg;ok
SklS-0164;Skleněné dveře > Posuvné dveře do pouzdra;https://qubaglass.pl/environment/cache/images/productGfx_4366_700_700/drzwi_w_kasecie_grafika_kol_109.jpg;scripts/output/images/sklenene-dvere/posuvne-dvere-do-pouzdra/SklS-0164.jpg;ok
SklS-0165;Skleněné dveře > Posuvné dveře do pouzdra;https://qubaglass.pl/environment/cache/images/productGfx_4365_700_700/kaseta_estima_kol_105.jpg;scripts/output/images/sklenene-dvere/posuvne-dvere-do-pouzdra/SklS-0165.jpg;ok
SklS-0166;Skleněné dveře > Posuvné dveře do pouzdra;https://qubaglass.pl/environment/cache/images/productGfx_4364_700_700/drzwi_w_kasecie_kol_085.jpg;scripts/output/images/sklenene-dvere/posuvne-dvere-do-pouzdra/SklS-0166.jpg;ok
SklS-0167;Skleněné dveře > Posuvné dveře do pouzdra;https://qubaglass.pl/environment/cache/images/productGfx_4360_700_700/drzwi_w_kasecie_grafika_kol_079.jpg;scripts/output/images/sklenene-dvere/posuvne-dvere-do-pouzdra/SklS-0167.jpg;ok
SklS-0168;Skleněné dveře > Posuvné dveře do pouzdra;https://qubaglass.pl/environment/cache/images/productGfx_4359_700_700/drzwi_w_kasecie_grafika_kol_077.jpg;scripts/output/images/sklenene-dvere/posuvne-dvere-do-pouzdra/SklS-0168.jpg;ok
SklS-0169;Skleněné dveře > Posuvné dveře do pouzdra;https://qubaglass.pl/environment/cache/images/productGfx_1481_700_700/drzwi_w_kasecie_grafika_KOL_056.jpg;scripts/output/images/sklenene-dvere/posuvne-dvere-do-pouzdra/SklS-0169.jpg;ok
SklS-0170;Skleněné dveře > Posuvné dveře do pouzdra;https://qubaglass.pl/environment/cache/images/productGfx_1478_700_700/drzwi_W_kasecie_grafika_kol_062.jpg;scripts/output/images/sklenene-dvere/posuvne-dvere-do-pouzdra/SklS-0170.jpg;ok
SklS-0171;Skleněné dveře > Posuvné dveře do pouzdra;https://qubaglass.pl/environment/cache/images/productGfx_1475_700_700/drzwi_w_kasecie_grafika_kol_061.jpg;scripts/output/images/sklenene-dvere/posuvne-dvere-do-pouzdra/SklS-0171.jpg;ok
SklS-0172;Skleněné dveře > Posuvné dveře do pouzdra;https://qubaglass.pl/environment/cache/images/productGfx_1487_700_700/drzwi_w_kasecie_kol_052.jpg;scripts/output/images/sklenene-dvere/posuvne-dvere-do-pouzdra/SklS-0172.jpg;ok
SklS-0173;Skleněné dveře > Posuvné dveře do pouzdra;https://qubaglass.pl/environment/cache/images/productGfx_4404_700_700/drzwi_szklane_w_kasecie_estima_kol_040.jpg;scripts/output/images/sklenene-dvere/posuvne-dvere-do-pouzdra/SklS-0173.jpg;ok
SklS-0174;Skleněné dveře > Posuvné dveře do pouzdra;https://qubaglass.pl/environment/cache/images/productGfx_1488_700_700/drzwi_w_kasecie_grafika_kol_051.jpg;scripts/output/images/sklenene-dvere/posuvne-dvere-do-pouzdra/SklS-0174.jpg;ok
SklS-0175;Skleněné dveře > Posuvné dveře do pouzdra;https://qubaglass.pl/environment/cache/images/productGfx_1484_700_700/drzwi_w_kasecie_grafika_kol_059.jpg;scripts/output/images/sklenene-dvere/posuvne-dvere-do-pouzdra/SklS-0175.jpg;ok
SklS-0176;Skleněné dveře > Posuvné dveře do pouzdra;https://qubaglass.pl/environment/cache/images/productGfx_4361_700_700/drzwi_w_kasecie_estima_grafika_kol080.jpg;scripts/output/images/sklenene-dvere/posuvne-dvere-do-pouzdra/SklS-0176.jpg;ok
SklS-0177;Skleněné dveře > Posuvné dveře do pouzdra;https://qubaglass.pl/environment/cache/images/productGfx_4362_700_700/kaseta_estima_kol_081.jpg;scripts/output/images/sklenene-dvere/posuvne-dvere-do-pouzdra/SklS-0177.jpg;ok
SklS-0178;Skleněné dveře > Posuvné dveře do pouzdra;https://qubaglass.pl/environment/cache/images/productGfx_4363_700_700/112e4f21d4e61fbf8ab60627583199f9.jpg;scripts/output/images/sklenene-dvere/posuvne-dvere-do-pouzdra/SklS-0178.jpg;ok
SklS-0179;Skleněné dveře > Posuvné dveře do pouzdra;https://qubaglass.pl/environment/cache/images/productGfx_4409_700_700/drzwi_w_kasecie_grafika_kol_101l.jpg;scripts/output/images/sklenene-dvere/posuvne-dvere-do-pouzdra/SklS-0179.jpg;ok
SklS-0180;Skleněné dveře > Posuvné dveře do pouzdra;https://qubaglass.pl/environment/cache/images/productGfx_4410_700_700/drzwi_w_kasecie_grafika_kol_101p.jpg;scripts/output/images/sklenene-dvere/posuvne-dvere-do-pouzdra/SklS-0180.jpg;ok
SklS-0181;Skleněné dveře > Posuvné dveře do pouzdra;https://qubaglass.pl/environment/cache/images/productGfx_1494_700_700/drzwi_w_kasecie_estima_kol040_czarne_szklo.jpg;scripts/output/images/sklenene-dvere/posuvne-dvere-do-pouzdra/SklS-0181.jpg;ok
SklS-0182;Skleněné dveře > Posuvné dveře do pouzdra;https://qubaglass.pl/environment/cache/images/productGfx_1502_700_700/drzwi_w_kasecie_kol_051.jpg;scripts/output/images/sklenene-dvere/posuvne-dvere-do-pouzdra/SklS-0182.jpg;ok
SklS-0183;Skleněné dveře > Posuvné dveře do pouzdra;https://qubaglass.pl/environment/cache/images/productGfx_1510_700_700/drzwi_w_kasecie_grafika_kol_052_czarne_szklo.jpg;scripts/output/images/sklenene-dvere/posuvne-dvere-do-pouzdra/SklS-0183.jpg;ok
SklS-0184;Skleněné dveře > Posuvné dveře do pouzdra;https://qubaglass.pl/environment/cache/images/productGfx_1518_700_700/b445c36bde416372c21737e32b4c8a72.jpg;scripts/output/images/sklenene-dvere/posuvne-dvere-do-pouzdra/SklS-0184.jpg;ok
SklS-0185;Skleněné dveře > Posuvné dveře do pouzdra;https://qubaglass.pl/environment/cache/images/productGfx_1526_700_700/drzwi_w_kasecie_kol_059_estima.jpg;scripts/output/images/sklenene-dvere/posuvne-dvere-do-pouzdra/SklS-0185.jpg;ok
SklS-0186;Skleněné dveře > Posuvné dveře do pouzdra;https://qubaglass.pl/environment/cache/images/productGfx_1534_700_700/52be97037c6b1bdf4a2f8bda084287d3.jpg;scripts/output/images/sklenene-dvere/posuvne-dvere-do-pouzdra/SklS-0186.jpg;ok
SklS-0187;Skleněné dveře > Posuvné dveře do pouzdra;https://qubaglass.pl/environment/cache/images/productGfx_1544_700_700/kaseta_estima_kol_062_czarna_folia.jpg;scripts/output/images/sklenene-dvere/posuvne-dvere-do-pouzdra/SklS-0187.jpg;ok
SklS-0188;Skleněné dveře > Otočné dveře;https://qubaglass.pl/environment/cache/images/productGfx_10979_700_700/drzwi_szklane_z_bialymi_okuciami_qubaglass.jpg;scripts/output/images/sklenene-dvere/otocne-dvere/SklS-0188.jpg;ok
SklS-0189;Skleněné dveře > Otočné dveře;https://qubaglass.pl/environment/cache/images/productGfx_7028_700_700/Beztytulu.jpg;scripts/output/images/sklenene-dvere/otocne-dvere/SklS-0189.jpg;ok
SklS-0190;Skleněné dveře > Otočné dveře;https://qubaglass.pl/environment/cache/images/productGfx_8538_700_700/IMG_6828x2.jpg;scripts/output/images/sklenene-dvere/otocne-dvere/SklS-0190.jpg;ok
SklS-0191;Skleněné dveře > Otočné dveře;https://qubaglass.pl/environment/cache/images/productGfx_11037_700_700/drzwi_szklane_na_samzoamykaczu_qubaglass_podwojne.jpg;scripts/output/images/sklenene-dvere/otocne-dvere/SklS-0191.jpg;ok
SklS-0192;Skleněné dveře > Otočné dveře;https://qubaglass.pl/environment/cache/images/productGfx_1462_700_700/4f5cdd43be17c03347c1142e94267bf5.jpg;scripts/output/images/sklenene-dvere/otocne-dvere/SklS-0192.jpg;ok
SklS-0193;Skleněné dveře > Otočné dveře;https://qubaglass.pl/environment/cache/images/productGfx_7857_700_700/prawe_matowe_drzwi_szklane_na_samozamykaczu_czarne_okucia.jpg;scripts/output/images/sklenene-dvere/otocne-dvere/SklS-0193.jpg;ok
SklS-0194;Skleněné dveře > Otočné dveře;https://qubaglass.pl/environment/cache/images/productGfx_7863_700_700/prawe_drzwi_Szklane_na_samozamykaczu_czarne_okucia.jpg;scripts/output/images/sklenene-dvere/otocne-dvere/SklS-0194.jpg;ok
SklS-0195;Skleněné dveře > Otočné dveře;https://qubaglass.pl/environment/cache/images/productGfx_1784_700_700/11807d4010d9e943b8303f716f5ff851.jpg;scripts/output/images/sklenene-dvere/otocne-dvere/SklS-0195.jpg;ok
SklS-0196;Skleněné dveře > Otočné dveře;https://qubaglass.pl/environment/cache/images/productGfx_1829_700_700/4ef0ff75c2b80cb07026d3d57be85a42.jpg;scripts/output/images/sklenene-dvere/otocne-dvere/SklS-0196.jpg;ok
SklS-0197;Skleněné dveře > Otočné dveře;https://qubaglass.pl/environment/cache/images/productGfx_1836_700_700/5cbf7a70aec4aa1af15655633908bcaf.jpg;scripts/output/images/sklenene-dvere/otocne-dvere/SklS-0197.jpg;ok
SklS-0198;Skleněné dveře > Otočné dveře;https://qubaglass.pl/environment/cache/images/productGfx_7730_700_700/drzwi_wahadlowe_matowe_brazowe_prawe.jpg;scripts/output/images/sklenene-dvere/otocne-dvere/SklS-0198.jpg;ok
SklS-0199;Skleněné dveře > Otočné dveře;https://qubaglass.pl/environment/cache/images/productGfx_8203_700_700/drzwi_wahadlowe_szklane_qubaglass-Bezbarwne-Czarnezawiasy-%E2%80%94-kopia.jpg;scripts/output/images/sklenene-dvere/otocne-dvere/SklS-0199.jpg;ok
SklS-0200;Skleněné dveře > Otočné dveře;https://qubaglass.pl/environment/cache/images/productGfx_9008_700_700/drzwi_szklane_grafika_zlote_okucia_wahadlowe.jpg;scripts/output/images/sklenene-dvere/otocne-dvere/SklS-0200.jpg;ok
SklS-0201;Skleněné dveře > Otočné dveře;https://qubaglass.pl/environment/cache/images/productGfx_7742_700_700/drzwi_grafitowe_matowe_prawe.jpg;scripts/output/images/sklenene-dvere/otocne-dvere/SklS-0201.jpg;ok
SklS-0202;Skleněné dveře > Otočné dveře;https://qubaglass.pl/environment/cache/images/productGfx_8195_700_700/drzwi_wahadlowe_szklane_qubaglass-PolyskCzarne-Czarnezawiasy-%E2%80%94-kopia.jpg;scripts/output/images/sklenene-dvere/otocne-dvere/SklS-0202.jpg;ok
SklS-0203;Skleněné dveře > Otočné dveře;https://qubaglass.pl/environment/cache/images/productGfx_13952_700_700/drzwi-z-pochwytem-cale-czarne-podwojne-wiatroplap-%E2%80%94-kopia.jpg;scripts/output/images/sklenene-dvere/otocne-dvere/SklS-0203.jpg;ok
SklS-0204;Skleněné dveře > Otočné dveře;https://qubaglass.pl/environment/cache/images/productGfx_7269_700_700/drzwi_szklane_wahadlowe_nadruk_szprosy_czarne.jpg;scripts/output/images/sklenene-dvere/otocne-dvere/SklS-0204.jpg;ok
SklS-0205;Skleněné dveře > Otočné dveře;https://qubaglass.pl/environment/cache/images/productGfx_8179_700_700/drzwi_szklane_na_zawiasach_otwierane_uchylne.jpg;scripts/output/images/sklenene-dvere/otocne-dvere/SklS-0205.jpg;ok
SklS-0206;Skleněné dveře > Otočné dveře;https://qubaglass.pl/environment/cache/images/productGfx_7680_700_700/grafika_KOL_114.jpg;scripts/output/images/sklenene-dvere/otocne-dvere/SklS-0206.jpg;ok
SklS-0207;Skleněné dveře > Otočné dveře;https://qubaglass.pl/environment/cache/images/productGfx_7687_700_700/grafika_KOL_133.jpg;scripts/output/images/sklenene-dvere/otocne-dvere/SklS-0207.jpg;ok
SklS-0208;Skleněné dveře > Otočné dveře;https://qubaglass.pl/environment/cache/images/productGfx_7695_700_700/grafika_KOL_134.jpg;scripts/output/images/sklenene-dvere/otocne-dvere/SklS-0208.jpg;ok
SklS-0209;Skleněné dveře > Otočné dveře;https://qubaglass.pl/environment/cache/images/productGfx_7703_700_700/grafika_KOL_140.jpg;scripts/output/images/sklenene-dvere/otocne-dvere/SklS-0209.jpg;ok
SklS-0210;Skleněné dveře > Otočné dveře;https://qubaglass.pl/environment/cache/images/productGfx_7736_700_700/drzwi_grafitowe_bezbarwne_prawe.jpg;scripts/output/images/sklenene-dvere/otocne-dvere/SklS-0210.jpg;ok
SklS-0211;Skleněné dveře > Otočné dveře;https://qubaglass.pl/environment/cache/images/productGfx_7256_700_700/drzwi_wahadlowe_szklane_qubaglass.jpg;scripts/output/images/sklenene-dvere/otocne-dvere/SklS-0211.jpg;ok
SklS-0212;Skleněné dveře > Otočné dveře;https://qubaglass.pl/environment/cache/images/productGfx_7722_700_700/drzwi_wahadlowe_brazowe_bezbarwne_prawe.jpg;scripts/output/images/sklenene-dvere/otocne-dvere/SklS-0212.jpg;ok
SklS-0213;Skleněné dveře > Otočné dveře;https://qubaglass.pl/environment/cache/images/productGfx_8189_700_700/drzwi_szklane_qubaglass_biale_wahadlowe.jpg;scripts/output/images/sklenene-dvere/otocne-dvere/SklS-0213.jpg;ok
SklS-0214;Skleněné dveře > Otočné dveře;https://qubaglass.pl/environment/cache/images/productGfx_1830_700_700/421bd5ee740cae810d0ab2c3cbf27bd9.jpg;scripts/output/images/sklenene-dvere/otocne-dvere/SklS-0214.jpg;ok
SklS-0215;Skleněné dveře > Otočné dveře;https://qubaglass.pl/environment/cache/images/productGfx_1466_700_700/0f50d970e553fc5a1685e423d10ca8fb.jpg;scripts/output/images/sklenene-dvere/otocne-dvere/SklS-0215.jpg;ok
SklS-0216;Skleněné dveře > Otočné dveře;https://qubaglass.pl/environment/cache/images/productGfx_8998_700_700/prawe_wahadlowe_kol_086_zlote_okucia.jpg;scripts/output/images/sklenene-dvere/otocne-dvere/SklS-0216.jpg;ok
SklS-0217;Skleněné dveře > Otočné dveře;https://qubaglass.pl/environment/cache/images/productGfx_9014_700_700/drzwi_szklane_wahadlowe_prawe_grafika_kol_142.jpg;scripts/output/images/sklenene-dvere/otocne-dvere/SklS-0217.jpg;ok
SklS-0218;Skleněné dveře > Otočné dveře;https://qubaglass.pl/environment/cache/images/productGfx_9020_700_700/wahadlowe_drzwi_z_grafika_zlote_okucia_qubaglass.jpg;scripts/output/images/sklenene-dvere/otocne-dvere/SklS-0218.jpg;ok
SklS-0219;Skleněné dveře > Otočné dveře;https://qubaglass.pl/environment/cache/images/productGfx_9026_700_700/prawe_drzwi_wahadlowe_KOL_144_qubaglass.jpg;scripts/output/images/sklenene-dvere/otocne-dvere/SklS-0219.jpg;ok
SklS-0220;Skleněné dveře > Otočné dveře;https://qubaglass.pl/environment/cache/images/productGfx_9032_700_700/kol_145_drzwi_wahadlowe_szklane.jpg;scripts/output/images/sklenene-dvere/otocne-dvere/SklS-0220.jpg;ok
SklS-0221;Skleněné dveře > Otočné dveře;https://qubaglass.pl/environment/cache/images/productGfx_9038_700_700/kol_146_wahadlowe_drzwi_szklane_z_grafika.jpg;scripts/output/images/sklenene-dvere/otocne-dvere/SklS-0221.jpg;ok
SklS-0222;Skleněné dveře > Otočné dveře;https://qubaglass.pl/environment/cache/images/productGfx_1832_700_700/29794cc95340393011111dd5ef4e7853.jpg;scripts/output/images/sklenene-dvere/otocne-dvere/SklS-0222.jpg;ok
SklS-0223;Skleněné dveře > Otočné dveře;https://qubaglass.pl/environment/cache/images/productGfx_1831_700_700/ef1a3282d9a32b0cfb6d7893d4b0db43.jpg;scripts/output/images/sklenene-dvere/otocne-dvere/SklS-0223.jpg;ok
SklS-0224;Skleněné dveře > Otočné dveře;https://qubaglass.pl/environment/cache/images/productGfx_1467_700_700/69e829338a93bc472cca0866f1d743c2.jpg;scripts/output/images/sklenene-dvere/otocne-dvere/SklS-0224.jpg;ok
SklS-0225;Skleněné dveře > Otočné dveře;https://qubaglass.pl/environment/cache/images/productGfx_13744_700_700/drzwi-z-zawiasem-hydraulicznym-samozamykacz.jpg;scripts/output/images/sklenene-dvere/otocne-dvere/SklS-0225.jpg;ok
SklS-0226;Skleněné dveře > Otevírané dveře;https://qubaglass.pl/environment/cache/images/productGfx_10018_700_700/drzwi_szklane_mocowane_gora_dol_biale_okucia_czarne.jpg;scripts/output/images/sklenene-dvere/otevirane-dvere/SklS-0226.jpg;ok
SklS-0227;Skleněné dveře > Otevírané dveře;https://qubaglass.pl/environment/cache/images/productGfx_6867_700_700/drzwi_mocowane_gora_dol_trawione.jpg;scripts/output/images/sklenene-dvere/otevirane-dvere/SklS-0227.jpg;ok
SklS-0228;Skleněné dveře > Otevírané dveře;https://qubaglass.pl/environment/cache/images/productGfx_9689_700_700/drzwi_szklane_z_zamkiem_qubaglass.jpg;scripts/output/images/sklenene-dvere/otevirane-dvere/SklS-0228.jpg;ok
SklS-0229;Skleněné dveře > Otevírané dveře;https://qubaglass.pl/environment/cache/images/productGfx_10055_700_700/drzwi_szklane_z_zamkiem_mocowane_gora_dol_bezbarwne.jpg;scripts/output/images/sklenene-dvere/otevirane-dvere/SklS-0229.jpg;ok
SklS-0230;Skleněné dveře > Otevírané dveře;https://qubaglass.pl/environment/cache/images/productGfx_9706_700_700/biale_drzwi_otwierane_okucia_satyna.jpg;scripts/output/images/sklenene-dvere/otevirane-dvere/SklS-0230.jpg;ok
SklS-0231;Skleněné dveře > Otevírané dveře;https://qubaglass.pl/environment/cache/images/productGfx_9698_700_700/drzwi_z_zamkiem_szklane_czarne.jpg;scripts/output/images/sklenene-dvere/otevirane-dvere/SklS-0231.jpg;ok
SklS-0232;Skleněné dveře > Otevírané dveře;https://qubaglass.pl/environment/cache/images/productGfx_10044_700_700/mocowane_gora_dol_drzwi__z_zamkiem_czarne.jpg;scripts/output/images/sklenene-dvere/otevirane-dvere/SklS-0232.jpg;ok
SklS-0233;Skleněné dveře > Otevírané dveře;https://qubaglass.pl/environment/cache/images/productGfx_10789_700_700/mocowane_gora_dol_szprosy_prawe.jpg;scripts/output/images/sklenene-dvere/otevirane-dvere/SklS-0233.jpg;ok
SklS-0234;Skleněné dveře > Otevírané dveře;https://qubaglass.pl/environment/cache/images/productGfx_6882_700_700/drzwi_mocowane_gora_dol_kol_107.jpg;scripts/output/images/sklenene-dvere/otevirane-dvere/SklS-0234.jpg;ok
SklS-0235;Skleněné dveře > Otevírané dveře;https://qubaglass.pl/environment/cache/images/productGfx_6869_700_700/drzwi_mocowane_gora_dol_kol_108.jpg;scripts/output/images/sklenene-dvere/otevirane-dvere/SklS-0235.jpg;ok
SklS-0236;Skleněné dveře > Otevírané dveře;https://qubaglass.pl/environment/cache/images/productGfx_9679_700_700/drzwi_otwierane_z_zamkiem_satyna_okucia.jpg;scripts/output/images/sklenene-dvere/otevirane-dvere/SklS-0236.jpg;ok
SklS-0237;Skleněné dveře > Otevírané dveře;https://qubaglass.pl/environment/cache/images/productGfx_10031_700_700/drzwi_szklane_mocowane_gora_dol_grafit_czarne_okucia.jpg;scripts/output/images/sklenene-dvere/otevirane-dvere/SklS-0237.jpg;ok
SklS-0238;Skleněné dveře > Otevírané dveře;https://qubaglass.pl/environment/cache/images/productGfx_6866_700_700/drzwi_system_bez_oscieznic_grafika_kol_71.jpg;scripts/output/images/sklenene-dvere/otevirane-dvere/SklS-0238.jpg;ok
SklS-0239;Skleněné dveře > Otevírané dveře;https://qubaglass.pl/environment/cache/images/productGfx_6837_700_700/drzwi_system_bez_oscieznic_kol_106.jpg;scripts/output/images/sklenene-dvere/otevirane-dvere/SklS-0239.jpg;ok
SklS-0240;Skleněné dveře > Otevírané dveře;https://qubaglass.pl/environment/cache/images/productGfx_6825_700_700/drzwi_system_bez_oscieznic_trawione.jpg;scripts/output/images/sklenene-dvere/otevirane-dvere/SklS-0240.jpg;ok
SklS-0241;Skleněné dveře > Otevírané dveře;https://qubaglass.pl/environment/cache/images/productGfx_15467_700_700/drzwi-szklane-otwierane-na-zawiasach-z--zamkiem-bezbawrne.png;scripts/output/images/sklenene-dvere/otevirane-dvere/SklS-0241.png;ok
SklS-0242;Skleněné dveře > Otevírané dveře;https://qubaglass.pl/environment/cache/images/productGfx_15485_700_700/drzwi-brazowe-szklane-ze-szkla-mocowane-do-sciany.png;scripts/output/images/sklenene-dvere/otevirane-dvere/SklS-0242.png;ok
SklS-0243;Skleněné dveře > Otevírané dveře;https://qubaglass.pl/environment/cache/images/productGfx_15473_700_700/drzwi-szklane-system-bez-oscieznic-grafitowe.png;scripts/output/images/sklenene-dvere/otevirane-dvere/SklS-0243.png;ok
SklS-0244;Skleněné dveře > Otevírané dveře;https://qubaglass.pl/environment/cache/images/productGfx_6848_700_700/drzwi_system_bez_oscieznic_grafika_kol_110.jpg;scripts/output/images/sklenene-dvere/otevirane-dvere/SklS-0244.jpg;ok
SklS-0245;Skleněné dveře > Otevírané dveře;https://qubaglass.pl/environment/cache/images/productGfx_6826_700_700/drzwi_szklane_system_bez_oscieznic_czarne_okucia-mat.jpg;scripts/output/images/sklenene-dvere/otevirane-dvere/SklS-0245.jpg;ok
SklS-0246;Skleněné dveře > Otevírané dveře;https://qubaglass.pl/environment/cache/images/productGfx_6831_700_700/drzwi_szklane_system_bez_oscieznic_czarne_okucia-biale.jpg;scripts/output/images/sklenene-dvere/otevirane-dvere/SklS-0246.jpg;ok
SklS-0247;Skleněné dveře > Otevírané dveře;https://qubaglass.pl/environment/cache/images/productGfx_10781_700_700/drzwi_szklane_system_bez_oscieznic_szprosy_prawe.jpg;scripts/output/images/sklenene-dvere/otevirane-dvere/SklS-0247.jpg;ok
SklS-0248;Skleněné dveře > Otevírané dveře;https://qubaglass.pl/environment/cache/images/productGfx_15491_700_700/drzwi-brazowe-szklane-ze-szkla-na-zawiasach.png;scripts/output/images/sklenene-dvere/otevirane-dvere/SklS-0248.png;ok
SklS-0249;Skleněné dveře > Otevírané dveře;https://qubaglass.pl/environment/cache/images/productGfx_15479_700_700/drzwi-ze-szkla-szklane-grafitowe-matowe.png;scripts/output/images/sklenene-dvere/otevirane-dvere/SklS-0249.png;ok
SklS-0250;Skleněné dveře > Dveře s pevnou zárubní;https://qubaglass.pl/environment/cache/images/productGfx_0f7579483fa6e4b97c4f0509d7c0c0c1_700_700.jpg;scripts/output/images/sklenene-dvere/dvere-s-pevnou-zarubni/SklS-0250.jpg;ok
SklS-0251;Skleněné dveře > Dveře s pevnou zárubní;https://qubaglass.pl/environment/cache/images/productGfx_24cacc8a338628bb3c7ec007b4674497_700_700.jpg;scripts/output/images/sklenene-dvere/dvere-s-pevnou-zarubni/SklS-0251.jpg;ok
SklS-0252;Skleněné dveře > Dveře s pevnou zárubní;https://qubaglass.pl/environment/cache/images/productGfx_85a76f44fa995aac0d106873cae6bd35_700_700.jpg;scripts/output/images/sklenene-dvere/dvere-s-pevnou-zarubni/SklS-0252.jpg;ok
SklS-0253;Skleněné dveře > Dveře s pevnou zárubní;https://qubaglass.pl/environment/cache/images/productGfx_4c81db59007d8e8420bc9970e51f876e_700_700.jpg;scripts/output/images/sklenene-dvere/dvere-s-pevnou-zarubni/SklS-0253.jpg;ok
SklS-0254;Skleněné dveře > Dveře s pevnou zárubní;https://qubaglass.pl/environment/cache/images/productGfx_279c66719ba8fdc8a7a17ace0303b8c6_700_700.jpg;scripts/output/images/sklenene-dvere/dvere-s-pevnou-zarubni/SklS-0254.jpg;ok
SklS-0255;Skleněné dveře > Dveře s pevnou zárubní;https://qubaglass.pl/environment/cache/images/productGfx_3788_700_700/b4670fe2de66567b0f8e5eedf638ee4b.jpg;scripts/output/images/sklenene-dvere/dvere-s-pevnou-zarubni/SklS-0255.jpg;ok
SklS-0256;Skleněné dveře > Dveře s pevnou zárubní;https://qubaglass.pl/environment/cache/images/productGfx_3782_700_700/drzwi_futryna_qubaglass_kol_103.jpg;scripts/output/images/sklenene-dvere/dvere-s-pevnou-zarubni/SklS-0256.jpg;ok
SklS-0257;Skleněné dveře > Dveře s pevnou zárubní;https://qubaglass.pl/environment/cache/images/productGfx_6341dc0c5df880f0455b82a546fca0d2_700_700.jpg;scripts/output/images/sklenene-dvere/dvere-s-pevnou-zarubni/SklS-0257.jpg;ok
SklS-0258;Skleněné dveře > Dveře s pevnou zárubní;https://qubaglass.pl/environment/cache/images/productGfx_6311_700_700/R4AOqKhs-2.jpg;scripts/output/images/sklenene-dvere/dvere-s-pevnou-zarubni/SklS-0258.jpg;ok
SklS-0259;Skleněné dveře > Dveře s pevnou zárubní;https://qubaglass.pl/environment/cache/images/productGfx_6334_700_700/drzwi_szklane_z_futryna_stala_qubaglass-2.jpg;scripts/output/images/sklenene-dvere/dvere-s-pevnou-zarubni/SklS-0259.jpg;ok
SklS-0260;Skleněné dveře > Dveře s pevnou zárubní;https://qubaglass.pl/environment/cache/images/productGfx_6335_700_700/DRZWI_FUTRYNA_BEZBARWNE.jpg;scripts/output/images/sklenene-dvere/dvere-s-pevnou-zarubni/SklS-0260.jpg;ok
SklS-0261;Skleněné dveře > Dveře s pevnou zárubní;https://qubaglass.pl/environment/cache/images/productGfx_cf14f8862ff69293fa6608f651677ae2_700_700.jpg;scripts/output/images/sklenene-dvere/dvere-s-pevnou-zarubni/SklS-0261.jpg;ok
SklS-0262;Skleněné dveře > Dveře s pevnou zárubní;https://qubaglass.pl/environment/cache/images/productGfx_8870dabc75de1143a5f0f4573f6c5fa4_700_700.jpg;scripts/output/images/sklenene-dvere/dvere-s-pevnou-zarubni/SklS-0262.jpg;ok
SklS-0263;Skleněné dveře > Dveře s pevnou zárubní;https://qubaglass.pl/environment/cache/images/productGfx_9859610ee3bbda7da2cc842951e15cfe_700_700.jpg;scripts/output/images/sklenene-dvere/dvere-s-pevnou-zarubni/SklS-0263.jpg;ok
SklS-0264;Skleněné dveře > Dveře s pevnou zárubní;https://qubaglass.pl/environment/cache/images/productGfx_415a3bf893fbae98441fef15cfb42f11_700_700.jpg;scripts/output/images/sklenene-dvere/dvere-s-pevnou-zarubni/SklS-0264.jpg;ok
SklS-0265;Skleněné dveře > Dveře s pevnou zárubní;https://qubaglass.pl/environment/cache/images/productGfx_47695f042a7be7b4efd0bcfbf20b960b_700_700.jpg;scripts/output/images/sklenene-dvere/dvere-s-pevnou-zarubni/SklS-0265.jpg;ok
SklS-0266;Skleněné dveře > Dveře s pevnou zárubní;https://qubaglass.pl/environment/cache/images/productGfx_b2fea5de85f188979a6823ab1cb808d7_700_700.jpg;scripts/output/images/sklenene-dvere/dvere-s-pevnou-zarubni/SklS-0266.jpg;ok
SklS-0267;Skleněné dveře > Dveře s pevnou zárubní;https://qubaglass.pl/environment/cache/images/productGfx_6312_700_700/futryna_wzor_matowy_q-105_2.jpg;scripts/output/images/sklenene-dvere/dvere-s-pevnou-zarubni/SklS-0267.jpg;ok
SklS-0268;Skleněné dveře > Dveře s pevnou zárubní;https://qubaglass.pl/environment/cache/images/productGfx_b3d7f898f30b85b74790f30063500855_700_700.jpg;scripts/output/images/sklenene-dvere/dvere-s-pevnou-zarubni/SklS-0268.jpg;ok
SklS-0269;Skleněné dveře > Dveře s pevnou zárubní;https://qubaglass.pl/environment/cache/images/productGfx_df071219a6e97abb8ea00f135f3d4a7c_700_700.jpg;scripts/output/images/sklenene-dvere/dvere-s-pevnou-zarubni/SklS-0269.jpg;ok
SklS-0270;Skleněné dveře > Dveře s pevnou zárubní;https://qubaglass.pl/environment/cache/images/productGfx_6316_700_700/drzwi_futryna_wzor_matowy_paski.jpg;scripts/output/images/sklenene-dvere/dvere-s-pevnou-zarubni/SklS-0270.jpg;ok
SklS-0271;Skleněné dveře > Dveře s pevnou zárubní;https://qubaglass.pl/environment/cache/images/productGfx_6318_700_700/drzwi_zamek_futryna_wzor_pasy_1.1.jpg;scripts/output/images/sklenene-dvere/dvere-s-pevnou-zarubni/SklS-0271.jpg;ok
SklS-0272;Skleněné dveře > Dveře s nastavitelnou zárubní;https://qubaglass.pl/environment/cache/images/productGfx_9493_700_700/drzwi_szklane_nadruk_szprosy_prawe_z_futryna.jpg;scripts/output/images/sklenene-dvere/dvere-s-nastavitelnou-zarubni/SklS-0272.jpg;ok
SklS-0273;Skleněné dveře > Dveře s nastavitelnou zárubní;https://qubaglass.pl/environment/cache/images/productGfx_9501_700_700/drzwi_szklane_z_nadrukiem_loft_szprosy_qubaglass.jpg;scripts/output/images/sklenene-dvere/dvere-s-nastavitelnou-zarubni/SklS-0273.jpg;ok
SklS-0274;Skleněné dveře > Dveře s nastavitelnou zárubní;https://qubaglass.pl/environment/cache/images/productGfx_1b9745c7fefaac5940b587aafe8231b1_700_700.jpg;scripts/output/images/sklenene-dvere/dvere-s-nastavitelnou-zarubni/SklS-0274.jpg;ok
SklS-0275;Skleněné dveře > Dveře s nastavitelnou zárubní;https://qubaglass.pl/environment/cache/images/productGfx_6332_700_700/drzwi_szklane_z_futryna_stala_qubaglass-2.jpg;scripts/output/images/sklenene-dvere/dvere-s-nastavitelnou-zarubni/SklS-0275.jpg;ok
SklS-0276;Skleněné dveře > Dveře s nastavitelnou zárubní;https://qubaglass.pl/environment/cache/images/productGfx_fab3b8416cfd4e133655f89d469054ba_700_700.jpg;scripts/output/images/sklenene-dvere/dvere-s-nastavitelnou-zarubni/SklS-0276.jpg;ok
SklS-0277;Skleněné dveře > Dveře s nastavitelnou zárubní;https://qubaglass.pl/environment/cache/images/productGfx_cb33ab6a867e5f061dc7a492d4ecc2d5_700_700.jpg;scripts/output/images/sklenene-dvere/dvere-s-nastavitelnou-zarubni/SklS-0277.jpg;ok
SklS-0278;Skleněné dveře > Dveře s nastavitelnou zárubní;https://qubaglass.pl/environment/cache/images/productGfx_01bbd9520205816562dee900546bccde_700_700.jpg;scripts/output/images/sklenene-dvere/dvere-s-nastavitelnou-zarubni/SklS-0278.jpg;ok
SklS-0279;Skleněné dveře > Dveře s nastavitelnou zárubní;https://qubaglass.pl/environment/cache/images/productGfx_e36f748435a222846584698a95915e59_700_700.jpg;scripts/output/images/sklenene-dvere/dvere-s-nastavitelnou-zarubni/SklS-0279.jpg;ok
SklS-0280;Skleněné dveře > Dveře s nastavitelnou zárubní;https://qubaglass.pl/environment/cache/images/productGfx_eef0b6105abad1a0e828311d89716e4c_700_700.jpg;scripts/output/images/sklenene-dvere/dvere-s-nastavitelnou-zarubni/SklS-0280.jpg;ok
SklS-0281;Skleněné dveře > Dveře s nastavitelnou zárubní;https://qubaglass.pl/environment/cache/images/productGfx_c84f3aef538bf0ef5a0497b04246ce77_700_700.jpg;scripts/output/images/sklenene-dvere/dvere-s-nastavitelnou-zarubni/SklS-0281.jpg;ok
SklS-0282;Skleněné dveře > Dveře s nastavitelnou zárubní;https://qubaglass.pl/environment/cache/images/productGfx_16cc73e23f2b538fc825282d9160a014_700_700.jpg;scripts/output/images/sklenene-dvere/dvere-s-nastavitelnou-zarubni/SklS-0282.jpg;ok
SklS-0283;Skleněné dveře > Dveře s nastavitelnou zárubní;https://qubaglass.pl/environment/cache/images/productGfx_2a6cd1cef858087e448624ad9a14c5c3_700_700.jpg;scripts/output/images/sklenene-dvere/dvere-s-nastavitelnou-zarubni/SklS-0283.jpg;ok
SklS-0284;Skleněné dveře > Dveře s nastavitelnou zárubní;https://qubaglass.pl/environment/cache/images/productGfx_dce9f04cc35163134bb059f30b334b87_700_700.jpg;scripts/output/images/sklenene-dvere/dvere-s-nastavitelnou-zarubni/SklS-0284.jpg;ok
SklS-0285;Skleněné dveře > Dveře s nastavitelnou zárubní;https://qubaglass.pl/environment/cache/images/productGfx_9d35615e23969f43acb212beb3b54ea7_700_700.jpg;scripts/output/images/sklenene-dvere/dvere-s-nastavitelnou-zarubni/SklS-0285.jpg;ok
SklS-0286;Skleněné dveře > Dveře s nastavitelnou zárubní;https://qubaglass.pl/environment/cache/images/productGfx_280442e0025b012b3939d49798826333_700_700.jpg;scripts/output/images/sklenene-dvere/dvere-s-nastavitelnou-zarubni/SklS-0286.jpg;ok
SklS-0287;Skleněné dveře > Dveře s nastavitelnou zárubní;https://qubaglass.pl/environment/cache/images/productGfx_ee0b25fbd2dcd0cbba68f09d31c5308d_700_700.jpg;scripts/output/images/sklenene-dvere/dvere-s-nastavitelnou-zarubni/SklS-0287.jpg;ok
SklS-0288;Skleněné dveře > Dveře s nastavitelnou zárubní;https://qubaglass.pl/environment/cache/images/productGfx_1100_700_700/drzwi_futryna_qubaglass_czarne.jpg;scripts/output/images/sklenene-dvere/dvere-s-nastavitelnou-zarubni/SklS-0288.jpg;ok
SklS-0289;Skleněné dveře > Dveře s nastavitelnou zárubní;https://qubaglass.pl/environment/cache/images/productGfx_6333_700_700/R4AOqKhs-2.jpg;scripts/output/images/sklenene-dvere/dvere-s-nastavitelnou-zarubni/SklS-0289.jpg;ok
SklS-0290;Skleněné dveře > Dveře s nastavitelnou zárubní;https://qubaglass.pl/environment/cache/images/productGfx_c431d6e3bf3d097997a3938e2dec64c1_700_700.jpg;scripts/output/images/sklenene-dvere/dvere-s-nastavitelnou-zarubni/SklS-0290.jpg;ok
SklS-0291;Skleněné dveře > Dveře s nastavitelnou zárubní;https://qubaglass.pl/environment/cache/images/productGfx_6331_700_700/FUTRYNA_BEZBARWNE_FLOAT_bez_bialego_tla_allegro-2.jpg;scripts/output/images/sklenene-dvere/dvere-s-nastavitelnou-zarubni/SklS-0291.jpg;ok
SklS-0292;Skleněné dveře > Dveře s nastavitelnou zárubní;https://qubaglass.pl/environment/cache/images/productGfx_16dc90247297c68edcf1150ce5b1baf0_700_700.jpg;scripts/output/images/sklenene-dvere/dvere-s-nastavitelnou-zarubni/SklS-0292.jpg;ok
SklS-0293;Skleněné dveře > Dveře s nastavitelnou zárubní;https://qubaglass.pl/environment/cache/images/productGfx_be4a6de235f4461e862021b477292a45_700_700.jpg;scripts/output/images/sklenene-dvere/dvere-s-nastavitelnou-zarubni/SklS-0293.jpg;ok
SklS-0294;Skleněné dveře > Dveře s nastavitelnou zárubní;https://qubaglass.pl/environment/cache/images/productGfx_6320_700_700/drzwi_futryna_wzor_matowy_paski.jpg;scripts/output/images/sklenene-dvere/dvere-s-nastavitelnou-zarubni/SklS-0294.jpg;ok
SklS-0295;Skleněné dveře > Dveře s nastavitelnou zárubní;https://qubaglass.pl/environment/cache/images/productGfx_8778640873b77591050555de6f130d7d_700_700.jpg;scripts/output/images/sklenene-dvere/dvere-s-nastavitelnou-zarubni/SklS-0295.jpg;ok
SklS-0296;Skleněné dveře > Dveře s nastavitelnou zárubní;https://qubaglass.pl/environment/cache/images/productGfx_6329_700_700/drzwi_zamek_futryna_wzor_pasy_1.1.jpg;scripts/output/images/sklenene-dvere/dvere-s-nastavitelnou-zarubni/SklS-0296.jpg;ok
SklS-0297;Skleněné dveře > Dveře s hliníkovou zárubní;https://qubaglass.pl/environment/cache/images/productGfx_14853_700_700/drzwi-z-oscieznica-alumniowa-szklane-bezbarwne.jpg;scripts/output/images/sklenene-dvere/dvere-s-hlinikovou-zarubni/SklS-0297.jpg;ok
SklS-0298;Skleněné dveře > Dveře s hliníkovou zárubní;https://qubaglass.pl/environment/cache/images/productGfx_14852_700_700/matowe-drzwi-z-futryna-alumniowa.jpg;scripts/output/images/sklenene-dvere/dvere-s-hlinikovou-zarubni/SklS-0298.jpg;ok
SklS-0299;Skleněné dveře > Dveře s hliníkovou zárubní;https://qubaglass.pl/environment/cache/images/productGfx_14851_700_700/grafitowe-bezbarwne-alumniowa-futryna.jpg;scripts/output/images/sklenene-dvere/dvere-s-hlinikovou-zarubni/SklS-0299.jpg;ok
SklS-0300;Skleněné dveře > Dveře s hliníkovou zárubní;https://qubaglass.pl/environment/cache/images/productGfx_14850_700_700/grafitowe-matowe-drzwi-szklane.jpg;scripts/output/images/sklenene-dvere/dvere-s-hlinikovou-zarubni/SklS-0300.jpg;ok
SklS-0301;Skleněné dveře > Dveře s hliníkovou zárubní;https://qubaglass.pl/environment/cache/images/productGfx_14849_700_700/drzwi-szklane-brazowe-w-futrynie-aluminiowej-futryna-aluminiowa.jpg;scripts/output/images/sklenene-dvere/dvere-s-hlinikovou-zarubni/SklS-0301.jpg;ok
SklS-0302;Skleněné dveře > Dveře s hliníkovou zárubní;https://qubaglass.pl/environment/cache/images/productGfx_14848_700_700/drzwi-szklane-brazowe-matowe-w-futrynie.jpg;scripts/output/images/sklenene-dvere/dvere-s-hlinikovou-zarubni/SklS-0302.jpg;ok
SklS-0303;Skleněné dveře > Dveře s hliníkovou zárubní;https://qubaglass.pl/environment/cache/images/productGfx_14818_700_700/drzwi-szklane-z-futryna-alumniowa-bezbarwne.png;scripts/output/images/sklenene-dvere/dvere-s-hlinikovou-zarubni/SklS-0303.png;ok
SklS-0304;Skleněné dveře > Dveře s hliníkovou zárubní;https://qubaglass.pl/environment/cache/images/productGfx_14845_700_700/drzwi-ze-szkla-szklane-czarna-futryna.jpg;scripts/output/images/sklenene-dvere/dvere-s-hlinikovou-zarubni/SklS-0304.jpg;ok
SklS-0305;Skleněné dveře > Dveře s hliníkovou zárubní;https://qubaglass.pl/environment/cache/images/productGfx_14844_700_700/drzwi-szklane-biale-aluminiowa-futryna.jpg;scripts/output/images/sklenene-dvere/dvere-s-hlinikovou-zarubni/SklS-0305.jpg;ok
SklS-0306;Skleněné dveře > Dveře s hliníkovou zárubní;https://qubaglass.pl/environment/cache/images/productGfx_14847_700_700/drzwi-szklane-biale-w-futrynie-czarnej.jpg;scripts/output/images/sklenene-dvere/dvere-s-hlinikovou-zarubni/SklS-0306.jpg;ok
SklS-0307;Skleněné dveře > Dveře s hliníkovou zárubní;https://qubaglass.pl/environment/cache/images/productGfx_14842_700_700/drzwi-szklane-z-futryna-alumniowa-szprosy.jpg;scripts/output/images/sklenene-dvere/dvere-s-hlinikovou-zarubni/SklS-0307.jpg;ok
SklS-0308;Skleněné dveře > Dveře s hliníkovou zárubní;https://qubaglass.pl/environment/cache/images/productGfx_14841_700_700/drzwi-szklane-qubaglass-w-futrynie-alumniowej-szprosy.jpg;scripts/output/images/sklenene-dvere/dvere-s-hlinikovou-zarubni/SklS-0308.jpg;ok
SklS-0309;Skleněné dveře > Dveře s hliníkovou zárubní;https://qubaglass.pl/environment/cache/images/productGfx_14854_700_700/drzwi-szklane-futryna-alumniowa-czarne.jpg;scripts/output/images/sklenene-dvere/dvere-s-hlinikovou-zarubni/SklS-0309.jpg;ok
SklS-0310;Skleněné dveře > Dveře s hliníkovou zárubní;https://qubaglass.pl/environment/cache/images/productGfx_14855_700_700/drzwi-ze-szkla-fenickie-lustrzane-qubaglass.jpg;scripts/output/images/sklenene-dvere/dvere-s-hlinikovou-zarubni/SklS-0310.jpg;ok
SklS-0311;Skleněné dveře > Dveře s hliníkovou zárubní;https://qubaglass.pl/environment/cache/images/productGfx_14834_700_700/drzwi-bezbarwne-do-sauny-w-futrynie-alumniowej.png;scripts/output/images/sklenene-dvere/dvere-s-hlinikovou-zarubni/SklS-0311.png;ok
SklS-0312;Skleněné dveře > Dveře s hliníkovou zárubní;https://qubaglass.pl/environment/cache/images/productGfx_14833_700_700/grafitowe-drzwi-do-sauny.png;scripts/output/images/sklenene-dvere/dvere-s-hlinikovou-zarubni/SklS-0312.png;ok
SklS-0313;Skleněné dveře > Dveře s hliníkovou zárubní;https://qubaglass.pl/environment/cache/images/productGfx_14832_700_700/brazowe-szklane-drzwi-w-futrynie-aluminiowej.png;scripts/output/images/sklenene-dvere/dvere-s-hlinikovou-zarubni/SklS-0313.png;ok
SklS-0314;Skleněné dveře > Linie Luxe;https://qubaglass.pl/environment/cache/images/productGfx_1046_700_700/5627ef74720cc2eadb442f3c2f25c3de.jpg;scripts/output/images/sklenene-dvere/linie-luxe/SklS-0314.jpg;ok
SklS-0315;Skleněné dveře > Linie Luxe;https://qubaglass.pl/environment/cache/images/productGfx_1042_700_700/8c28833bdd64db7811fd48124e9d4f6e.jpg;scripts/output/images/sklenene-dvere/linie-luxe/SklS-0315.jpg;ok
SklS-0316;Skleněné dveře > Rock Glass – industriální linie;https://qubaglass.pl/environment/cache/images/productGfx_15099_700_700/drzwi-szklane-rock-glass-bezbarwne.jpg;scripts/output/images/sklenene-dvere/rock-glass-industrialni-linie/SklS-0316.jpg;ok
SklS-0317;Skleněné dveře > Rock Glass – industriální linie;https://qubaglass.pl/environment/cache/images/productGfx_15103_700_700/czarne-drzwi-szklane-rock-glass-laminowane.jpg;scripts/output/images/sklenene-dvere/rock-glass-industrialni-linie/SklS-0317.jpg;ok
SklS-0318;Skleněné dveře > Rock Glass – industriální linie;https://qubaglass.pl/environment/cache/images/productGfx_15102_700_700/drzwi-szklane-ze-szprosami-rock-glass-loft.jpg;scripts/output/images/sklenene-dvere/rock-glass-industrialni-linie/SklS-0318.jpg;ok
SklS-0319;Skleněné dveře > Rock Glass – industriální linie;https://qubaglass.pl/environment/cache/images/productGfx_15115_700_700/biale-drzwi-szklane-rock-glass-laminowane.jpg;scripts/output/images/sklenene-dvere/rock-glass-industrialni-linie/SklS-0319.jpg;ok
SklS-0320;Skleněné dveře > Rock Glass – industriální linie;https://qubaglass.pl/environment/cache/images/productGfx_15104_700_700/drzwi-szklane-matowe-rock-glass-przesuwne.jpg;scripts/output/images/sklenene-dvere/rock-glass-industrialni-linie/SklS-0320.jpg;ok
SklS-0321;Skleněné dveře > Rock Glass – industriální linie;https://qubaglass.pl/environment/cache/images/productGfx_15151_700_700/drzwi-szklane-podwojne-rock-glass-biale.jpg;scripts/output/images/sklenene-dvere/rock-glass-industrialni-linie/SklS-0321.jpg;ok
SklS-0322;Skleněné dveře > Rock Glass – industriální linie;https://qubaglass.pl/environment/cache/images/productGfx_15135_700_700/drzwi-szklane-podwojne-czarne-rock-glass.jpg;scripts/output/images/sklenene-dvere/rock-glass-industrialni-linie/SklS-0322.jpg;ok
SklS-0323;Skleněné dveře > Rock Glass – industriální linie;https://qubaglass.pl/environment/cache/images/productGfx_15107_700_700/e.jpg;scripts/output/images/sklenene-dvere/rock-glass-industrialni-linie/SklS-0323.jpg;ok
SklS-0324;Skleněné dveře > Rock Glass – industriální linie;https://qubaglass.pl/environment/cache/images/productGfx_15161_700_700/drzwi-szklane-rock-glass-matowe-podwojne.jpg;scripts/output/images/sklenene-dvere/rock-glass-industrialni-linie/SklS-0324.jpg;ok
SklS-0325;Skleněné dveře > Skleněné příčky a zabudování;https://qubaglass.pl/environment/cache/images/productGfx_15418_700_700/zabudowa-szklana-ze-sciankami-stalymi-qubaglass.png;scripts/output/images/sklenene-dvere/sklenene-pricky-a-zabudovani/SklS-0325.png;ok
SklS-0326;Skleněné dveře > Skleněné příčky a zabudování;https://qubaglass.pl/environment/cache/images/productGfx_15420_700_700/zabudowa-szklana-drzwi-szklane-scianki-stale-qubaglass-na-wymiar.png;scripts/output/images/sklenene-dvere/sklenene-pricky-a-zabudovani/SklS-0326.png;ok
SklS-0327;Skleněné dveře > Skleněné příčky a zabudování;https://qubaglass.pl/environment/cache/images/productGfx_15422_700_700/zabudowa-ze-szkla-sciany-szklane-scianki-ze-szkla.png;scripts/output/images/sklenene-dvere/sklenene-pricky-a-zabudovani/SklS-0327.png;ok
SklS-0328;Skleněné dveře > Skleněné příčky a zabudování;https://qubaglass.pl/environment/cache/images/productGfx_15430_700_700/zabudowa-szklana-zabudowy-szklane-czarne-szklo-czarne-drzwi.png;scripts/output/images/sklenene-dvere/sklenene-pricky-a-zabudovani/SklS-0328.png;ok
SklS-0329;Skleněné dveře > Skleněné příčky a zabudování;https://qubaglass.pl/environment/cache/images/productGfx_15417_700_700/drzwi-szklane-w-zabudowie-szklanej-scianka-stala.png;scripts/output/images/sklenene-dvere/sklenene-pricky-a-zabudovani/SklS-0329.png;ok
SklS-0330;Skleněné dveře > Skleněné příčky a zabudování;https://qubaglass.pl/environment/cache/images/productGfx_15428_700_700/zabudowa-szklana-zabudowa-sypialni-przeszklenie.png;scripts/output/images/sklenene-dvere/sklenene-pricky-a-zabudovani/SklS-0330.png;ok
SklS-0331;Skleněné dveře > Skleněné příčky a zabudování;https://qubaglass.pl/environment/cache/images/productGfx_15432_700_700/przeszklenie-sauny-sauna-zabudowa-szklana.png;scripts/output/images/sklenene-dvere/sklenene-pricky-a-zabudovani/SklS-0331.png;ok
SklS-0332;Skleněné dveře > Skladem – rychlá expedice;https://qubaglass.pl/environment/cache/images/productGfx_15274_700_700/bezbarwne-drzwi-szklane-qubaglass.jpg;scripts/output/images/sklenene-dvere/skladem-rychla-expedice/SklS-0332.jpg;ok
SklS-0333;Skleněné dveře > Skladem – rychlá expedice;https://qubaglass.pl/environment/cache/images/productGfx_15182_700_700/drzwi-szklane-przesuwne-matowe-design-lux.jpg;scripts/output/images/sklenene-dvere/skladem-rychla-expedice/SklS-0333.jpg;ok
SklS-0334;Skleněné dveře > Skladem – rychlá expedice;https://qubaglass.pl/environment/cache/images/productGfx_15276_700_700/drzwi-szklane-design-lux-z-pasami-matowy-wzor.jpg;scripts/output/images/sklenene-dvere/skladem-rychla-expedice/SklS-0334.jpg;ok
SklS-0335;Skleněné dveře > Skladem – rychlá expedice;https://qubaglass.pl/environment/cache/images/productGfx_15277_700_700/drzwi-szklane-design-lux-paski-zwezajace-sie-qubaglass.jpg;scripts/output/images/sklenene-dvere/skladem-rychla-expedice/SklS-0335.jpg;ok
SklS-0336;Skleněné dveře > Skladem – rychlá expedice;https://qubaglass.pl/environment/cache/images/productGfx_15278_700_700/drzwi-z-pasami-czarny-system-qubaglass.jpg;scripts/output/images/sklenene-dvere/skladem-rychla-expedice/SklS-0336.jpg;ok
SklS-0337;Skleněné dveře > Skladem – rychlá expedice;https://qubaglass.pl/environment/cache/images/productGfx_15181_700_700/drzwi-design-z-paskami-matowymi.jpg;scripts/output/images/sklenene-dvere/skladem-rychla-expedice/SklS-0337.jpg;ok
SklS-0338;Skleněné dveře > Skladem – rychlá expedice;https://qubaglass.pl/environment/cache/images/productGfx_15279_700_700/matowe-drzwi-design-z-bialym-systemem-qg.jpg;scripts/output/images/sklenene-dvere/skladem-rychla-expedice/SklS-0338.jpg;ok
SklS-0339;Skleněné dveře > Skladem – rychlá expedice;https://qubaglass.pl/environment/cache/images/productGfx_4372_700_700/drzwi_szklane_w_kasecie_kol_110.jpg;scripts/output/images/sklenene-dvere/skladem-rychla-expedice/SklS-0339.jpg;ok
SklS-0340;Skleněné dveře > Skladem – rychlá expedice;https://qubaglass.pl/environment/cache/images/productGfx_4369_700_700/kaseta_estima_wzor_matowy_q-06.jpg;scripts/output/images/sklenene-dvere/skladem-rychla-expedice/SklS-0340.jpg;ok
SklS-0341;Skleněné dveře > Skladem – rychlá expedice;https://qubaglass.pl/environment/cache/images/productGfx_4371_700_700/drzwi_w_kasecie_estima_wzor_q_106.jpg;scripts/output/images/sklenene-dvere/skladem-rychla-expedice/SklS-0341.jpg;ok
SklS-0342;Skleněné dveře > Skladem – rychlá expedice;https://qubaglass.pl/environment/cache/images/productGfx_15235_700_700/drzwi-szklane-z-wzorem-matowym-qubaglass.jpg;scripts/output/images/sklenene-dvere/skladem-rychla-expedice/SklS-0342.jpg;ok
SklS-0343;Skleněné dveře > Skladem – rychlá expedice;https://qubaglass.pl/environment/cache/images/productGfx_15236_700_700/Q-110-drzwi-design-z-lux-z-wzorem.jpg;scripts/output/images/sklenene-dvere/skladem-rychla-expedice/SklS-0343.jpg;ok
SklS-0344;Skleněné dveře > Skladem – rychlá expedice;https://qubaglass.pl/environment/cache/images/productGfx_15234_700_700/drzwi-szklane-z-wzorem-matowym.jpg;scripts/output/images/sklenene-dvere/skladem-rychla-expedice/SklS-0344.jpg;ok
SklS-0345;Skleněné dveře > Skladem – rychlá expedice;https://qubaglass.pl/environment/cache/images/productGfx_15233_700_700/Q-106-drzwi-szklane-z-wzorem-matowym.jpg;scripts/output/images/sklenene-dvere/skladem-rychla-expedice/SklS-0345.jpg;ok
SklS-0346;Skleněné dveře > Vzory skla > Barevné vzory skla;https://qubaglass.pl/environment/cache/images/productGfx_3579_700_700/dcb90ccab1e873000af5fdd5a06c3fe5.jpg;scripts/output/images/sklenene-dvere/vzory-skla/barevne-vzory-skla/SklS-0346.jpg;ok
SklS-0347;Skleněné dveře > Vzory skla > Barevné vzory skla;https://qubaglass.pl/environment/cache/images/productGfx_3580_700_700/e2472ad179254887b3c2410bb729b525.jpg;scripts/output/images/sklenene-dvere/vzory-skla/barevne-vzory-skla/SklS-0347.jpg;ok
SklS-0348;Skleněné dveře > Vzory skla > Barevné vzory skla;https://qubaglass.pl/environment/cache/images/productGfx_3581_700_700/a236408a323d25237c01e96e1d54315b.jpg;scripts/output/images/sklenene-dvere/vzory-skla/barevne-vzory-skla/SklS-0348.jpg;ok
SklS-0349;Skleněné dveře > Vzory skla > Barevné vzory skla;https://qubaglass.pl/environment/cache/images/productGfx_3582_700_700/d9acd501c854cf043e3dcac228fde4dd.jpg;scripts/output/images/sklenene-dvere/vzory-skla/barevne-vzory-skla/SklS-0349.jpg;ok
SklS-0350;Skleněné dveře > Vzory skla > Barevné vzory skla;https://qubaglass.pl/environment/cache/images/productGfx_3583_700_700/8f42c09e5b47723085457a5af6d918bf.jpg;scripts/output/images/sklenene-dvere/vzory-skla/barevne-vzory-skla/SklS-0350.jpg;ok
SklS-0351;Skleněné dveře > Vzory skla > Barevné vzory skla;https://qubaglass.pl/environment/cache/images/productGfx_3584_700_700/1685d59175c8eb187f04b5820b69f8ff.jpg;scripts/output/images/sklenene-dvere/vzory-skla/barevne-vzory-skla/SklS-0351.jpg;ok
SklS-0352;Skleněné dveře > Vzory skla > Barevné vzory skla;https://qubaglass.pl/environment/cache/images/productGfx_3585_700_700/9b4f05ca4285c2361c02904d05e7853a.jpg;scripts/output/images/sklenene-dvere/vzory-skla/barevne-vzory-skla/SklS-0352.jpg;ok
SklS-0353;Skleněné dveře > Vzory skla > Barevné vzory skla;https://qubaglass.pl/environment/cache/images/productGfx_3586_700_700/cac42d5f0e8f1f2182b9945a6ff437c6.jpg;scripts/output/images/sklenene-dvere/vzory-skla/barevne-vzory-skla/SklS-0353.jpg;ok
SklS-0354;Skleněné dveře > Vzory skla > Barevné vzory skla;https://qubaglass.pl/environment/cache/images/productGfx_3587_700_700/6849f32f835417b476bb61e1364f499c.jpg;scripts/output/images/sklenene-dvere/vzory-skla/barevne-vzory-skla/SklS-0354.jpg;ok
SklS-0355;Skleněné dveře > Vzory skla > Barevné vzory skla;https://qubaglass.pl/environment/cache/images/productGfx_3588_700_700/685fdf2f0453a6505787bfb802056a1f.jpg;scripts/output/images/sklenene-dvere/vzory-skla/barevne-vzory-skla/SklS-0355.jpg;ok
SklS-0356;Skleněné dveře > Vzory skla > Barevné vzory skla;https://qubaglass.pl/environment/cache/images/productGfx_3589_700_700/fc53229d65a6ee9c1c6aa70cd42d8f03.jpg;scripts/output/images/sklenene-dvere/vzory-skla/barevne-vzory-skla/SklS-0356.jpg;ok
SklS-0357;Skleněné dveře > Vzory skla > Barevné vzory skla;https://qubaglass.pl/environment/cache/images/productGfx_3590_700_700/2ad1aaaf248a7a070842845981fe44e0.jpg;scripts/output/images/sklenene-dvere/vzory-skla/barevne-vzory-skla/SklS-0357.jpg;ok
SklS-0358;Skleněné dveře > Vzory skla > Barevné vzory skla;https://qubaglass.pl/environment/cache/images/productGfx_3591_700_700/4bcf92e9d8860730cb2ec01e6bf1fee8.jpg;scripts/output/images/sklenene-dvere/vzory-skla/barevne-vzory-skla/SklS-0358.jpg;ok
SklS-0359;Skleněné dveře > Vzory skla > Barevné vzory skla;https://qubaglass.pl/environment/cache/images/productGfx_3592_700_700/83d9272719045824c022740ae2773f25.jpg;scripts/output/images/sklenene-dvere/vzory-skla/barevne-vzory-skla/SklS-0359.jpg;ok
SklS-0360;Skleněné dveře > Vzory skla > Barevné vzory skla;https://qubaglass.pl/environment/cache/images/productGfx_3593_700_700/0f454fbfb3ee17135730c8351af2a32d.jpg;scripts/output/images/sklenene-dvere/vzory-skla/barevne-vzory-skla/SklS-0360.jpg;ok
SklS-0361;Skleněné dveře > Vzory skla > Barevné vzory skla;https://qubaglass.pl/environment/cache/images/productGfx_3594_700_700/b7ece966e5af9769dd89a2f3d6884362.jpg;scripts/output/images/sklenene-dvere/vzory-skla/barevne-vzory-skla/SklS-0361.jpg;ok
SklS-0362;Skleněné dveře > Vzory skla > Barevné vzory skla;https://qubaglass.pl/environment/cache/images/productGfx_3595_700_700/f5649b81b9eed0a2cbba2440ce32a9cf.jpg;scripts/output/images/sklenene-dvere/vzory-skla/barevne-vzory-skla/SklS-0362.jpg;ok
SklS-0363;Skleněné dveře > Vzory skla > Barevné vzory skla;https://qubaglass.pl/environment/cache/images/productGfx_3596_700_700/c1b76b18b0a7b1514dec922cf1eda87d.jpg;scripts/output/images/sklenene-dvere/vzory-skla/barevne-vzory-skla/SklS-0363.jpg;ok
SklS-0364;Skleněné dveře > Vzory skla > Barevné vzory skla;https://qubaglass.pl/environment/cache/images/productGfx_3597_700_700/b183764d17756d64b39fe8c9787b19cb.jpg;scripts/output/images/sklenene-dvere/vzory-skla/barevne-vzory-skla/SklS-0364.jpg;ok
SklS-0365;Skleněné dveře > Vzory skla > Barevné vzory skla;https://qubaglass.pl/environment/cache/images/productGfx_3598_700_700/206bac4ae034aaac63d3675dd0ed93df.jpg;scripts/output/images/sklenene-dvere/vzory-skla/barevne-vzory-skla/SklS-0365.jpg;ok
SklS-0366;Skleněné dveře > Vzory skla > Barevné vzory skla;https://qubaglass.pl/environment/cache/images/productGfx_3599_700_700/c19e6b38fae014858cabc6d235c70712.jpg;scripts/output/images/sklenene-dvere/vzory-skla/barevne-vzory-skla/SklS-0366.jpg;ok
SklS-0367;Skleněné dveře > Vzory skla > Barevné vzory skla;https://qubaglass.pl/environment/cache/images/productGfx_3600_700_700/dfdc21dbabfea9a7601fbf7a3c9dc6f8.jpg;scripts/output/images/sklenene-dvere/vzory-skla/barevne-vzory-skla/SklS-0367.jpg;ok
SklS-0368;Skleněné dveře > Vzory skla > Barevné vzory skla;https://qubaglass.pl/environment/cache/images/productGfx_3601_700_700/074285ae39f50c3f869d2583cbaf8acf.jpg;scripts/output/images/sklenene-dvere/vzory-skla/barevne-vzory-skla/SklS-0368.jpg;ok
SklS-0369;Skleněné dveře > Vzory skla > Barevné vzory skla;https://qubaglass.pl/environment/cache/images/productGfx_3602_700_700/b8ac142d56b7b294e3471b636444a426.jpg;scripts/output/images/sklenene-dvere/vzory-skla/barevne-vzory-skla/SklS-0369.jpg;ok
SklS-0370;Skleněné dveře > Vzory skla > Barevné vzory skla;https://qubaglass.pl/environment/cache/images/productGfx_3603_700_700/cc254087f07fb45f6c7ddcf857791607.jpg;scripts/output/images/sklenene-dvere/vzory-skla/barevne-vzory-skla/SklS-0370.jpg;ok
SklS-0371;Skleněné dveře > Vzory skla > Barevné vzory skla;https://qubaglass.pl/environment/cache/images/productGfx_3604_700_700/e406a6d4fbe81152527345ead50e81c7.jpg;scripts/output/images/sklenene-dvere/vzory-skla/barevne-vzory-skla/SklS-0371.jpg;ok
SklS-0372;Skleněné dveře > Vzory skla > Barevné vzory skla;https://qubaglass.pl/environment/cache/images/productGfx_3605_700_700/f1d8b43727e6c8aa17f535183f8df9a5.jpg;scripts/output/images/sklenene-dvere/vzory-skla/barevne-vzory-skla/SklS-0372.jpg;ok
SklS-0373;Skleněné dveře > Vzory skla > Barevné vzory skla;https://qubaglass.pl/environment/cache/images/productGfx_3606_700_700/5c490fe9d1c3de059c2f568c363c4bc1.jpg;scripts/output/images/sklenene-dvere/vzory-skla/barevne-vzory-skla/SklS-0373.jpg;ok
SklS-0374;Skleněné dveře > Vzory skla > Barevné vzory skla;https://qubaglass.pl/environment/cache/images/productGfx_3607_700_700/045b5d7a2d50b56cd8d15e1ae2dc7d5b.jpg;scripts/output/images/sklenene-dvere/vzory-skla/barevne-vzory-skla/SklS-0374.jpg;ok
SklS-0375;Skleněné dveře > Vzory skla > Barevné vzory skla;https://qubaglass.pl/environment/cache/images/productGfx_3608_700_700/b98cdf152eeec179bf3cbd904a982d8f.jpg;scripts/output/images/sklenene-dvere/vzory-skla/barevne-vzory-skla/SklS-0375.jpg;ok
SklS-0376;Skleněné dveře > Vzory skla > Barevné vzory skla;https://qubaglass.pl/environment/cache/images/productGfx_3609_700_700/3378317fb98b91d3d4141381441babe8.jpg;scripts/output/images/sklenene-dvere/vzory-skla/barevne-vzory-skla/SklS-0376.jpg;ok
SklS-0377;Skleněné dveře > Vzory skla > Barevné vzory skla;https://qubaglass.pl/environment/cache/images/productGfx_3610_700_700/bcf6e169207e6596a7c4c9d11c9de7f8.jpg;scripts/output/images/sklenene-dvere/vzory-skla/barevne-vzory-skla/SklS-0377.jpg;ok
SklS-0378;Skleněné dveře > Vzory skla > Barevné vzory skla;https://qubaglass.pl/environment/cache/images/productGfx_3611_700_700/26833e56abdb8f855457079c0209c2ae.jpg;scripts/output/images/sklenene-dvere/vzory-skla/barevne-vzory-skla/SklS-0378.jpg;ok
SklS-0379;Skleněné dveře > Vzory skla > Barevné vzory skla;https://qubaglass.pl/environment/cache/images/productGfx_3612_700_700/602873fe5e9b3907922326f5893513e0.jpg;scripts/output/images/sklenene-dvere/vzory-skla/barevne-vzory-skla/SklS-0379.jpg;ok
SklS-0380;Skleněné dveře > Vzory skla > Barevné vzory skla;https://qubaglass.pl/environment/cache/images/productGfx_3613_700_700/c26e3b2da3d9537813a069bddfe94515.jpg;scripts/output/images/sklenene-dvere/vzory-skla/barevne-vzory-skla/SklS-0380.jpg;ok
SklS-0381;Skleněné dveře > Vzory skla > Barevné vzory skla;https://qubaglass.pl/environment/cache/images/productGfx_3614_700_700/ff2ea6f19e873b548f2f301a29313bc8.jpg;scripts/output/images/sklenene-dvere/vzory-skla/barevne-vzory-skla/SklS-0381.jpg;ok
SklS-0382;Skleněné dveře > Vzory skla > Barevné vzory skla;https://qubaglass.pl/environment/cache/images/productGfx_3615_700_700/703a8837cae9c6272cc656e1837ddba1.jpg;scripts/output/images/sklenene-dvere/vzory-skla/barevne-vzory-skla/SklS-0382.jpg;ok
SklS-0383;Skleněné dveře > Vzory skla > Barevné vzory skla;https://qubaglass.pl/environment/cache/images/productGfx_3616_700_700/0707d0f74f1d048188b139ab9856e130.jpg;scripts/output/images/sklenene-dvere/vzory-skla/barevne-vzory-skla/SklS-0383.jpg;ok
SklS-0384;Skleněné dveře > Vzory skla > Barevné vzory skla;https://qubaglass.pl/environment/cache/images/productGfx_3617_700_700/c5ef08ca4b0b1712a09f37aaadb407de.jpg;scripts/output/images/sklenene-dvere/vzory-skla/barevne-vzory-skla/SklS-0384.jpg;ok
SklS-0385;Skleněné dveře > Vzory skla > Barevné vzory skla;https://qubaglass.pl/environment/cache/images/productGfx_3618_700_700/d71c0f268bd16fc65b27da04c77a6b74.jpg;scripts/output/images/sklenene-dvere/vzory-skla/barevne-vzory-skla/SklS-0385.jpg;ok
SklS-0386;Skleněné dveře > Vzory skla > Barevné vzory skla;https://qubaglass.pl/environment/cache/images/productGfx_3619_700_700/95adb745067da5029ff639dae07a1126.jpg;scripts/output/images/sklenene-dvere/vzory-skla/barevne-vzory-skla/SklS-0386.jpg;ok
SklS-0387;Skleněné dveře > Vzory skla > Barevné vzory skla;https://qubaglass.pl/environment/cache/images/productGfx_3620_700_700/098347a8a5ae765e6bc353e12d83b26e.jpg;scripts/output/images/sklenene-dvere/vzory-skla/barevne-vzory-skla/SklS-0387.jpg;ok
SklS-0388;Skleněné dveře > Vzory skla > Barevné vzory skla;https://qubaglass.pl/environment/cache/images/productGfx_3621_700_700/ab95a7c1489ba2fc25efb0d51f351995.jpg;scripts/output/images/sklenene-dvere/vzory-skla/barevne-vzory-skla/SklS-0388.jpg;ok
SklS-0389;Skleněné dveře > Vzory skla > Barevné vzory skla;https://qubaglass.pl/environment/cache/images/productGfx_922_700_700/19c78cb4664dbf2346a88d629f03926d.jpg;scripts/output/images/sklenene-dvere/vzory-skla/barevne-vzory-skla/SklS-0389.jpg;ok
SklS-0390;Skleněné dveře > Vzory skla > Barevné vzory skla;https://qubaglass.pl/environment/cache/images/productGfx_3623_700_700/2bd7a3eab53e1797eb5bd8ee3fed3d2a.jpg;scripts/output/images/sklenene-dvere/vzory-skla/barevne-vzory-skla/SklS-0390.jpg;ok
SklS-0391;Skleněné dveře > Vzory skla > Barevné vzory skla;https://qubaglass.pl/environment/cache/images/productGfx_3622_700_700/838de34dc2d56caac786c799ac3fb669.jpg;scripts/output/images/sklenene-dvere/vzory-skla/barevne-vzory-skla/SklS-0391.jpg;ok
SklS-0392;Skleněné dveře > Vzory skla > Barevné vzory skla;https://qubaglass.pl/environment/cache/images/productGfx_3624_700_700/9471229b74cb26765db20b5d66fbd54b.jpg;scripts/output/images/sklenene-dvere/vzory-skla/barevne-vzory-skla/SklS-0392.jpg;ok
SklS-0393;Skleněné dveře > Vzory skla > Barevné vzory skla;https://qubaglass.pl/environment/cache/images/productGfx_3625_700_700/4db891116fd52147df98c9ae87bc53d7.jpg;scripts/output/images/sklenene-dvere/vzory-skla/barevne-vzory-skla/SklS-0393.jpg;ok
SklS-0394;Skleněné dveře > Vzory skla > Barevné vzory skla;https://qubaglass.pl/environment/cache/images/productGfx_3626_700_700/ddbd4d82ae461495242e3d5851031149.jpg;scripts/output/images/sklenene-dvere/vzory-skla/barevne-vzory-skla/SklS-0394.jpg;ok
SklS-0395;Skleněné dveře > Vzory skla > Barevné vzory skla;https://qubaglass.pl/environment/cache/images/productGfx_3627_700_700/d583888a39a81072bbe740f95b99d207.jpg;scripts/output/images/sklenene-dvere/vzory-skla/barevne-vzory-skla/SklS-0395.jpg;ok
SklS-0396;Skleněné dveře > Vzory skla > Barevné vzory skla;https://qubaglass.pl/environment/cache/images/productGfx_3628_700_700/4b5451ff31c40eb465e515ae140f1d9b.jpg;scripts/output/images/sklenene-dvere/vzory-skla/barevne-vzory-skla/SklS-0396.jpg;ok
SklS-0397;Skleněné dveře > Vzory skla > Barevné vzory skla;https://qubaglass.pl/environment/cache/images/productGfx_3629_700_700/af9308b2190049cc5c86b38659adb7a6.jpg;scripts/output/images/sklenene-dvere/vzory-skla/barevne-vzory-skla/SklS-0397.jpg;ok
SklS-0398;Skleněné dveře > Vzory skla > Barevné vzory skla;https://qubaglass.pl/environment/cache/images/productGfx_3630_700_700/5ff4df7ac8f10e367d2a4b8314e612ca.jpg;scripts/output/images/sklenene-dvere/vzory-skla/barevne-vzory-skla/SklS-0398.jpg;ok
SklS-0399;Skleněné dveře > Vzory skla > Barevné vzory skla;https://qubaglass.pl/environment/cache/images/productGfx_3631_700_700/c75b1e199d0341265006be31bd911316.jpg;scripts/output/images/sklenene-dvere/vzory-skla/barevne-vzory-skla/SklS-0399.jpg;ok
SklS-0400;Skleněné dveře > Vzory skla > Barevné vzory skla;https://qubaglass.pl/environment/cache/images/productGfx_3632_700_700/b3d9a5be1fe6ed89e9c1610204bcb7be.jpg;scripts/output/images/sklenene-dvere/vzory-skla/barevne-vzory-skla/SklS-0400.jpg;ok
SklS-0401;Skleněné dveře > Vzory skla > Barevné vzory skla;https://qubaglass.pl/environment/cache/images/productGfx_3633_700_700/082adb61875ea97fb66fd0c226626849.jpg;scripts/output/images/sklenene-dvere/vzory-skla/barevne-vzory-skla/SklS-0401.jpg;ok
SklS-0402;Skleněné dveře > Vzory skla > Barevné vzory skla;https://qubaglass.pl/environment/cache/images/productGfx_3634_700_700/eb9b4c91c573c74434ce1e4b7dbbaa14.jpg;scripts/output/images/sklenene-dvere/vzory-skla/barevne-vzory-skla/SklS-0402.jpg;ok
SklS-0403;Skleněné dveře > Vzory skla > Barevné vzory skla;https://qubaglass.pl/environment/cache/images/productGfx_3635_700_700/a80f508ab21d1360239778967093c7a1.jpg;scripts/output/images/sklenene-dvere/vzory-skla/barevne-vzory-skla/SklS-0403.jpg;ok
SklS-0404;Skleněné dveře > Vzory skla > Barevné vzory skla;https://qubaglass.pl/environment/cache/images/productGfx_3636_700_700/f7f2d66b7c8296f7128589c8e370cae6.jpg;scripts/output/images/sklenene-dvere/vzory-skla/barevne-vzory-skla/SklS-0404.jpg;ok
SklS-0405;Skleněné dveře > Vzory skla > Barevné vzory skla;https://qubaglass.pl/environment/cache/images/productGfx_3637_700_700/d17e08ce54e793aea5cbbc9d6b293ff9.jpg;scripts/output/images/sklenene-dvere/vzory-skla/barevne-vzory-skla/SklS-0405.jpg;ok
SklS-0406;Skleněné dveře > Vzory skla > Barevné vzory skla;https://qubaglass.pl/environment/cache/images/productGfx_3638_700_700/285c42ff73184b75294277a4cc5ed612.jpg;scripts/output/images/sklenene-dvere/vzory-skla/barevne-vzory-skla/SklS-0406.jpg;ok
SklS-0407;Skleněné dveře > Vzory skla > Barevné vzory skla;https://qubaglass.pl/environment/cache/images/productGfx_3639_700_700/08486c6c25f6724f2787440fe75490c1.jpg;scripts/output/images/sklenene-dvere/vzory-skla/barevne-vzory-skla/SklS-0407.jpg;ok
SklS-0408;Skleněné dveře > Vzory skla > Barevné vzory skla;https://qubaglass.pl/environment/cache/images/productGfx_3640_700_700/9cd05e46f00cecfb0109ba81bd9c5e83.jpg;scripts/output/images/sklenene-dvere/vzory-skla/barevne-vzory-skla/SklS-0408.jpg;ok
SklS-0409;Skleněné dveře > Vzory skla > Barevné vzory skla;https://qubaglass.pl/environment/cache/images/productGfx_3641_700_700/041700e412fa720cb6ebd0216f8bd4bf.jpg;scripts/output/images/sklenene-dvere/vzory-skla/barevne-vzory-skla/SklS-0409.jpg;ok
SklS-0410;Skleněné dveře > Vzory skla > Barevné vzory skla;https://qubaglass.pl/environment/cache/images/productGfx_3642_700_700/5dccc6ebb24ea7f76bc45f1b25ebb5a6.jpg;scripts/output/images/sklenene-dvere/vzory-skla/barevne-vzory-skla/SklS-0410.jpg;ok
SklS-0411;Skleněné dveře > Vzory skla > Barevné vzory skla;https://qubaglass.pl/environment/cache/images/productGfx_3643_700_700/8cffa9af7a2c5a7c2ece6d0845186a8f.jpg;scripts/output/images/sklenene-dvere/vzory-skla/barevne-vzory-skla/SklS-0411.jpg;ok
SklS-0412;Skleněné dveře > Vzory skla > Barevné vzory skla;https://qubaglass.pl/environment/cache/images/productGfx_3644_700_700/354ad104ebc59819724db932945f59aa.jpg;scripts/output/images/sklenene-dvere/vzory-skla/barevne-vzory-skla/SklS-0412.jpg;ok
SklS-0413;Skleněné dveře > Vzory skla > Barevné vzory skla;https://qubaglass.pl/environment/cache/images/productGfx_3645_700_700/b3525f134cceeb4a973a6613cbaf6bfa.jpg;scripts/output/images/sklenene-dvere/vzory-skla/barevne-vzory-skla/SklS-0413.jpg;ok
SklS-0414;Skleněné dveře > Vzory skla > Barevné vzory skla;https://qubaglass.pl/environment/cache/images/productGfx_3646_700_700/b221a1990c3b07d72bc87c66dcd61ca3.jpg;scripts/output/images/sklenene-dvere/vzory-skla/barevne-vzory-skla/SklS-0414.jpg;ok
SklS-0415;Skleněné dveře > Vzory skla > Barevné vzory skla;https://qubaglass.pl/environment/cache/images/productGfx_3647_700_700/38c688fef67dd4257e6d8b51f4f20b22.jpg;scripts/output/images/sklenene-dvere/vzory-skla/barevne-vzory-skla/SklS-0415.jpg;ok
SklS-0416;Skleněné dveře > Vzory skla > Barevné vzory skla;https://qubaglass.pl/environment/cache/images/productGfx_3648_700_700/64ee128ea4cbfc3d791606bf4dd83261.jpg;scripts/output/images/sklenene-dvere/vzory-skla/barevne-vzory-skla/SklS-0416.jpg;ok
SklS-0417;Skleněné dveře > Vzory skla > Barevné vzory skla;https://qubaglass.pl/environment/cache/images/productGfx_3649_700_700/b3701a8ebb1edad460a84edbb0278604.jpg;scripts/output/images/sklenene-dvere/vzory-skla/barevne-vzory-skla/SklS-0417.jpg;ok
SklS-0418;Skleněné dveře > Vzory skla > Barevné vzory skla;https://qubaglass.pl/environment/cache/images/productGfx_3650_700_700/0ed57221623db8404f34e066fe70aaaf.jpg;scripts/output/images/sklenene-dvere/vzory-skla/barevne-vzory-skla/SklS-0418.jpg;ok
SklS-0419;Skleněné dveře > Vzory skla > Barevné vzory skla;https://qubaglass.pl/environment/cache/images/productGfx_3651_700_700/375012fc7b41dbbd4c9d0d056fdac4b8.jpg;scripts/output/images/sklenene-dvere/vzory-skla/barevne-vzory-skla/SklS-0419.jpg;ok
SklS-0420;Skleněné dveře > Vzory skla > Barevné vzory skla;https://qubaglass.pl/environment/cache/images/productGfx_3652_700_700/bb4043c8bd96c0f1025fa3cda6742f52.jpg;scripts/output/images/sklenene-dvere/vzory-skla/barevne-vzory-skla/SklS-0420.jpg;ok
SklS-0421;Skleněné dveře > Vzory skla > Barevné vzory skla;https://qubaglass.pl/environment/cache/images/productGfx_9888_700_700/grafika_KOL_076.jpg;scripts/output/images/sklenene-dvere/vzory-skla/barevne-vzory-skla/SklS-0421.jpg;ok
SklS-0422;Skleněné dveře > Vzory skla > Barevné vzory skla;https://qubaglass.pl/environment/cache/images/productGfx_3653_700_700/086bc724ab224d5dcc60ad9841983d8c.jpg;scripts/output/images/sklenene-dvere/vzory-skla/barevne-vzory-skla/SklS-0422.jpg;ok
SklS-0423;Skleněné dveře > Vzory skla > Barevné vzory skla;https://qubaglass.pl/environment/cache/images/productGfx_3654_700_700/a63e35cd96fd90c90073dd717218c847.jpg;scripts/output/images/sklenene-dvere/vzory-skla/barevne-vzory-skla/SklS-0423.jpg;ok
SklS-0424;Skleněné dveře > Vzory skla > Barevné vzory skla;https://qubaglass.pl/environment/cache/images/productGfx_3655_700_700/9c451e38d3e04e3849f7e58419098431.jpg;scripts/output/images/sklenene-dvere/vzory-skla/barevne-vzory-skla/SklS-0424.jpg;ok
SklS-0425;Skleněné dveře > Vzory skla > Barevné vzory skla;https://qubaglass.pl/environment/cache/images/productGfx_3656_700_700/7eb2927a87fd723794329dd1183a5fa1.jpg;scripts/output/images/sklenene-dvere/vzory-skla/barevne-vzory-skla/SklS-0425.jpg;ok
SklS-0426;Skleněné dveře > Vzory skla > Barevné vzory skla;https://qubaglass.pl/environment/cache/images/productGfx_3657_700_700/85a5aae2b7cddc338772cd3600f52748.jpg;scripts/output/images/sklenene-dvere/vzory-skla/barevne-vzory-skla/SklS-0426.jpg;ok
SklS-0427;Skleněné dveře > Vzory skla > Barevné vzory skla;https://qubaglass.pl/environment/cache/images/productGfx_3658_700_700/d4ed5005b2bead4cae58389d28072225.jpg;scripts/output/images/sklenene-dvere/vzory-skla/barevne-vzory-skla/SklS-0427.jpg;ok
SklS-0428;Skleněné dveře > Vzory skla > Barevné vzory skla;https://qubaglass.pl/environment/cache/images/productGfx_3659_700_700/d6862b1ebe538d4e711f6c8d972de648.jpg;scripts/output/images/sklenene-dvere/vzory-skla/barevne-vzory-skla/SklS-0428.jpg;ok
SklS-0429;Skleněné dveře > Vzory skla > Barevné vzory skla;https://qubaglass.pl/environment/cache/images/productGfx_3660_700_700/9d28311bbec8f638119dddbe21255907.jpg;scripts/output/images/sklenene-dvere/vzory-skla/barevne-vzory-skla/SklS-0429.jpg;ok
SklS-0430;Skleněné dveře > Vzory skla > Barevné vzory skla;https://qubaglass.pl/environment/cache/images/productGfx_3661_700_700/973c96925eb16756712a852e22eb9bc2.jpg;scripts/output/images/sklenene-dvere/vzory-skla/barevne-vzory-skla/SklS-0430.jpg;ok
SklS-0431;Skleněné dveře > Vzory skla > Barevné vzory skla;https://qubaglass.pl/environment/cache/images/productGfx_3662_700_700/6555b6816a672f1fe6f346c59816df2e.jpg;scripts/output/images/sklenene-dvere/vzory-skla/barevne-vzory-skla/SklS-0431.jpg;ok
SklS-0432;Skleněné dveře > Vzory skla > Barevné vzory skla;https://qubaglass.pl/environment/cache/images/productGfx_9889_700_700/grafika_KOL_087.jpg;scripts/output/images/sklenene-dvere/vzory-skla/barevne-vzory-skla/SklS-0432.jpg;ok
SklS-0433;Skleněné dveře > Vzory skla > Barevné vzory skla;https://qubaglass.pl/environment/cache/images/productGfx_3664_700_700/9f14d9b7a16a626eb4500d964d33b638.jpg;scripts/output/images/sklenene-dvere/vzory-skla/barevne-vzory-skla/SklS-0433.jpg;ok
SklS-0434;Skleněné dveře > Vzory skla > Barevné vzory skla;https://qubaglass.pl/environment/cache/images/productGfx_3665_700_700/74220d32c02b45edb78ad31b0dd3f0a9.jpg;scripts/output/images/sklenene-dvere/vzory-skla/barevne-vzory-skla/SklS-0434.jpg;ok
SklS-0435;Skleněné dveře > Vzory skla > Barevné vzory skla;https://qubaglass.pl/environment/cache/images/productGfx_9890_700_700/grafika_KOL_090.jpg;scripts/output/images/sklenene-dvere/vzory-skla/barevne-vzory-skla/SklS-0435.jpg;ok
SklS-0436;Skleněné dveře > Vzory skla > Barevné vzory skla;https://qubaglass.pl/environment/cache/images/productGfx_3667_700_700/9dec5a3c78e15318d1120b1904ec09d3.jpg;scripts/output/images/sklenene-dvere/vzory-skla/barevne-vzory-skla/SklS-0436.jpg;ok
SklS-0437;Skleněné dveře > Vzory skla > Barevné vzory skla;https://qubaglass.pl/environment/cache/images/productGfx_3668_700_700/d935f85d2342bf8f3030b56a921b1e04.jpg;scripts/output/images/sklenene-dvere/vzory-skla/barevne-vzory-skla/SklS-0437.jpg;ok
SklS-0438;Skleněné dveře > Vzory skla > Barevné vzory skla;https://qubaglass.pl/environment/cache/images/productGfx_3669_700_700/339e1a24751220891e58819cb89a08d4.jpg;scripts/output/images/sklenene-dvere/vzory-skla/barevne-vzory-skla/SklS-0438.jpg;ok
SklS-0439;Skleněné dveře > Vzory skla > Barevné vzory skla;https://qubaglass.pl/environment/cache/images/productGfx_3670_700_700/5351acf7d061c69e06cd1c6f655de87d.jpg;scripts/output/images/sklenene-dvere/vzory-skla/barevne-vzory-skla/SklS-0439.jpg;ok
SklS-0440;Skleněné dveře > Vzory skla > Barevné vzory skla;https://qubaglass.pl/environment/cache/images/productGfx_3671_700_700/b5c22dfd6ad94aae4d443a89353b2e66.jpg;scripts/output/images/sklenene-dvere/vzory-skla/barevne-vzory-skla/SklS-0440.jpg;ok
SklS-0441;Skleněné dveře > Vzory skla > Barevné vzory skla;https://qubaglass.pl/environment/cache/images/productGfx_3672_700_700/fab95f96cb9ce6d609d302b3fb5a750b.jpg;scripts/output/images/sklenene-dvere/vzory-skla/barevne-vzory-skla/SklS-0441.jpg;ok
SklS-0442;Skleněné dveře > Vzory skla > Barevné vzory skla;https://qubaglass.pl/environment/cache/images/productGfx_3673_700_700/2361b5824b9565d6e45272a0b856304b.jpg;scripts/output/images/sklenene-dvere/vzory-skla/barevne-vzory-skla/SklS-0442.jpg;ok
SklS-0443;Skleněné dveře > Vzory skla > Barevné vzory skla;https://qubaglass.pl/environment/cache/images/productGfx_3674_700_700/38da816cf7ac9b0dcee3e432745159ae.jpg;scripts/output/images/sklenene-dvere/vzory-skla/barevne-vzory-skla/SklS-0443.jpg;ok
SklS-0444;Skleněné dveře > Vzory skla > Barevné vzory skla;https://qubaglass.pl/environment/cache/images/productGfx_3675_700_700/92a2843f7aa5e402b85a48e17b6d7cc7.jpg;scripts/output/images/sklenene-dvere/vzory-skla/barevne-vzory-skla/SklS-0444.jpg;ok
SklS-0445;Skleněné dveře > Vzory skla > Barevné vzory skla;https://qubaglass.pl/environment/cache/images/productGfx_3676_700_700/8e8ee6cc532c91305f37e25060ce6244.jpg;scripts/output/images/sklenene-dvere/vzory-skla/barevne-vzory-skla/SklS-0445.jpg;ok
SklS-0446;Skleněné dveře > Vzory skla > Barevné vzory skla;https://qubaglass.pl/environment/cache/images/productGfx_3770_700_700/578dde2b5c6b34a4f1e1c9bed362131e.jpg;scripts/output/images/sklenene-dvere/vzory-skla/barevne-vzory-skla/SklS-0446.jpg;ok
SklS-0447;Skleněné dveře > Vzory skla > Barevné vzory skla;https://qubaglass.pl/environment/cache/images/productGfx_3769_700_700/9a05da0593685385935b824c5114ec02.jpg;scripts/output/images/sklenene-dvere/vzory-skla/barevne-vzory-skla/SklS-0447.jpg;ok
SklS-0448;Skleněné dveře > Vzory skla > Barevné vzory skla;https://qubaglass.pl/environment/cache/images/productGfx_3771_700_700/783c66d654106d5cb1be269cba1710d7.jpg;scripts/output/images/sklenene-dvere/vzory-skla/barevne-vzory-skla/SklS-0448.jpg;ok
SklS-0449;Skleněné dveře > Vzory skla > Barevné vzory skla;https://qubaglass.pl/environment/cache/images/productGfx_3754_700_700/4df55caac9d12debb00162ed5d7c9a2c.jpg;scripts/output/images/sklenene-dvere/vzory-skla/barevne-vzory-skla/SklS-0449.jpg;ok
SklS-0450;Skleněné dveře > Vzory skla > Barevné vzory skla;https://qubaglass.pl/environment/cache/images/productGfx_6101_700_700/grafika_KOL_104.jpg;scripts/output/images/sklenene-dvere/vzory-skla/barevne-vzory-skla/SklS-0450.jpg;ok
SklS-0451;Skleněné dveře > Vzory skla > Barevné vzory skla;https://qubaglass.pl/environment/cache/images/productGfx_6102_700_700/grafika_KOL_105.jpg;scripts/output/images/sklenene-dvere/vzory-skla/barevne-vzory-skla/SklS-0451.jpg;ok
SklS-0452;Skleněné dveře > Vzory skla > Barevné vzory skla;https://qubaglass.pl/environment/cache/images/productGfx_6103_700_700/grafika_KOL_106.jpg;scripts/output/images/sklenene-dvere/vzory-skla/barevne-vzory-skla/SklS-0452.jpg;ok
SklS-0453;Skleněné dveře > Vzory skla > Barevné vzory skla;https://qubaglass.pl/environment/cache/images/productGfx_6104_700_700/grafika_KOL_107.jpg;scripts/output/images/sklenene-dvere/vzory-skla/barevne-vzory-skla/SklS-0453.jpg;ok
SklS-0454;Skleněné dveře > Vzory skla > Barevné vzory skla;https://qubaglass.pl/environment/cache/images/productGfx_6105_700_700/grafika_KOL_108.jpg;scripts/output/images/sklenene-dvere/vzory-skla/barevne-vzory-skla/SklS-0454.jpg;ok
SklS-0455;Skleněné dveře > Vzory skla > Barevné vzory skla;https://qubaglass.pl/environment/cache/images/productGfx_6106_700_700/grafika_KOL_109.jpg;scripts/output/images/sklenene-dvere/vzory-skla/barevne-vzory-skla/SklS-0455.jpg;ok
SklS-0456;Skleněné dveře > Vzory skla > Barevné vzory skla;https://qubaglass.pl/environment/cache/images/productGfx_6107_700_700/grafika_KOL_110.jpg;scripts/output/images/sklenene-dvere/vzory-skla/barevne-vzory-skla/SklS-0456.jpg;ok
SklS-0457;Skleněné dveře > Vzory skla > Barevné vzory skla;https://qubaglass.pl/environment/cache/images/productGfx_6109_700_700/grafika_KOL_112.jpg;scripts/output/images/sklenene-dvere/vzory-skla/barevne-vzory-skla/SklS-0457.jpg;ok
SklS-0458;Skleněné dveře > Vzory skla > Barevné vzory skla;https://qubaglass.pl/environment/cache/images/productGfx_6110_700_700/grafika_KOL_113.jpg;scripts/output/images/sklenene-dvere/vzory-skla/barevne-vzory-skla/SklS-0458.jpg;ok
SklS-0459;Skleněné dveře > Vzory skla > Barevné vzory skla;https://qubaglass.pl/environment/cache/images/productGfx_6111_700_700/grafika_KOL_114.jpg;scripts/output/images/sklenene-dvere/vzory-skla/barevne-vzory-skla/SklS-0459.jpg;ok
SklS-0460;Skleněné dveře > Vzory skla > Barevné vzory skla;https://qubaglass.pl/environment/cache/images/productGfx_6112_700_700/grafika_KOL_115.jpg;scripts/output/images/sklenene-dvere/vzory-skla/barevne-vzory-skla/SklS-0460.jpg;ok
SklS-0461;Skleněné dveře > Vzory skla > Barevné vzory skla;https://qubaglass.pl/environment/cache/images/productGfx_7114_700_700/grafika_KOL_116.jpg;scripts/output/images/sklenene-dvere/vzory-skla/barevne-vzory-skla/SklS-0461.jpg;ok
SklS-0462;Skleněné dveře > Vzory skla > Barevné vzory skla;https://qubaglass.pl/environment/cache/images/productGfx_6114_700_700/grafika_KOL_117.jpg;scripts/output/images/sklenene-dvere/vzory-skla/barevne-vzory-skla/SklS-0462.jpg;ok
SklS-0463;Skleněné dveře > Vzory skla > Barevné vzory skla;https://qubaglass.pl/environment/cache/images/productGfx_6115_700_700/grafika_KOL_118.jpg;scripts/output/images/sklenene-dvere/vzory-skla/barevne-vzory-skla/SklS-0463.jpg;ok
SklS-0464;Skleněné dveře > Vzory skla > Barevné vzory skla;https://qubaglass.pl/environment/cache/images/productGfx_6116_700_700/grafika_KOL_119.jpg;scripts/output/images/sklenene-dvere/vzory-skla/barevne-vzory-skla/SklS-0464.jpg;ok
SklS-0465;Skleněné dveře > Vzory skla > Barevné vzory skla;https://qubaglass.pl/environment/cache/images/productGfx_6117_700_700/grafika_KOL_120.jpg;scripts/output/images/sklenene-dvere/vzory-skla/barevne-vzory-skla/SklS-0465.jpg;ok
SklS-0466;Skleněné dveře > Vzory skla > Barevné vzory skla;https://qubaglass.pl/environment/cache/images/productGfx_6118_700_700/grafika_KOL_121.jpg;scripts/output/images/sklenene-dvere/vzory-skla/barevne-vzory-skla/SklS-0466.jpg;ok
SklS-0467;Skleněné dveře > Vzory skla > Barevné vzory skla;https://qubaglass.pl/environment/cache/images/productGfx_6119_700_700/grafika_KOL_122.jpg;scripts/output/images/sklenene-dvere/vzory-skla/barevne-vzory-skla/SklS-0467.jpg;ok
SklS-0468;Skleněné dveře > Vzory skla > Barevné vzory skla;https://qubaglass.pl/environment/cache/images/productGfx_7087_700_700/grafika_KOL_123.jpg;scripts/output/images/sklenene-dvere/vzory-skla/barevne-vzory-skla/SklS-0468.jpg;ok
SklS-0469;Skleněné dveře > Vzory skla > Barevné vzory skla;https://qubaglass.pl/environment/cache/images/productGfx_7090_700_700/grafika_KOL_124.jpg;scripts/output/images/sklenene-dvere/vzory-skla/barevne-vzory-skla/SklS-0469.jpg;ok
SklS-0470;Skleněné dveře > Vzory skla > Barevné vzory skla;https://qubaglass.pl/environment/cache/images/productGfx_7092_700_700/grafika_KOL_125.jpg;scripts/output/images/sklenene-dvere/vzory-skla/barevne-vzory-skla/SklS-0470.jpg;ok
SklS-0471;Skleněné dveře > Vzory skla > Barevné vzory skla;https://qubaglass.pl/environment/cache/images/productGfx_7094_700_700/grafika_KOL_126.jpg;scripts/output/images/sklenene-dvere/vzory-skla/barevne-vzory-skla/SklS-0471.jpg;ok
SklS-0472;Skleněné dveře > Vzory skla > Barevné vzory skla;https://qubaglass.pl/environment/cache/images/productGfx_7096_700_700/grafika_KOL_127.jpg;scripts/output/images/sklenene-dvere/vzory-skla/barevne-vzory-skla/SklS-0472.jpg;ok
SklS-0473;Skleněné dveře > Vzory skla > Barevné vzory skla;https://qubaglass.pl/environment/cache/images/productGfx_7098_700_700/grafika_KOL_128.jpg;scripts/output/images/sklenene-dvere/vzory-skla/barevne-vzory-skla/SklS-0473.jpg;ok
SklS-0474;Skleněné dveře > Vzory skla > Barevné vzory skla;https://qubaglass.pl/environment/cache/images/productGfx_7100_700_700/grafika_KOL_129.jpg;scripts/output/images/sklenene-dvere/vzory-skla/barevne-vzory-skla/SklS-0474.jpg;ok
SklS-0475;Skleněné dveře > Vzory skla > Barevné vzory skla;https://qubaglass.pl/environment/cache/images/productGfx_7102_700_700/grafika_KOL_130.jpg;scripts/output/images/sklenene-dvere/vzory-skla/barevne-vzory-skla/SklS-0475.jpg;ok
SklS-0476;Skleněné dveře > Vzory skla > Barevné vzory skla;https://qubaglass.pl/environment/cache/images/productGfx_7104_700_700/grafika_KOL_131.jpg;scripts/output/images/sklenene-dvere/vzory-skla/barevne-vzory-skla/SklS-0476.jpg;ok
SklS-0477;Skleněné dveře > Vzory skla > Barevné vzory skla;https://qubaglass.pl/environment/cache/images/productGfx_7106_700_700/grafika_KOL_132.jpg;scripts/output/images/sklenene-dvere/vzory-skla/barevne-vzory-skla/SklS-0477.jpg;ok
SklS-0478;Skleněné dveře > Vzory skla > Barevné vzory skla;https://qubaglass.pl/environment/cache/images/productGfx_7108_700_700/grafika_KOL_133.jpg;scripts/output/images/sklenene-dvere/vzory-skla/barevne-vzory-skla/SklS-0478.jpg;ok
SklS-0479;Skleněné dveře > Vzory skla > Barevné vzory skla;https://qubaglass.pl/environment/cache/images/productGfx_7110_700_700/grafika_KOL_134.jpg;scripts/output/images/sklenene-dvere/vzory-skla/barevne-vzory-skla/SklS-0479.jpg;ok
SklS-0480;Skleněné dveře > Vzory skla > Barevné vzory skla;https://qubaglass.pl/environment/cache/images/productGfx_7112_700_700/grafika_KOL_135.jpg;scripts/output/images/sklenene-dvere/vzory-skla/barevne-vzory-skla/SklS-0480.jpg;ok
SklS-0481;Skleněné dveře > Vzory skla > Barevné vzory skla;https://qubaglass.pl/environment/cache/images/productGfx_7116_700_700/grafika_KOL_136.jpg;scripts/output/images/sklenene-dvere/vzory-skla/barevne-vzory-skla/SklS-0481.jpg;ok
SklS-0482;Skleněné dveře > Vzory skla > Barevné vzory skla;https://qubaglass.pl/environment/cache/images/productGfx_7118_700_700/grafika_KOL_137.jpg;scripts/output/images/sklenene-dvere/vzory-skla/barevne-vzory-skla/SklS-0482.jpg;ok
SklS-0483;Skleněné dveře > Vzory skla > Barevné vzory skla;https://qubaglass.pl/environment/cache/images/productGfx_7120_700_700/grafika_KOL_138.jpg;scripts/output/images/sklenene-dvere/vzory-skla/barevne-vzory-skla/SklS-0483.jpg;ok
SklS-0484;Skleněné dveře > Vzory skla > Barevné vzory skla;https://qubaglass.pl/environment/cache/images/productGfx_7122_700_700/grafika_KOL_139.jpg;scripts/output/images/sklenene-dvere/vzory-skla/barevne-vzory-skla/SklS-0484.jpg;ok
SklS-0485;Skleněné dveře > Vzory skla > Barevné vzory skla;https://qubaglass.pl/environment/cache/images/productGfx_7124_700_700/grafika_KOL_140.jpg;scripts/output/images/sklenene-dvere/vzory-skla/barevne-vzory-skla/SklS-0485.jpg;ok
SklS-0486;Skleněné dveře > Vzory skla > Barevné vzory skla;https://qubaglass.pl/environment/cache/images/productGfx_9216_700_700/grafika_kol_141.jpg;scripts/output/images/sklenene-dvere/vzory-skla/barevne-vzory-skla/SklS-0486.jpg;ok
SklS-0487;Skleněné dveře > Vzory skla > Barevné vzory skla;https://qubaglass.pl/environment/cache/images/productGfx_9218_700_700/grafika_kol_142.jpg;scripts/output/images/sklenene-dvere/vzory-skla/barevne-vzory-skla/SklS-0487.jpg;ok
SklS-0488;Skleněné dveře > Vzory skla > Barevné vzory skla;https://qubaglass.pl/environment/cache/images/productGfx_9220_700_700/grafika_kol_143.jpg;scripts/output/images/sklenene-dvere/vzory-skla/barevne-vzory-skla/SklS-0488.jpg;ok
SklS-0489;Skleněné dveře > Vzory skla > Barevné vzory skla;https://qubaglass.pl/environment/cache/images/productGfx_9222_700_700/grafika_kol_144.jpg;scripts/output/images/sklenene-dvere/vzory-skla/barevne-vzory-skla/SklS-0489.jpg;ok
SklS-0490;Skleněné dveře > Vzory skla > Barevné vzory skla;https://qubaglass.pl/environment/cache/images/productGfx_9224_700_700/grafika_kol_145.jpg;scripts/output/images/sklenene-dvere/vzory-skla/barevne-vzory-skla/SklS-0490.jpg;ok
SklS-0491;Skleněné dveře > Vzory skla > Barevné vzory skla;https://qubaglass.pl/environment/cache/images/productGfx_9226_700_700/grafika_kol_146.jpg;scripts/output/images/sklenene-dvere/vzory-skla/barevne-vzory-skla/SklS-0491.jpg;ok
SklS-0492;Skleněné dveře > Vzory skla > Barevné vzory skla;https://qubaglass.pl/environment/cache/images/productGfx_9228_700_700/grafika_kol_147.jpg;scripts/output/images/sklenene-dvere/vzory-skla/barevne-vzory-skla/SklS-0492.jpg;ok
SklS-0493;Skleněné dveře > Vzory skla > Barevné vzory skla;https://qubaglass.pl/environment/cache/images/productGfx_9230_700_700/grafika_kol_148.jpg;scripts/output/images/sklenene-dvere/vzory-skla/barevne-vzory-skla/SklS-0493.jpg;ok
SklS-0494;Skleněné dveře > Vzory skla > Barevné vzory skla;https://qubaglass.pl/environment/cache/images/productGfx_9232_700_700/grafika_kol_149.jpg;scripts/output/images/sklenene-dvere/vzory-skla/barevne-vzory-skla/SklS-0494.jpg;ok
SklS-0495;Skleněné dveře > Vzory skla > Barevné vzory skla;https://qubaglass.pl/environment/cache/images/productGfx_9887_700_700/grafika_kol_150.jpg;scripts/output/images/sklenene-dvere/vzory-skla/barevne-vzory-skla/SklS-0495.jpg;ok
SklS-0496;Skleněné dveře > Vzory skla > Barevné vzory skla;https://qubaglass.pl/environment/cache/images/productGfx_9892_700_700/grafika_KOL_151.jpg;scripts/output/images/sklenene-dvere/vzory-skla/barevne-vzory-skla/SklS-0496.jpg;ok
SklS-0497;Skleněné dveře > Vzory skla > Barevné vzory skla;https://qubaglass.pl/environment/cache/images/productGfx_9894_700_700/grafika_KOL_152.jpg;scripts/output/images/sklenene-dvere/vzory-skla/barevne-vzory-skla/SklS-0497.jpg;ok
SklS-0498;Skleněné dveře > Vzory skla > Barevné vzory skla;https://qubaglass.pl/environment/cache/images/productGfx_9896_700_700/grafikaa_KOL_153.jpg;scripts/output/images/sklenene-dvere/vzory-skla/barevne-vzory-skla/SklS-0498.jpg;ok
SklS-0499;Skleněné dveře > Vzory skla > Matné vzory skla;https://qubaglass.pl/environment/cache/images/productGfx_621_700_700/a644b3acac228db9df1da1a9de16f8e5.jpg;scripts/output/images/sklenene-dvere/vzory-skla/matne-vzory-skla/SklS-0499.jpg;ok
SklS-0500;Skleněné dveře > Vzory skla > Matné vzory skla;https://qubaglass.pl/environment/cache/images/productGfx_625_700_700/2e9c018bf0e2fe8cfe771e58c1012355.jpg;scripts/output/images/sklenene-dvere/vzory-skla/matne-vzory-skla/SklS-0500.jpg;ok
SklS-0501;Skleněné dveře > Vzory skla > Matné vzory skla;https://qubaglass.pl/environment/cache/images/productGfx_629_700_700/f33b8ff0a7b230f64886e8fa43b2cba0.jpg;scripts/output/images/sklenene-dvere/vzory-skla/matne-vzory-skla/SklS-0501.jpg;ok
SklS-0502;Skleněné dveře > Vzory skla > Matné vzory skla;https://qubaglass.pl/environment/cache/images/productGfx_633_700_700/b8e3eccc15feac041f4e65923468eecb.jpg;scripts/output/images/sklenene-dvere/vzory-skla/matne-vzory-skla/SklS-0502.jpg;ok
SklS-0503;Skleněné dveře > Vzory skla > Matné vzory skla;https://qubaglass.pl/environment/cache/images/productGfx_637_700_700/6c09b119a4bc24adf0bc4af6da5dd591.jpg;scripts/output/images/sklenene-dvere/vzory-skla/matne-vzory-skla/SklS-0503.jpg;ok
SklS-0504;Skleněné dveře > Vzory skla > Matné vzory skla;https://qubaglass.pl/environment/cache/images/productGfx_641_700_700/d4f2506a84227f60ebdd9b73093ea1a4.jpg;scripts/output/images/sklenene-dvere/vzory-skla/matne-vzory-skla/SklS-0504.jpg;ok
SklS-0505;Skleněné dveře > Vzory skla > Matné vzory skla;https://qubaglass.pl/environment/cache/images/productGfx_645_700_700/e9729baa58fbb05e245dea25253837ff.jpg;scripts/output/images/sklenene-dvere/vzory-skla/matne-vzory-skla/SklS-0505.jpg;ok
SklS-0506;Skleněné dveře > Vzory skla > Matné vzory skla;https://qubaglass.pl/environment/cache/images/productGfx_649_700_700/459434af65a6162f899bdb1ed872d7d2.jpg;scripts/output/images/sklenene-dvere/vzory-skla/matne-vzory-skla/SklS-0506.jpg;ok
SklS-0507;Skleněné dveře > Vzory skla > Matné vzory skla;https://qubaglass.pl/environment/cache/images/productGfx_653_700_700/acc9dab2234630ee0ad80d4e77e183ef.jpg;scripts/output/images/sklenene-dvere/vzory-skla/matne-vzory-skla/SklS-0507.jpg;ok
SklS-0508;Skleněné dveře > Vzory skla > Matné vzory skla;https://qubaglass.pl/environment/cache/images/productGfx_657_700_700/e8ff30ecccc01045b0a604982c18e1ad.jpg;scripts/output/images/sklenene-dvere/vzory-skla/matne-vzory-skla/SklS-0508.jpg;ok
SklS-0509;Skleněné dveře > Vzory skla > Matné vzory skla;https://qubaglass.pl/environment/cache/images/productGfx_661_700_700/8537e11a93a85e7b0d1e4d509531bc21.jpg;scripts/output/images/sklenene-dvere/vzory-skla/matne-vzory-skla/SklS-0509.jpg;ok
SklS-0510;Skleněné dveře > Vzory skla > Matné vzory skla;https://qubaglass.pl/environment/cache/images/productGfx_665_700_700/c4510eaf8f9f22878c16911e32196f8e.jpg;scripts/output/images/sklenene-dvere/vzory-skla/matne-vzory-skla/SklS-0510.jpg;ok
SklS-0511;Skleněné dveře > Vzory skla > Matné vzory skla;https://qubaglass.pl/environment/cache/images/productGfx_669_700_700/17aaf32149eb19f43efe89eb25cf4233.jpg;scripts/output/images/sklenene-dvere/vzory-skla/matne-vzory-skla/SklS-0511.jpg;ok
SklS-0512;Skleněné dveře > Vzory skla > Matné vzory skla;https://qubaglass.pl/environment/cache/images/productGfx_673_700_700/737a83234ebcc44e1843c8c4641677a1.jpg;scripts/output/images/sklenene-dvere/vzory-skla/matne-vzory-skla/SklS-0512.jpg;ok
SklS-0513;Skleněné dveře > Vzory skla > Matné vzory skla;https://qubaglass.pl/environment/cache/images/productGfx_677_700_700/4c30891be6f3b5a57aacc4c11f7d60aa.jpg;scripts/output/images/sklenene-dvere/vzory-skla/matne-vzory-skla/SklS-0513.jpg;ok
SklS-0514;Skleněné dveře > Vzory skla > Matné vzory skla;https://qubaglass.pl/environment/cache/images/productGfx_681_700_700/0f21f1fd98cb3344a1840a9719f48be1.jpg;scripts/output/images/sklenene-dvere/vzory-skla/matne-vzory-skla/SklS-0514.jpg;ok
SklS-0515;Skleněné dveře > Vzory skla > Matné vzory skla;https://qubaglass.pl/environment/cache/images/productGfx_685_700_700/f90b896347b88534bb62fc1c3b4c0023.jpg;scripts/output/images/sklenene-dvere/vzory-skla/matne-vzory-skla/SklS-0515.jpg;ok
SklS-0516;Skleněné dveře > Vzory skla > Matné vzory skla;https://qubaglass.pl/environment/cache/images/productGfx_689_700_700/32a124891ce6d03169a0d55ecccc2d08.jpg;scripts/output/images/sklenene-dvere/vzory-skla/matne-vzory-skla/SklS-0516.jpg;ok
SklS-0517;Skleněné dveře > Vzory skla > Matné vzory skla;https://qubaglass.pl/environment/cache/images/productGfx_693_700_700/533dc1e7d6d4eb872395265f65ed439c.jpg;scripts/output/images/sklenene-dvere/vzory-skla/matne-vzory-skla/SklS-0517.jpg;ok
SklS-0518;Skleněné dveře > Vzory skla > Matné vzory skla;https://qubaglass.pl/environment/cache/images/productGfx_697_700_700/eb726190b9789c3daffe9a00a45e4b9c.jpg;scripts/output/images/sklenene-dvere/vzory-skla/matne-vzory-skla/SklS-0518.jpg;ok
SklS-0519;Skleněné dveře > Vzory skla > Matné vzory skla;https://qubaglass.pl/environment/cache/images/productGfx_701_700_700/c4a33ab59cfa1272e1ad75b65f4c8d95.jpg;scripts/output/images/sklenene-dvere/vzory-skla/matne-vzory-skla/SklS-0519.jpg;ok
SklS-0520;Skleněné dveře > Vzory skla > Matné vzory skla;https://qubaglass.pl/environment/cache/images/productGfx_443_700_700/44416a65f674a60e3284895266dbafce.jpg;scripts/output/images/sklenene-dvere/vzory-skla/matne-vzory-skla/SklS-0520.jpg;ok
SklS-0521;Skleněné dveře > Vzory skla > Matné vzory skla;https://qubaglass.pl/environment/cache/images/productGfx_447_700_700/2d45803dfa24a74b12bdf5b0a67e9333.jpg;scripts/output/images/sklenene-dvere/vzory-skla/matne-vzory-skla/SklS-0521.jpg;ok
SklS-0522;Skleněné dveře > Vzory skla > Matné vzory skla;https://qubaglass.pl/environment/cache/images/productGfx_451_700_700/4c4769d13ff68dfa6c9c413b65930b03.jpg;scripts/output/images/sklenene-dvere/vzory-skla/matne-vzory-skla/SklS-0522.jpg;ok
SklS-0523;Skleněné dveře > Vzory skla > Matné vzory skla;https://qubaglass.pl/environment/cache/images/productGfx_455_700_700/956983e7b46d136ecc762cb594bff381.jpg;scripts/output/images/sklenene-dvere/vzory-skla/matne-vzory-skla/SklS-0523.jpg;ok
SklS-0524;Skleněné dveře > Vzory skla > Matné vzory skla;https://qubaglass.pl/environment/cache/images/productGfx_459_700_700/d1bf2f9909c0de5fc4cbfaef03721d13.jpg;scripts/output/images/sklenene-dvere/vzory-skla/matne-vzory-skla/SklS-0524.jpg;ok
SklS-0525;Skleněné dveře > Vzory skla > Matné vzory skla;https://qubaglass.pl/environment/cache/images/productGfx_463_700_700/17a234521425c4c3129d2ca1216fb37a.jpg;scripts/output/images/sklenene-dvere/vzory-skla/matne-vzory-skla/SklS-0525.jpg;ok
SklS-0526;Skleněné dveře > Vzory skla > Matné vzory skla;https://qubaglass.pl/environment/cache/images/productGfx_467_700_700/2a6575fb846aa0a85e76700343d2d1ae.jpg;scripts/output/images/sklenene-dvere/vzory-skla/matne-vzory-skla/SklS-0526.jpg;ok
SklS-0527;Skleněné dveře > Vzory skla > Matné vzory skla;https://qubaglass.pl/environment/cache/images/productGfx_471_700_700/0828424f401512e1a4f3f87aaba56c8d.jpg;scripts/output/images/sklenene-dvere/vzory-skla/matne-vzory-skla/SklS-0527.jpg;ok
SklS-0528;Skleněné dveře > Vzory skla > Matné vzory skla;https://qubaglass.pl/environment/cache/images/productGfx_475_700_700/9c98934f7a2d3a8366d9d219fb0e2c40.jpg;scripts/output/images/sklenene-dvere/vzory-skla/matne-vzory-skla/SklS-0528.jpg;ok
SklS-0529;Skleněné dveře > Vzory skla > Matné vzory skla;https://qubaglass.pl/environment/cache/images/productGfx_479_700_700/19ae8cb02a7dbe79351140d3f5bcd378.jpg;scripts/output/images/sklenene-dvere/vzory-skla/matne-vzory-skla/SklS-0529.jpg;ok
SklS-0530;Skleněné dveře > Vzory skla > Matné vzory skla;https://qubaglass.pl/environment/cache/images/productGfx_483_700_700/2f4c58583bcd4689c97d4d7f0ceb8666.jpg;scripts/output/images/sklenene-dvere/vzory-skla/matne-vzory-skla/SklS-0530.jpg;ok
SklS-0531;Skleněné dveře > Vzory skla > Matné vzory skla;https://qubaglass.pl/environment/cache/images/productGfx_487_700_700/3b5f913a49165197e8c766d1ceb4eafd.jpg;scripts/output/images/sklenene-dvere/vzory-skla/matne-vzory-skla/SklS-0531.jpg;ok
SklS-0532;Skleněné dveře > Vzory skla > Matné vzory skla;https://qubaglass.pl/environment/cache/images/productGfx_491_700_700/2758466e17b7af360f5e0e036f4def5c.jpg;scripts/output/images/sklenene-dvere/vzory-skla/matne-vzory-skla/SklS-0532.jpg;ok
SklS-0533;Skleněné dveře > Vzory skla > Matné vzory skla;https://qubaglass.pl/environment/cache/images/productGfx_495_700_700/e519e52303947fc31efbca7cc88c1f2a.jpg;scripts/output/images/sklenene-dvere/vzory-skla/matne-vzory-skla/SklS-0533.jpg;ok
SklS-0534;Skleněné dveře > Vzory skla > Matné vzory skla;https://qubaglass.pl/environment/cache/images/productGfx_499_700_700/4582c37c33f4cd902260b2d38c2f5238.jpg;scripts/output/images/sklenene-dvere/vzory-skla/matne-vzory-skla/SklS-0534.jpg;ok
SklS-0535;Skleněné dveře > Vzory skla > Matné vzory skla;https://qubaglass.pl/environment/cache/images/productGfx_503_700_700/1ff696489c56a76feebe90095e2de493.jpg;scripts/output/images/sklenene-dvere/vzory-skla/matne-vzory-skla/SklS-0535.jpg;ok
SklS-0536;Skleněné dveře > Vzory skla > Matné vzory skla;https://qubaglass.pl/environment/cache/images/productGfx_507_700_700/0d97ecc2ebc3580414ae89fe7035da82.jpg;scripts/output/images/sklenene-dvere/vzory-skla/matne-vzory-skla/SklS-0536.jpg;ok
SklS-0537;Skleněné dveře > Vzory skla > Matné vzory skla;https://qubaglass.pl/environment/cache/images/productGfx_511_700_700/21b480f7d25465d8a9642a833fb24717.jpg;scripts/output/images/sklenene-dvere/vzory-skla/matne-vzory-skla/SklS-0537.jpg;ok
SklS-0538;Skleněné dveře > Vzory skla > Matné vzory skla;https://qubaglass.pl/environment/cache/images/productGfx_515_700_700/f6eb6ef2c500852a0eaf151851b37630.jpg;scripts/output/images/sklenene-dvere/vzory-skla/matne-vzory-skla/SklS-0538.jpg;ok
SklS-0539;Skleněné dveře > Vzory skla > Matné vzory skla;https://qubaglass.pl/environment/cache/images/productGfx_519_700_700/e8a3ee9198e32b11947d11a2797e7c57.jpg;scripts/output/images/sklenene-dvere/vzory-skla/matne-vzory-skla/SklS-0539.jpg;ok
SklS-0540;Skleněné dveře > Vzory skla > Matné vzory skla;https://qubaglass.pl/environment/cache/images/productGfx_523_700_700/8fd3f9d1a65b6ca97cc0e6fcca2b3d5a.jpg;scripts/output/images/sklenene-dvere/vzory-skla/matne-vzory-skla/SklS-0540.jpg;ok
SklS-0541;Skleněné dveře > Vzory skla > Matné vzory skla;https://qubaglass.pl/environment/cache/images/productGfx_527_700_700/8a4e4dcc0507e5c22118908edbd7a329.jpg;scripts/output/images/sklenene-dvere/vzory-skla/matne-vzory-skla/SklS-0541.jpg;ok
SklS-0542;Skleněné dveře > Vzory skla > Matné vzory skla;https://qubaglass.pl/environment/cache/images/productGfx_531_700_700/1aa16b79ec5ca7b4192b016122d1473c.jpg;scripts/output/images/sklenene-dvere/vzory-skla/matne-vzory-skla/SklS-0542.jpg;ok
SklS-0543;Skleněné dveře > Vzory skla > Matné vzory skla;https://qubaglass.pl/environment/cache/images/productGfx_535_700_700/536aba4822346f3913d1312e297374fc.jpg;scripts/output/images/sklenene-dvere/vzory-skla/matne-vzory-skla/SklS-0543.jpg;ok
SklS-0544;Skleněné dveře > Vzory skla > Matné vzory skla;https://qubaglass.pl/environment/cache/images/productGfx_539_700_700/b8938bb9e7b1bdb27070ad7d2b66f2f8.jpg;scripts/output/images/sklenene-dvere/vzory-skla/matne-vzory-skla/SklS-0544.jpg;ok
SklS-0545;Skleněné dveře > Vzory skla > Matné vzory skla;https://qubaglass.pl/environment/cache/images/productGfx_543_700_700/474196be70653753d06d5ee6181a1273.jpg;scripts/output/images/sklenene-dvere/vzory-skla/matne-vzory-skla/SklS-0545.jpg;ok
SklS-0546;Skleněné dveře > Vzory skla > Matné vzory skla;https://qubaglass.pl/environment/cache/images/productGfx_547_700_700/4c52509d2ce58aaf97c4294f9cd9dd8e.jpg;scripts/output/images/sklenene-dvere/vzory-skla/matne-vzory-skla/SklS-0546.jpg;ok
SklS-0547;Skleněné dveře > Vzory skla > Matné vzory skla;https://qubaglass.pl/environment/cache/images/productGfx_551_700_700/9d87da185d203f00d3c53e7ba4b1e534.jpg;scripts/output/images/sklenene-dvere/vzory-skla/matne-vzory-skla/SklS-0547.jpg;ok
SklS-0548;Skleněné dveře > Vzory skla > Matné vzory skla;https://qubaglass.pl/environment/cache/images/productGfx_555_700_700/2e1b2821377e63387c421675e240d42f.jpg;scripts/output/images/sklenene-dvere/vzory-skla/matne-vzory-skla/SklS-0548.jpg;ok
SklS-0549;Skleněné dveře > Vzory skla > Matné vzory skla;https://qubaglass.pl/environment/cache/images/productGfx_559_700_700/3f0ffd371cfe74a07c62c57fe9c71acf.jpg;scripts/output/images/sklenene-dvere/vzory-skla/matne-vzory-skla/SklS-0549.jpg;ok
SklS-0550;Skleněné dveře > Vzory skla > Matné vzory skla;https://qubaglass.pl/environment/cache/images/productGfx_563_700_700/a43e0d3bbc18214320a861acaef1451c.jpg;scripts/output/images/sklenene-dvere/vzory-skla/matne-vzory-skla/SklS-0550.jpg;ok
SklS-0551;Skleněné dveře > Vzory skla > Matné vzory skla;https://qubaglass.pl/environment/cache/images/productGfx_567_700_700/50b3de3538d4b7728756137c6f3b7623.jpg;scripts/output/images/sklenene-dvere/vzory-skla/matne-vzory-skla/SklS-0551.jpg;ok
SklS-0552;Skleněné dveře > Vzory skla > Matné vzory skla;https://qubaglass.pl/environment/cache/images/productGfx_571_700_700/b42f3824342cd8b59efd9e2432f4eaea.jpg;scripts/output/images/sklenene-dvere/vzory-skla/matne-vzory-skla/SklS-0552.jpg;ok
SklS-0553;Skleněné dveře > Vzory skla > Matné vzory skla;https://qubaglass.pl/environment/cache/images/productGfx_575_700_700/4cf5d308eeab84935efde310c54f147c.jpg;scripts/output/images/sklenene-dvere/vzory-skla/matne-vzory-skla/SklS-0553.jpg;ok
SklS-0554;Skleněné dveře > Vzory skla > Matné vzory skla;https://qubaglass.pl/environment/cache/images/productGfx_579_700_700/23d0b40ccd6486d64c015947a1d47740.jpg;scripts/output/images/sklenene-dvere/vzory-skla/matne-vzory-skla/SklS-0554.jpg;ok
SklS-0555;Skleněné dveře > Vzory skla > Matné vzory skla;https://qubaglass.pl/environment/cache/images/productGfx_4547_700_700/003338ef0ddbc17dd46d71f6413a36f7.jpg;scripts/output/images/sklenene-dvere/vzory-skla/matne-vzory-skla/SklS-0555.jpg;ok
SklS-0556;Skleněné dveře > Vzory skla > Matné vzory skla;https://qubaglass.pl/environment/cache/images/productGfx_705_700_700/850ec921a0a0cf6d2b3508643c071b65.jpg;scripts/output/images/sklenene-dvere/vzory-skla/matne-vzory-skla/SklS-0556.jpg;ok
SklS-0557;Skleněné dveře > Vzory skla > Matné vzory skla;https://qubaglass.pl/environment/cache/images/productGfx_709_700_700/ef13cda05bbae64fb6819b32e19ce85f.jpg;scripts/output/images/sklenene-dvere/vzory-skla/matne-vzory-skla/SklS-0557.jpg;ok
SklS-0558;Skleněné dveře > Vzory skla > Matné vzory skla;https://qubaglass.pl/environment/cache/images/productGfx_713_700_700/d4caaa1ec207fae3c9da2ef7ba50b17b.jpg;scripts/output/images/sklenene-dvere/vzory-skla/matne-vzory-skla/SklS-0558.jpg;ok
SklS-0559;Skleněné dveře > Vzory skla > Matné vzory skla;https://qubaglass.pl/environment/cache/images/productGfx_717_700_700/930fb188df830960816cf3e9a8617504.jpg;scripts/output/images/sklenene-dvere/vzory-skla/matne-vzory-skla/SklS-0559.jpg;ok
SklS-0560;Skleněné dveře > Vzory skla > Matné vzory skla;https://qubaglass.pl/environment/cache/images/productGfx_721_700_700/2793db56ea9114b2c2394ad1fdda07ac.jpg;scripts/output/images/sklenene-dvere/vzory-skla/matne-vzory-skla/SklS-0560.jpg;ok
SklS-0561;Skleněné dveře > Vzory skla > Matné vzory skla;https://qubaglass.pl/environment/cache/images/productGfx_725_700_700/48b322c0d783869ee25822ff89df7b99.jpg;scripts/output/images/sklenene-dvere/vzory-skla/matne-vzory-skla/SklS-0561.jpg;ok
SklS-0562;Skleněné dveře > Vzory skla > Matné vzory skla;https://qubaglass.pl/environment/cache/images/productGfx_729_700_700/10757e8e45ab80780cd0cc2c4f4087d9.jpg;scripts/output/images/sklenene-dvere/vzory-skla/matne-vzory-skla/SklS-0562.jpg;ok
SklS-0563;Skleněné dveře > Vzory skla > Matné vzory skla;https://qubaglass.pl/environment/cache/images/productGfx_733_700_700/4fe0a8a4eed7367611593c4736ddd319.jpg;scripts/output/images/sklenene-dvere/vzory-skla/matne-vzory-skla/SklS-0563.jpg;ok
SklS-0564;Skleněné dveře > Vzory skla > Matné vzory skla;https://qubaglass.pl/environment/cache/images/productGfx_737_700_700/9079c52b05f3c3a140bdbac61cc86e0b.jpg;scripts/output/images/sklenene-dvere/vzory-skla/matne-vzory-skla/SklS-0564.jpg;ok
SklS-0565;Skleněné dveře > Vzory skla > Matné vzory skla;https://qubaglass.pl/environment/cache/images/productGfx_741_700_700/0a58554535d98a2c7e75d3739b56b030.jpg;scripts/output/images/sklenene-dvere/vzory-skla/matne-vzory-skla/SklS-0565.jpg;ok
SklS-0566;Skleněné dveře > Vzory skla > Matné vzory skla;https://qubaglass.pl/environment/cache/images/productGfx_745_700_700/202b020ae37831ab07dc9a5f195c2d1b.jpg;scripts/output/images/sklenene-dvere/vzory-skla/matne-vzory-skla/SklS-0566.jpg;ok
SklS-0567;Skleněné dveře > Vzory skla > Matné vzory skla;https://qubaglass.pl/environment/cache/images/productGfx_749_700_700/735854557639e9fdfb548ba914285078.jpg;scripts/output/images/sklenene-dvere/vzory-skla/matne-vzory-skla/SklS-0567.jpg;ok
SklS-0568;Skleněné dveře > Vzory skla > Matné vzory skla;https://qubaglass.pl/environment/cache/images/productGfx_759_700_700/ff7aac26e2785b8728bd438cf77ab30e.jpg;scripts/output/images/sklenene-dvere/vzory-skla/matne-vzory-skla/SklS-0568.jpg;ok
SklS-0569;Skleněné dveře > Vzory skla > Matné vzory skla;https://qubaglass.pl/environment/cache/images/productGfx_763_700_700/ec2d58dd9bdabaa64b826a1ddcbfa336.jpg;scripts/output/images/sklenene-dvere/vzory-skla/matne-vzory-skla/SklS-0569.jpg;ok
SklS-0570;Skleněné dveře > Vzory skla > Matné vzory skla;https://qubaglass.pl/environment/cache/images/productGfx_767_700_700/a7ba240069efd0d7846a520c513c26cc.jpg;scripts/output/images/sklenene-dvere/vzory-skla/matne-vzory-skla/SklS-0570.jpg;ok
SklS-0571;Skleněné dveře > Vzory skla > Matné vzory skla;https://qubaglass.pl/environment/cache/images/productGfx_771_700_700/a82edcf4ccb8be0a7b89b35b2925c635.jpg;scripts/output/images/sklenene-dvere/vzory-skla/matne-vzory-skla/SklS-0571.jpg;ok
SklS-0572;Skleněné dveře > Vzory skla > Matné vzory skla;https://qubaglass.pl/environment/cache/images/productGfx_776_700_700/17953e95f248db10f9a729c5294c50fb.jpg;scripts/output/images/sklenene-dvere/vzory-skla/matne-vzory-skla/SklS-0572.jpg;ok
SklS-0573;Skleněné dveře > Vzory skla > Matné vzory skla;https://qubaglass.pl/environment/cache/images/productGfx_781_700_700/fe4e28980e5f5306480c1dc074a77a68.jpg;scripts/output/images/sklenene-dvere/vzory-skla/matne-vzory-skla/SklS-0573.jpg;ok
SklS-0574;Skleněné dveře > Vzory skla > Matné vzory skla;https://qubaglass.pl/environment/cache/images/productGfx_786_700_700/0d1a64040eb78da831b90f58971aed94.jpg;scripts/output/images/sklenene-dvere/vzory-skla/matne-vzory-skla/SklS-0574.jpg;ok
SklS-0575;Skleněné dveře > Vzory skla > Matné vzory skla;https://qubaglass.pl/environment/cache/images/productGfx_790_700_700/7934b4785bcfd5d933156b06e1db04ce.jpg;scripts/output/images/sklenene-dvere/vzory-skla/matne-vzory-skla/SklS-0575.jpg;ok
SklS-0576;Skleněné dveře > Vzory skla > Matné vzory skla;https://qubaglass.pl/environment/cache/images/productGfx_794_700_700/11108e59d08924381b6dadb50637a975.jpg;scripts/output/images/sklenene-dvere/vzory-skla/matne-vzory-skla/SklS-0576.jpg;ok
SklS-0577;Skleněné dveře > Vzory skla > Matné vzory skla;https://qubaglass.pl/environment/cache/images/productGfx_798_700_700/f750f9a5656f2d447d4416510eb32981.jpg;scripts/output/images/sklenene-dvere/vzory-skla/matne-vzory-skla/SklS-0577.jpg;ok
SklS-0578;Skleněné dveře > Vzory skla > Matné vzory skla;https://qubaglass.pl/environment/cache/images/productGfx_802_700_700/b34ed156dbe7b043789eefa3cae91e36.jpg;scripts/output/images/sklenene-dvere/vzory-skla/matne-vzory-skla/SklS-0578.jpg;ok
SklS-0579;Skleněné dveře > Vzory skla > Matné vzory skla;https://qubaglass.pl/environment/cache/images/productGfx_806_700_700/e1d3b3c712df551703ae2a9dceac1af7.jpg;scripts/output/images/sklenene-dvere/vzory-skla/matne-vzory-skla/SklS-0579.jpg;ok
SklS-0580;Skleněné dveře > Vzory skla > Matné vzory skla;https://qubaglass.pl/environment/cache/images/productGfx_810_700_700/6df6e6bb78aca0e9aa4ec62451d16a23.jpg;scripts/output/images/sklenene-dvere/vzory-skla/matne-vzory-skla/SklS-0580.jpg;ok
SklS-0581;Skleněné dveře > Vzory skla > Matné vzory skla;https://qubaglass.pl/environment/cache/images/productGfx_814_700_700/957887e19ac4ebb03ec5fba64c843ec0.jpg;scripts/output/images/sklenene-dvere/vzory-skla/matne-vzory-skla/SklS-0581.jpg;ok
SklS-0582;Skleněné dveře > Vzory skla > Matné vzory skla;https://qubaglass.pl/environment/cache/images/productGfx_818_700_700/da8b679a54497bb7c219f1f10c104232.jpg;scripts/output/images/sklenene-dvere/vzory-skla/matne-vzory-skla/SklS-0582.jpg;ok
SklS-0583;Skleněné dveře > Vzory skla > Matné vzory skla;https://qubaglass.pl/environment/cache/images/productGfx_822_700_700/ed3943e058422b8c76c540ded90b6d2d.jpg;scripts/output/images/sklenene-dvere/vzory-skla/matne-vzory-skla/SklS-0583.jpg;ok
SklS-0584;Skleněné dveře > Vzory skla > Matné vzory skla;https://qubaglass.pl/environment/cache/images/productGfx_826_700_700/ee37c4bce20828c17d5b72e27c62136b.jpg;scripts/output/images/sklenene-dvere/vzory-skla/matne-vzory-skla/SklS-0584.jpg;ok
SklS-0585;Skleněné dveře > Vzory skla > Matné vzory skla;https://qubaglass.pl/environment/cache/images/productGfx_830_700_700/668773911e6a1163aabaeb764b2639e1.jpg;scripts/output/images/sklenene-dvere/vzory-skla/matne-vzory-skla/SklS-0585.jpg;ok
SklS-0586;Skleněné dveře > Vzory skla > Matné vzory skla;https://qubaglass.pl/environment/cache/images/productGfx_834_700_700/60d30f89cbdc1523167230a08a9e7929.jpg;scripts/output/images/sklenene-dvere/vzory-skla/matne-vzory-skla/SklS-0586.jpg;ok
SklS-0587;Skleněné dveře > Vzory skla > Matné vzory skla;https://qubaglass.pl/environment/cache/images/productGfx_838_700_700/eb1f52a0e7951a39726c3a083f941401.jpg;scripts/output/images/sklenene-dvere/vzory-skla/matne-vzory-skla/SklS-0587.jpg;ok
SklS-0588;Skleněné dveře > Vzory skla > Matné vzory skla;https://qubaglass.pl/environment/cache/images/productGfx_842_700_700/8672f61d12b02701f07f96ce0c9ca08a.jpg;scripts/output/images/sklenene-dvere/vzory-skla/matne-vzory-skla/SklS-0588.jpg;ok
SklS-0589;Skleněné dveře > Vzory skla > Matné vzory skla;https://qubaglass.pl/environment/cache/images/productGfx_846_700_700/f4d7372cb2a2dbad6ecf99c5cf16e9a9.jpg;scripts/output/images/sklenene-dvere/vzory-skla/matne-vzory-skla/SklS-0589.jpg;ok
SklS-0590;Skleněné dveře > Vzory skla > Matné vzory skla;https://qubaglass.pl/environment/cache/images/productGfx_850_700_700/cc9b28c44125e097987acea69d62ac7f.jpg;scripts/output/images/sklenene-dvere/vzory-skla/matne-vzory-skla/SklS-0590.jpg;ok
SklS-0591;Skleněné dveře > Vzory skla > Matné vzory skla;https://qubaglass.pl/environment/cache/images/productGfx_854_700_700/55a0e13d5ea81b34c14fca925ddaaca0.jpg;scripts/output/images/sklenene-dvere/vzory-skla/matne-vzory-skla/SklS-0591.jpg;ok
SklS-0592;Skleněné dveře > Vzory skla > Matné vzory skla;https://qubaglass.pl/environment/cache/images/productGfx_858_700_700/dae2f80eb18f7fd3c1dfd09d1786dbb5.jpg;scripts/output/images/sklenene-dvere/vzory-skla/matne-vzory-skla/SklS-0592.jpg;ok
SklS-0593;Skleněné dveře > Vzory skla > Matné vzory skla;https://qubaglass.pl/environment/cache/images/productGfx_862_700_700/f50db9c6126bc93c47d7496e0b9e3f6a.jpg;scripts/output/images/sklenene-dvere/vzory-skla/matne-vzory-skla/SklS-0593.jpg;ok
SklS-0594;Skleněné dveře > Vzory skla > Matné vzory skla;https://qubaglass.pl/environment/cache/images/productGfx_866_700_700/c60169c537a8720b4a240e101706917f.jpg;scripts/output/images/sklenene-dvere/vzory-skla/matne-vzory-skla/SklS-0594.jpg;ok
SklS-0595;Skleněné dveře > Vzory skla > Matné vzory skla;https://qubaglass.pl/environment/cache/images/productGfx_870_700_700/c41350c341abb394f6f3022b13a0d256.jpg;scripts/output/images/sklenene-dvere/vzory-skla/matne-vzory-skla/SklS-0595.jpg;ok
SklS-0596;Skleněné dveře > Vzory skla > Matné vzory skla;https://qubaglass.pl/environment/cache/images/productGfx_874_700_700/10ed0c9aa1ded4c9c881f24ab9ffb940.jpg;scripts/output/images/sklenene-dvere/vzory-skla/matne-vzory-skla/SklS-0596.jpg;ok
SklS-0597;Skleněné dveře > Vzory skla > Matné vzory skla;https://qubaglass.pl/environment/cache/images/productGfx_878_700_700/c46441633d5ee4615e938853ca3533eb.jpg;scripts/output/images/sklenene-dvere/vzory-skla/matne-vzory-skla/SklS-0597.jpg;ok
SklS-0598;Skleněné dveře > Vzory skla > Matné vzory skla;https://qubaglass.pl/environment/cache/images/productGfx_882_700_700/9a820c23e789b9d75545bbf9990762d8.jpg;scripts/output/images/sklenene-dvere/vzory-skla/matne-vzory-skla/SklS-0598.jpg;ok
SklS-0599;Skleněné dveře > Vzory skla > Matné vzory skla;https://qubaglass.pl/environment/cache/images/productGfx_886_700_700/ea48e8c377e28d6455ee1dedde3b99f5.jpg;scripts/output/images/sklenene-dvere/vzory-skla/matne-vzory-skla/SklS-0599.jpg;ok
SklS-0600;Skleněné dveře > Vzory skla > Matné vzory skla;https://qubaglass.pl/environment/cache/images/productGfx_890_700_700/5eb94d628a778bc7a88dbfd6d9f72dca.jpg;scripts/output/images/sklenene-dvere/vzory-skla/matne-vzory-skla/SklS-0600.jpg;ok
SklS-0601;Skleněné dveře > Vzory skla > Matné vzory skla;https://qubaglass.pl/environment/cache/images/productGfx_894_700_700/f91505575fb255766fdc128bb8b870d8.jpg;scripts/output/images/sklenene-dvere/vzory-skla/matne-vzory-skla/SklS-0601.jpg;ok
SklS-0602;Skleněné dveře > Vzory skla > Matné vzory skla;https://qubaglass.pl/environment/cache/images/productGfx_898_700_700/5b2fd9fdba94c4926866f99c24bee517.jpg;scripts/output/images/sklenene-dvere/vzory-skla/matne-vzory-skla/SklS-0602.jpg;ok
SklS-0603;Skleněné dveře > Vzory skla > Matné vzory skla;https://qubaglass.pl/environment/cache/images/productGfx_902_700_700/0473ee1c12e29d59680b545ad8816aad.jpg;scripts/output/images/sklenene-dvere/vzory-skla/matne-vzory-skla/SklS-0603.jpg;ok
SklS-0604;Skleněné dveře > Vzory skla > Matné vzory skla;https://qubaglass.pl/environment/cache/images/productGfx_906_700_700/58c679bfe5a98772a34f32350207ae25.jpg;scripts/output/images/sklenene-dvere/vzory-skla/matne-vzory-skla/SklS-0604.jpg;ok
SklS-0605;Skleněné dveře > Vzory skla > Matné vzory skla;https://qubaglass.pl/environment/cache/images/productGfx_910_700_700/8a6aa761e1a0f83714612cb2425129e4.jpg;scripts/output/images/sklenene-dvere/vzory-skla/matne-vzory-skla/SklS-0605.jpg;ok
SklS-0606;Skleněné dveře > Vzory skla > Matné vzory skla;https://qubaglass.pl/environment/cache/images/productGfx_914_700_700/2d4ea3015490f87f8f1edd4c731d23d8.jpg;scripts/output/images/sklenene-dvere/vzory-skla/matne-vzory-skla/SklS-0606.jpg;ok
SklS-0607;Skleněné dveře > Vzory skla > Matné vzory skla;https://qubaglass.pl/environment/cache/images/productGfx_918_700_700/0cd9155e4111d28d02d9bfa84ecb592a.jpg;scripts/output/images/sklenene-dvere/vzory-skla/matne-vzory-skla/SklS-0607.jpg;ok
SklS-0608;Sprchové kouty > Skleněné sprchové kouty;https://qubaglass.pl/environment/cache/images/productGfx_10851_700_700/kabina_szklana_kabiny_szklane_prysznicowe.jpg;scripts/output/images/sprchove-kouty/sklenene-sprchove-kouty/SklS-0608.jpg;ok
SklS-0609;Sprchové kouty > Skleněné sprchové kouty;https://qubaglass.pl/environment/cache/images/productGfx_9634_700_700/drzwi_szklane_do_kabiny_qubaglass.jpg;scripts/output/images/sprchove-kouty/sklenene-sprchove-kouty/SklS-0609.jpg;ok
SklS-0610;Sprchové kouty > Skleněné sprchové kouty;https://qubaglass.pl/environment/cache/images/productGfx_9650_700_700/kabina-plus-scianka-stala.jpg;scripts/output/images/sprchove-kouty/sklenene-sprchove-kouty/SklS-0610.jpg;ok
SklS-0611;Sprchové kouty > Skleněné sprchové kouty;https://qubaglass.pl/environment/cache/images/productGfx_9666_700_700/kabina-szklana-ze-scianka-stala.jpg;scripts/output/images/sprchove-kouty/sklenene-sprchove-kouty/SklS-0611.jpg;ok
SklS-0612;Sprchové kouty > Skleněné sprchové kouty;https://qubaglass.pl/environment/cache/images/productGfx_7372_700_700/kabina_szklane_walk-in_szprosy_czarne.jpg;scripts/output/images/sprchove-kouty/sklenene-sprchove-kouty/SklS-0612.jpg;ok
SklS-0613;Sprchové kouty > Skleněné sprchové kouty;https://qubaglass.pl/environment/cache/images/productGfx_7374_700_700/kabina_szklane_walk-in_szprosy_czarne.jpg;scripts/output/images/sprchove-kouty/sklenene-sprchove-kouty/SklS-0613.jpg;ok
SklS-0614;Sprchové kouty > Skleněné sprchové kouty;https://qubaglass.pl/environment/cache/images/productGfx_6483_700_700/kabina_Walk_in_srebrne_okucia_qubaglass.jpg;scripts/output/images/sprchove-kouty/sklenene-sprchove-kouty/SklS-0614.jpg;ok
SklS-0615;Sprchové kouty > Skleněné sprchové kouty;https://qubaglass.pl/environment/cache/images/productGfx_6486_700_700/kabina_Walk_in_srebrne_okucia_qubaglass.jpg;scripts/output/images/sprchove-kouty/sklenene-sprchove-kouty/SklS-0615.jpg;ok
SklS-0616;Sprchové kouty > Skleněné sprchové kouty;https://qubaglass.pl/environment/cache/images/productGfx_6303_700_700/kabina_szklana_zlote_okucia_qubaglass.jpg;scripts/output/images/sprchove-kouty/sklenene-sprchove-kouty/SklS-0616.jpg;ok
SklS-0617;Sprchové kouty > Skleněné sprchové kouty;https://qubaglass.pl/environment/cache/images/productGfx_6307_700_700/kabina_szklana_zlote_okucia_qubaglass.jpg;scripts/output/images/sprchove-kouty/sklenene-sprchove-kouty/SklS-0617.jpg;ok
SklS-0618;Sprchové kouty > Skleněné sprchové kouty;https://qubaglass.pl/environment/cache/images/productGfx_7130_700_700/kabina_szklana_grafika_kol_135_.jpg;scripts/output/images/sprchove-kouty/sklenene-sprchove-kouty/SklS-0618.jpg;ok
SklS-0619;Sprchové kouty > Skleněné sprchové kouty;https://qubaglass.pl/environment/cache/images/productGfx_7133_700_700/kabina_szklana_grafika_kol_135_.jpg;scripts/output/images/sprchove-kouty/sklenene-sprchove-kouty/SklS-0619.jpg;ok
SklS-0620;Sprchové kouty > Skleněné sprchové kouty;https://qubaglass.pl/environment/cache/images/productGfx_6477_700_700/kabina_Szklana_walk-in_czarne_okucia.jpg;scripts/output/images/sprchove-kouty/sklenene-sprchove-kouty/SklS-0620.jpg;ok
SklS-0621;Sprchové kouty > Skleněné sprchové kouty;https://qubaglass.pl/environment/cache/images/productGfx_6480_700_700/kabina_Szklana_walk-in_czarne_okucia.jpg;scripts/output/images/sprchove-kouty/sklenene-sprchove-kouty/SklS-0621.jpg;ok
SklS-0622;Sprchové kouty > Skleněné sprchové kouty;https://qubaglass.pl/environment/cache/images/productGfx_1840_700_700/6dd5bc9bd865a7b7903388da8f62f7d2.jpg;scripts/output/images/sprchove-kouty/sklenene-sprchove-kouty/SklS-0622.jpg;ok
SklS-0623;Sprchové kouty > Skleněné sprchové kouty;https://qubaglass.pl/environment/cache/images/productGfx_1949_700_700/kabina-walk-in-grafit-miniatura.jpg;scripts/output/images/sprchove-kouty/sklenene-sprchove-kouty/SklS-0623.jpg;ok
SklS-0624;Sprchové kouty > Skleněné sprchové kouty;https://qubaglass.pl/environment/cache/images/productGfx_1841_700_700/cd0066ab02e8779d563d4120f8f1ee34.jpg;scripts/output/images/sprchove-kouty/sklenene-sprchove-kouty/SklS-0624.jpg;ok
SklS-0625;Sprchové kouty > Skleněné sprchové kouty;https://qubaglass.pl/environment/cache/images/productGfx_1954_700_700/7ff8de756b7e09a3102d98e6bfd9a616.jpg;scripts/output/images/sprchove-kouty/sklenene-sprchove-kouty/SklS-0625.jpg;ok
SklS-0626;Sprchové kouty > Skleněné sprchové kouty;https://qubaglass.pl/environment/cache/images/productGfx_1846_700_700/31ac57e79920e4aa5d246f5cf92e46e1.jpg;scripts/output/images/sprchove-kouty/sklenene-sprchove-kouty/SklS-0626.jpg;ok
SklS-0627;Sprchové kouty > Skleněné sprchové kouty;https://qubaglass.pl/environment/cache/images/productGfx_1957_700_700/41b99c22fbbfe1f46add10756d5b0168.jpg;scripts/output/images/sprchove-kouty/sklenene-sprchove-kouty/SklS-0627.jpg;ok
SklS-0628;Sprchové kouty > Skleněné sprchové kouty;https://qubaglass.pl/environment/cache/images/productGfx_1842_700_700/e89cc88f43eb4758469677d40ea8a91d.jpg;scripts/output/images/sprchove-kouty/sklenene-sprchove-kouty/SklS-0628.jpg;ok
SklS-0629;Sprchové kouty > Skleněné sprchové kouty;https://qubaglass.pl/environment/cache/images/productGfx_13557_700_700/kabina-szklana-ledové-ze-szkla-lodowego.jpg;scripts/output/images/sprchove-kouty/sklenene-sprchove-kouty/SklS-0629.jpg;ok
SklS-0630;Sprchové kouty > Skleněné sprchové kouty;https://qubaglass.pl/environment/cache/images/productGfx_1958_700_700/0b23e86c6a163e12d7dd54c9fa300ebe.jpg;scripts/output/images/sprchove-kouty/sklenene-sprchove-kouty/SklS-0630.jpg;ok
SklS-0631;Sprchové kouty > Skleněné sprchové kouty;https://qubaglass.pl/environment/cache/images/productGfx_6120_700_700/2149648910a13368514ac2485e6a560b.jpg;scripts/output/images/sprchove-kouty/sklenene-sprchove-kouty/SklS-0631.jpg;ok
SklS-0632;Sprchové kouty > Skleněné sprchové kouty;https://qubaglass.pl/environment/cache/images/productGfx_6127_700_700/grafika_szklana_na_kabine_walk_in_efektowna_lazienka-czarne.jpg;scripts/output/images/sprchove-kouty/sklenene-sprchove-kouty/SklS-0632.jpg;ok
SklS-0633;Sprchové kouty > Skleněné sprchové kouty;https://qubaglass.pl/environment/cache/images/productGfx_6126_700_700/grafika_szklana_na_kabine_walk_in_efektowna_lazienka-czarne.jpg;scripts/output/images/sprchove-kouty/sklenene-sprchove-kouty/SklS-0633.jpg;ok
SklS-0634;Sprchové kouty > Skleněné sprchové kouty;https://qubaglass.pl/environment/cache/images/productGfx_1849_700_700/531d6a9d41642560b27f6796c136d1e7.jpg;scripts/output/images/sprchove-kouty/sklenene-sprchove-kouty/SklS-0634.jpg;ok
SklS-0635;Sprchové kouty > Skleněné sprchové kouty;https://qubaglass.pl/environment/cache/images/productGfx_1959_700_700/3c7bea87cc0282028604f7b114256741.jpg;scripts/output/images/sprchove-kouty/sklenene-sprchove-kouty/SklS-0635.jpg;ok
SklS-0636;Sprchové kouty > Skleněné sprchové kouty;https://qubaglass.pl/environment/cache/images/productGfx_1847_700_700/5016aa2c3862c76a687321b0f94f90f2.jpg;scripts/output/images/sprchove-kouty/sklenene-sprchove-kouty/SklS-0636.jpg;ok
SklS-0637;Sprchové kouty > Skleněné sprchové kouty;https://qubaglass.pl/environment/cache/images/productGfx_1961_700_700/52f7608f88ca501a1942952d0e3b1744.jpg;scripts/output/images/sprchove-kouty/sklenene-sprchove-kouty/SklS-0637.jpg;ok
SklS-0638;Sprchové kouty > Skleněné sprchové kouty;https://qubaglass.pl/environment/cache/images/productGfx_993_700_700/0c21574353348dc5396dd468990c7e5d.jpg;scripts/output/images/sprchove-kouty/sklenene-sprchove-kouty/SklS-0638.jpg;ok
SklS-0639;Sprchové kouty > Skleněné sprchové kouty;https://qubaglass.pl/environment/cache/images/productGfx_1023_700_700/60415f89072d920ba4b6c0246af40719.jpg;scripts/output/images/sprchove-kouty/sklenene-sprchove-kouty/SklS-0639.jpg;ok
SklS-0640;Sprchové kouty > Skleněné sprchové kouty;https://qubaglass.pl/environment/cache/images/productGfx_988_700_700/44064e849a0ca6eb8f8498e58e174f22.jpg;scripts/output/images/sprchove-kouty/sklenene-sprchove-kouty/SklS-0640.jpg;ok
SklS-0641;Sprchové kouty > Skleněné sprchové kouty;https://qubaglass.pl/environment/cache/images/productGfx_1018_700_700/0c6e82c886c2e6eb4189a8899cfa8492.jpg;scripts/output/images/sprchove-kouty/sklenene-sprchove-kouty/SklS-0641.jpg;ok
SklS-0642;Sprchové kouty > Skleněné sprchové kouty;https://qubaglass.pl/environment/cache/images/productGfx_978_700_700/9e2699943efdf7b87ca2027187cab69e.jpg;scripts/output/images/sprchove-kouty/sklenene-sprchove-kouty/SklS-0642.jpg;ok
SklS-0643;Sprchové kouty > Skleněné sprchové kouty;https://qubaglass.pl/environment/cache/images/productGfx_1008_700_700/83cd5baf9de0dc15a1daac8a03d45c45.jpg;scripts/output/images/sprchove-kouty/sklenene-sprchove-kouty/SklS-0643.jpg;ok
SklS-0644;Sprchové kouty > Skleněné sprchové kouty;https://qubaglass.pl/environment/cache/images/productGfx_14648_700_700/kabina-szklana-z-czarnymi-okuciami-90x90-ze-scianka-stala.jpg;scripts/output/images/sprchove-kouty/sklenene-sprchove-kouty/SklS-0644.jpg;ok
SklS-0645;Balkony > Francouzské balkony;https://qubaglass.pl/environment/cache/images/productGfx_12556_700_700/balkon-szklany-balkony-szklane-montowane-na-listwie-Biale.jpg;scripts/output/images/balkony/francouzske-balkony/SklS-0645.jpg;ok
SklS-0646;Balkony > Francouzské balkony;https://qubaglass.pl/environment/cache/images/productGfx_12557_700_700/balkon-szklany-balkony-szklane-montowane-na-listwie-Biale.jpg;scripts/output/images/balkony/francouzske-balkony/SklS-0646.jpg;ok
SklS-0647;Balkony > Francouzské balkony;https://qubaglass.pl/environment/cache/images/productGfx_12559_700_700/balkon-szklany-balkony-szklane-montowane-na-listwie-Biale.jpg;scripts/output/images/balkony/francouzske-balkony/SklS-0647.jpg;ok
SklS-0648;Balkony > Francouzské balkony;https://qubaglass.pl/environment/cache/images/productGfx_12558_700_700/balkon-szklany-balkony-szklane-montowane-na-listwie-Biale.jpg;scripts/output/images/balkony/francouzske-balkony/SklS-0648.jpg;ok
SklS-0649;Balkony > Francouzské balkony;https://qubaglass.pl/environment/cache/images/productGfx_12560_700_700/balkon-szklany-balkony-szklane-montowane-na-listwie-Biale.jpg;scripts/output/images/balkony/francouzske-balkony/SklS-0649.jpg;ok
SklS-0650;Balkony > Francouzské balkony;https://qubaglass.pl/environment/cache/images/productGfx_12555_700_700/balkon-szklany-balkony-szklane-montowane-na-listwie-Biale.jpg;scripts/output/images/balkony/francouzske-balkony/SklS-0650.jpg;ok
SklS-0651;Balkony > Francouzské balkony;https://qubaglass.pl/environment/cache/images/productGfx_11248_700_700/balkon_slim_bezbarwny.jpg;scripts/output/images/balkony/francouzske-balkony/SklS-0651.jpg;ok
SklS-0652;Balkony > Francouzské balkony;https://qubaglass.pl/environment/cache/images/productGfx_11111_700_700/grafitowy_balkon_szklany.jpg;scripts/output/images/balkony/francouzske-balkony/SklS-0652.jpg;ok
SklS-0653;Balkony > Francouzské balkony;https://qubaglass.pl/environment/cache/images/productGfx_11186_700_700/balkon_brazowy_slim.jpg;scripts/output/images/balkony/francouzske-balkony/SklS-0653.jpg;ok
SklS-0654;Balkony > Francouzské balkony;https://qubaglass.pl/environment/cache/images/productGfx_11247_700_700/balkon_slim_bezbarwny.jpg;scripts/output/images/balkony/francouzske-balkony/SklS-0654.jpg;ok
SklS-0655;Balkony > Francouzské balkony;https://qubaglass.pl/environment/cache/images/productGfx_11122_700_700/grafitowy_balkon_szklany.jpg;scripts/output/images/balkony/francouzske-balkony/SklS-0655.jpg;ok
SklS-0656;Balkony > Francouzské balkony;https://qubaglass.pl/environment/cache/images/productGfx_11195_700_700/balkon_brazowy_slim.jpg;scripts/output/images/balkony/francouzske-balkony/SklS-0656.jpg;ok
SklS-0657;Balkony > Francouzské balkony;https://qubaglass.pl/environment/cache/images/productGfx_11246_700_700/balkon_slim_bezbarwny.jpg;scripts/output/images/balkony/francouzske-balkony/SklS-0657.jpg;ok
SklS-0658;Balkony > Francouzské balkony;https://qubaglass.pl/environment/cache/images/productGfx_11133_700_700/grafitowy_balkon_szklany.jpg;scripts/output/images/balkony/francouzske-balkony/SklS-0658.jpg;ok
SklS-0659;Balkony > Francouzské balkony;https://qubaglass.pl/environment/cache/images/productGfx_11204_700_700/balkon_brazowy_slim.jpg;scripts/output/images/balkony/francouzske-balkony/SklS-0659.jpg;ok
SklS-0660;Balkony > Francouzské balkony;https://qubaglass.pl/environment/cache/images/productGfx_11245_700_700/balkon_slim_bezbarwny.jpg;scripts/output/images/balkony/francouzske-balkony/SklS-0660.jpg;ok
SklS-0661;Balkony > Francouzské balkony;https://qubaglass.pl/environment/cache/images/productGfx_11144_700_700/grafitowy_balkon_szklany.jpg;scripts/output/images/balkony/francouzske-balkony/SklS-0661.jpg;ok
SklS-0662;Balkony > Francouzské balkony;https://qubaglass.pl/environment/cache/images/productGfx_11213_700_700/balkon_brazowy_slim.jpg;scripts/output/images/balkony/francouzske-balkony/SklS-0662.jpg;ok
SklS-0663;Balkony > Francouzské balkony;https://qubaglass.pl/environment/cache/images/productGfx_7544_700_700/balkon_francuski.jpg;scripts/output/images/balkony/francouzske-balkony/SklS-0663.jpg;ok
SklS-0664;Balkony > Francouzské balkony;https://qubaglass.pl/environment/cache/images/productGfx_7553_700_700/balkon_francuski-GRAFIT.jpg;scripts/output/images/balkony/francouzske-balkony/SklS-0664.jpg;ok
SklS-0665;Balkony > Francouzské balkony;https://qubaglass.pl/environment/cache/images/productGfx_7562_700_700/balkon_francuski-BRAZ.jpg;scripts/output/images/balkony/francouzske-balkony/SklS-0665.jpg;ok
SklS-0666;Balkony > Francouzské balkony;https://qubaglass.pl/environment/cache/images/productGfx_7552_700_700/balkon_francusk-Mati.jpg;scripts/output/images/balkony/francouzske-balkony/SklS-0666.jpg;ok
SklS-0667;Balkony > Francouzské balkony;https://qubaglass.pl/environment/cache/images/productGfx_7577_700_700/balkon_francuski-GRAFIT-Mat.jpg;scripts/output/images/balkony/francouzske-balkony/SklS-0667.jpg;ok
SklS-0668;Balkony > Francouzské balkony;https://qubaglass.pl/environment/cache/images/productGfx_7586_700_700/balkon_francuski-BRAZ-Mat.jpg;scripts/output/images/balkony/francouzske-balkony/SklS-0668.jpg;ok
SklS-0669;Balkony > Francouzské balkony;https://qubaglass.pl/environment/cache/images/productGfx_7545_700_700/balkon_francuski.jpg;scripts/output/images/balkony/francouzske-balkony/SklS-0669.jpg;ok
SklS-0670;Balkony > Francouzské balkony;https://qubaglass.pl/environment/cache/images/productGfx_7554_700_700/balkon_francuski-GRAFIT.jpg;scripts/output/images/balkony/francouzske-balkony/SklS-0670.jpg;ok
SklS-0671;Balkony > Francouzské balkony;https://qubaglass.pl/environment/cache/images/productGfx_7563_700_700/balkon_francuski-BRAZ.jpg;scripts/output/images/balkony/francouzske-balkony/SklS-0671.jpg;ok
SklS-0672;Balkony > Francouzské balkony;https://qubaglass.pl/environment/cache/images/productGfx_7501_700_700/balkon_francusk-Mati.jpg;scripts/output/images/balkony/francouzske-balkony/SklS-0672.jpg;ok
SklS-0673;Balkony > Francouzské balkony;https://qubaglass.pl/environment/cache/images/productGfx_7589_700_700/balkon_francuski-GRAFIT-Mat.jpg;scripts/output/images/balkony/francouzske-balkony/SklS-0673.jpg;ok
SklS-0674;Balkony > Francouzské balkony;https://qubaglass.pl/environment/cache/images/productGfx_7595_700_700/balkon_francuski-BRAZ-Mat.jpg;scripts/output/images/balkony/francouzske-balkony/SklS-0674.jpg;ok
SklS-0675;Balkony > Francouzské balkony;https://qubaglass.pl/environment/cache/images/productGfx_7546_700_700/balkon_francuski.jpg;scripts/output/images/balkony/francouzske-balkony/SklS-0675.jpg;ok
SklS-0676;Balkony > Francouzské balkony;https://qubaglass.pl/environment/cache/images/productGfx_7555_700_700/balkon_francuski-GRAFIT.jpg;scripts/output/images/balkony/francouzske-balkony/SklS-0676.jpg;ok
SklS-0677;Balkony > Francouzské balkony;https://qubaglass.pl/environment/cache/images/productGfx_7564_700_700/balkon_francuski-BRAZ.jpg;scripts/output/images/balkony/francouzske-balkony/SklS-0677.jpg;ok
SklS-0678;Balkony > Francouzské balkony;https://qubaglass.pl/environment/cache/images/productGfx_7507_700_700/balkon_francusk-Mati.jpg;scripts/output/images/balkony/francouzske-balkony/SklS-0678.jpg;ok
SklS-0679;Balkony > Francouzské balkony;https://qubaglass.pl/environment/cache/images/productGfx_7601_700_700/balkon_francuski-GRAFIT-Mat.jpg;scripts/output/images/balkony/francouzske-balkony/SklS-0679.jpg;ok
SklS-0680;Balkony > Francouzské balkony;https://qubaglass.pl/environment/cache/images/productGfx_7607_700_700/balkon_francuski-BRAZ-Mat.jpg;scripts/output/images/balkony/francouzske-balkony/SklS-0680.jpg;ok
SklS-0681;Balkony > Francouzské balkony;https://qubaglass.pl/environment/cache/images/productGfx_7547_700_700/balkon_francuski.jpg;scripts/output/images/balkony/francouzske-balkony/SklS-0681.jpg;ok
SklS-0682;Balkony > Francouzské balkony;https://qubaglass.pl/environment/cache/images/productGfx_7556_700_700/balkon_francuski-GRAFIT.jpg;scripts/output/images/balkony/francouzske-balkony/SklS-0682.jpg;ok
SklS-0683;Balkony > Francouzské balkony;https://qubaglass.pl/environment/cache/images/productGfx_7565_700_700/balkon_francuski-BRAZ.jpg;scripts/output/images/balkony/francouzske-balkony/SklS-0683.jpg;ok
SklS-0684;Balkony > Francouzské balkony;https://qubaglass.pl/environment/cache/images/productGfx_7513_700_700/balkon_francusk-Mati.jpg;scripts/output/images/balkony/francouzske-balkony/SklS-0684.jpg;ok
SklS-0685;Balkony > Francouzské balkony;https://qubaglass.pl/environment/cache/images/productGfx_7613_700_700/balkon_francuski-GRAFIT-Mat.jpg;scripts/output/images/balkony/francouzske-balkony/SklS-0685.jpg;ok
SklS-0686;Balkony > Francouzské balkony;https://qubaglass.pl/environment/cache/images/productGfx_7619_700_700/balkon_francuski-BRAZ-Mat.jpg;scripts/output/images/balkony/francouzske-balkony/SklS-0686.jpg;ok
SklS-0687;Balkony > Francouzské balkony;https://qubaglass.pl/environment/cache/images/productGfx_7548_700_700/balkon_francuski.jpg;scripts/output/images/balkony/francouzske-balkony/SklS-0687.jpg;ok
SklS-0688;Balkony > Francouzské balkony;https://qubaglass.pl/environment/cache/images/productGfx_7557_700_700/balkon_francuski-GRAFIT.jpg;scripts/output/images/balkony/francouzske-balkony/SklS-0688.jpg;ok
SklS-0689;Balkony > Francouzské balkony;https://qubaglass.pl/environment/cache/images/productGfx_7566_700_700/balkon_francuski-BRAZ.jpg;scripts/output/images/balkony/francouzske-balkony/SklS-0689.jpg;ok
SklS-0690;Balkony > Francouzské balkony;https://qubaglass.pl/environment/cache/images/productGfx_7519_700_700/balkon_francusk-Mati.jpg;scripts/output/images/balkony/francouzske-balkony/SklS-0690.jpg;ok
SklS-0691;Balkony > Francouzské balkony;https://qubaglass.pl/environment/cache/images/productGfx_7625_700_700/balkon_francuski-GRAFIT-Mat.jpg;scripts/output/images/balkony/francouzske-balkony/SklS-0691.jpg;ok
SklS-0692;Balkony > Francouzské balkony;https://qubaglass.pl/environment/cache/images/productGfx_7631_700_700/balkon_francuski-BRAZ-Mat.jpg;scripts/output/images/balkony/francouzske-balkony/SklS-0692.jpg;ok
SklS-0693;Balkony > Francouzské balkony;https://qubaglass.pl/environment/cache/images/productGfx_7549_700_700/balkon_francuski.jpg;scripts/output/images/balkony/francouzske-balkony/SklS-0693.jpg;ok
SklS-0694;Balkony > Francouzské balkony;https://qubaglass.pl/environment/cache/images/productGfx_7558_700_700/balkon_francuski-GRAFIT.jpg;scripts/output/images/balkony/francouzske-balkony/SklS-0694.jpg;ok
SklS-0695;Balkony > Francouzské balkony;https://qubaglass.pl/environment/cache/images/productGfx_7567_700_700/balkon_francuski-BRAZ.jpg;scripts/output/images/balkony/francouzske-balkony/SklS-0695.jpg;ok
SklS-0696;Balkony > Francouzské balkony;https://qubaglass.pl/environment/cache/images/productGfx_7525_700_700/balkon_francusk-Mati.jpg;scripts/output/images/balkony/francouzske-balkony/SklS-0696.jpg;ok
SklS-0697;Balkony > Francouzské balkony;https://qubaglass.pl/environment/cache/images/productGfx_7637_700_700/balkon_francuski-GRAFIT-Mat.jpg;scripts/output/images/balkony/francouzske-balkony/SklS-0697.jpg;ok
SklS-0698;Balkony > Francouzské balkony;https://qubaglass.pl/environment/cache/images/productGfx_7643_700_700/balkon_francuski-BRAZ-Mat.jpg;scripts/output/images/balkony/francouzske-balkony/SklS-0698.jpg;ok
SklS-0699;Balkony > Francouzské balkony;https://qubaglass.pl/environment/cache/images/productGfx_7550_700_700/balkon_francuski.jpg;scripts/output/images/balkony/francouzske-balkony/SklS-0699.jpg;ok
SklS-0700;Balkony > Francouzské balkony;https://qubaglass.pl/environment/cache/images/productGfx_7561_700_700/balkon_francuski-GRAFIT.jpg;scripts/output/images/balkony/francouzske-balkony/SklS-0700.jpg;ok
SklS-0701;Balkony > Francouzské balkony;https://qubaglass.pl/environment/cache/images/productGfx_7568_700_700/balkon_francuski-BRAZ.jpg;scripts/output/images/balkony/francouzske-balkony/SklS-0701.jpg;ok
SklS-0702;Balkony > Francouzské balkony;https://qubaglass.pl/environment/cache/images/productGfx_7531_700_700/balkon_francusk-Mati.jpg;scripts/output/images/balkony/francouzske-balkony/SklS-0702.jpg;ok
SklS-0703;Balkony > Francouzské balkony;https://qubaglass.pl/environment/cache/images/productGfx_7649_700_700/balkon_francuski-GRAFIT-Mat.jpg;scripts/output/images/balkony/francouzske-balkony/SklS-0703.jpg;ok
SklS-0704;Balkony > Francouzské balkony;https://qubaglass.pl/environment/cache/images/productGfx_7655_700_700/balkon_francuski-BRAZ-Mat.jpg;scripts/output/images/balkony/francouzske-balkony/SklS-0704.jpg;ok
SklS-0705;Balkony > Francouzské balkony;https://qubaglass.pl/environment/cache/images/productGfx_7560_700_700/balkon_francuski.jpg;scripts/output/images/balkony/francouzske-balkony/SklS-0705.jpg;ok
SklS-0706;Balkony > Francouzské balkony;https://qubaglass.pl/environment/cache/images/productGfx_7569_700_700/balkon_francuski-GRAFIT.jpg;scripts/output/images/balkony/francouzske-balkony/SklS-0706.jpg;ok
SklS-0707;Balkony > Francouzské balkony;https://qubaglass.pl/environment/cache/images/productGfx_7570_700_700/balkon_francuski-BRAZ.jpg;scripts/output/images/balkony/francouzske-balkony/SklS-0707.jpg;ok
SklS-0708;Balkony > Francouzské balkony;https://qubaglass.pl/environment/cache/images/productGfx_7537_700_700/balkon_francusk-Mati.jpg;scripts/output/images/balkony/francouzske-balkony/SklS-0708.jpg;ok
SklS-0709;Balkony > Francouzské balkony;https://qubaglass.pl/environment/cache/images/productGfx_7661_700_700/balkon_francuski-GRAFIT-Mat.jpg;scripts/output/images/balkony/francouzske-balkony/SklS-0709.jpg;ok
SklS-0710;Balkony > Francouzské balkony;https://qubaglass.pl/environment/cache/images/productGfx_7667_700_700/balkon_francuski-BRAZ-Mat.jpg;scripts/output/images/balkony/francouzske-balkony/SklS-0710.jpg;ok
SklS-0711;Balkony > Francouzské balkony;https://qubaglass.pl/environment/cache/images/productGfx_11253_700_700/balkon_na_rotulach_mocowany_dolem_qubaglass-BialeTlo.jpg;scripts/output/images/balkony/francouzske-balkony/SklS-0711.jpg;ok
SklS-0712;Balkony > Francouzské balkony;https://qubaglass.pl/environment/cache/images/productGfx_11261_700_700/balkon_beta_grafitowy.jpg;scripts/output/images/balkony/francouzske-balkony/SklS-0712.jpg;ok
SklS-0713;Balkony > Francouzské balkony;https://qubaglass.pl/environment/cache/images/productGfx_11268_700_700/balkon_beta_brazowy.jpg;scripts/output/images/balkony/francouzske-balkony/SklS-0713.jpg;ok
SklS-0714;Balkony > Francouzské balkony;https://qubaglass.pl/environment/cache/images/productGfx_11254_700_700/balkon_na_rotulach_mocowany_dolem_qubaglass-BialeTlo.jpg;scripts/output/images/balkony/francouzske-balkony/SklS-0714.jpg;ok
SklS-0715;Balkony > Francouzské balkony;https://qubaglass.pl/environment/cache/images/productGfx_11276_700_700/balkon_beta_grafitowy.jpg;scripts/output/images/balkony/francouzske-balkony/SklS-0715.jpg;ok
SklS-0716;Balkony > Francouzské balkony;https://qubaglass.pl/environment/cache/images/productGfx_11283_700_700/balkon_beta_brazowy.jpg;scripts/output/images/balkony/francouzske-balkony/SklS-0716.jpg;ok
SklS-0717;Balkony > Francouzské balkony;https://qubaglass.pl/environment/cache/images/productGfx_11249_700_700/balkon_rotule_dolem_mocowny_dolem-BialeTlo.jpg;scripts/output/images/balkony/francouzske-balkony/SklS-0717.jpg;ok
SklS-0718;Balkony > Francouzské balkony;https://qubaglass.pl/environment/cache/images/productGfx_11292_700_700/grafitpowy_balkon_mocowany_od_dolu.jpg;scripts/output/images/balkony/francouzske-balkony/SklS-0718.jpg;ok
SklS-0719;Balkony > Francouzské balkony;https://qubaglass.pl/environment/cache/images/productGfx_11299_700_700/balkony_mocowane_od_dolu.jpg;scripts/output/images/balkony/francouzske-balkony/SklS-0719.jpg;ok
SklS-0720;Balkony > Francouzské balkony;https://qubaglass.pl/environment/cache/images/productGfx_11250_700_700/balkon_rotule_dolem_mocowny_dolem-BialeTlo.jpg;scripts/output/images/balkony/francouzske-balkony/SklS-0720.jpg;ok
SklS-0721;Balkony > Francouzské balkony;https://qubaglass.pl/environment/cache/images/productGfx_11308_700_700/grafitpowy_balkon_mocowany_od_dolu.jpg;scripts/output/images/balkony/francouzske-balkony/SklS-0721.jpg;ok
SklS-0722;Balkony > Francouzské balkony;https://qubaglass.pl/environment/cache/images/productGfx_11315_700_700/balkony_mocowane_od_dolu.jpg;scripts/output/images/balkony/francouzske-balkony/SklS-0722.jpg;ok
SklS-0723;Balkony > Francouzské balkony;https://qubaglass.pl/environment/cache/images/productGfx_11251_700_700/beta_balkon_trzy_szyby-BialeTlo.jpg;scripts/output/images/balkony/francouzske-balkony/SklS-0723.jpg;ok
SklS-0724;Balkony > Francouzské balkony;https://qubaglass.pl/environment/cache/images/productGfx_11324_700_700/szklo_na_balkon_balustrada.jpg;scripts/output/images/balkony/francouzske-balkony/SklS-0724.jpg;ok
SklS-0725;Balkony > Francouzské balkony;https://qubaglass.pl/environment/cache/images/productGfx_11331_700_700/szklo_na_balkon_qubaglass.jpg;scripts/output/images/balkony/francouzske-balkony/SklS-0725.jpg;ok
SklS-0726;Balkony > Francouzské balkony;https://qubaglass.pl/environment/cache/images/productGfx_11252_700_700/beta_balkon_trzy_szyby-BialeTlo.jpg;scripts/output/images/balkony/francouzske-balkony/SklS-0726.jpg;ok
SklS-0727;Balkony > Francouzské balkony;https://qubaglass.pl/environment/cache/images/productGfx_11340_700_700/szklo_na_balkon_balustrada.jpg;scripts/output/images/balkony/francouzske-balkony/SklS-0727.jpg;ok
SklS-0728;Balkony > Francouzské balkony;https://qubaglass.pl/environment/cache/images/productGfx_11347_700_700/szklo_na_balkon_qubaglass.jpg;scripts/output/images/balkony/francouzske-balkony/SklS-0728.jpg;ok
SklS-0729;Balkony > Francouzské balkony;https://qubaglass.pl/environment/cache/images/productGfx_13879_700_700/balkon-francuski-glasso-balkony-francuskie-glasso.jpg;scripts/output/images/balkony/francouzske-balkony/SklS-0729.jpg;ok
SklS-0730;Balkony > Francouzské balkony;https://qubaglass.pl/environment/cache/images/productGfx_13883_700_700/balkon-francuski-glasso-balkony-francuskie-glasso.jpg;scripts/output/images/balkony/francouzske-balkony/SklS-0730.jpg;ok
SklS-0731;Balkony > Francouzské balkony;https://qubaglass.pl/environment/cache/images/productGfx_13885_700_700/balkon-francuski-glasso-balkony-francuskie-glasso.jpg;scripts/output/images/balkony/francouzske-balkony/SklS-0731.jpg;ok
SklS-0732;Balkony > Francouzské balkony;https://qubaglass.pl/environment/cache/images/productGfx_13881_700_700/balkon-francuski-glasso-balkony-francuskie-glasso.jpg;scripts/output/images/balkony/francouzske-balkony/SklS-0732.jpg;ok
SklS-0733;Balkony > Francouzské balkony;https://qubaglass.pl/environment/cache/images/productGfx_13887_700_700/balkon-francuski-glasso-balkony-francuskie-glasso.jpg;scripts/output/images/balkony/francouzske-balkony/SklS-0733.jpg;ok
SklS-0734;Zábradlí > Zábradlí DIY;https://qubaglass.pl/environment/cache/images/productGfx_1149_700_700/e9efeb56b15e45023393897de32d9d6c.jpg;scripts/output/images/zabradli/zabradli-diy/SklS-0734.jpg;ok
SklS-0735;Zábradlí > Zábradlí DIY;https://qubaglass.pl/environment/cache/images/productGfx_12854_700_700/e9efeb56b15e45023393897de32d9d6c.jpg;scripts/output/images/zabradli/zabradli-diy/SklS-0735.jpg;ok
SklS-0736;Zábradlí > Zábradlí DIY;https://qubaglass.pl/environment/cache/images/productGfx_13625_700_700/balustrada-ze-szkla-balustrada-na-slupkach.jpg;scripts/output/images/zabradli/zabradli-diy/SklS-0736.jpg;ok
SklS-0737;Zábradlí > Zábradlí s montáží;https://qubaglass.pl/environment/cache/images/productGfx_13419_700_700/IMG_0770.jpg;scripts/output/images/zabradli/zabradli-s-montazi/SklS-0737.jpg;ok
SklS-0738;Zábradlí > Zábradlí s montáží;https://qubaglass.pl/environment/cache/images/productGfx_13428_700_700/IMG_0855.jpg;scripts/output/images/zabradli/zabradli-s-montazi/SklS-0738.jpg;ok
SklS-0739;Zábradlí > Zábradlí s montáží;https://qubaglass.pl/environment/cache/images/productGfx_14617_700_700/balustrada-szklana-balustrady-szklane-szyba-na-spigotach.jpg;scripts/output/images/zabradli/zabradli-s-montazi/SklS-0739.jpg;ok
SklS-0740;Zábradlí > Zábradlí s montáží;https://qubaglass.pl/environment/cache/images/productGfx_13597_700_700/balustrada-balustrady-wewnetrzne-szklo-barwione-szklo-przyciemnione.jpg;scripts/output/images/zabradli/zabradli-s-montazi/SklS-0740.jpg;ok
SklS-0741;Zábradlí > Zábradlí s montáží;https://qubaglass.pl/environment/cache/images/productGfx_13611_700_700/balustrada-szklana-spigoty-na-balkon-na-spigotach.jpg;scripts/output/images/zabradli/zabradli-s-montazi/SklS-0741.jpg;ok
SklS-0742;Zábradlí > Zábradlí s montáží;https://qubaglass.pl/environment/cache/images/productGfx_14624_700_700/balustrada-caloszklana-balustrady-caloszklane-qubaglass.jpg;scripts/output/images/zabradli/zabradli-s-montazi/SklS-0742.jpg;ok
SklS-0743;Zábradlí > Zábradlí s montáží;https://qubaglass.pl/environment/cache/images/productGfx_14628_700_700/balustrada-caloszklana-balustrady-caloszklane-qubaglass.jpg;scripts/output/images/zabradli/zabradli-s-montazi/SklS-0743.jpg;ok
SklS-0744;Zábradlí > Profily na zábradlí;https://qubaglass.pl/environment/cache/images/productGfx_15410_700_700/profil-do-balustrady-szklanej-5-m.jpg;scripts/output/images/zabradli/profily-na-zabradli/SklS-0744.jpg;ok
SklS-0745;Zábradlí > Profily na zábradlí;https://qubaglass.pl/environment/cache/images/productGfx_15414_700_700/zestaw-montazowy-oklinowanie-do-szkla.jpg;scripts/output/images/zabradli/profily-na-zabradli/SklS-0745.jpg;ok
SklS-0746;Zábradlí > Profily na zábradlí;https://qubaglass.pl/environment/cache/images/productGfx_9460_700_700/profil-do-balustrady-AL004.jpg;scripts/output/images/zabradli/profily-na-zabradli/SklS-0746.jpg;ok
SklS-0747;Zábradlí > Profily na zábradlí;https://qubaglass.pl/environment/cache/images/productGfx_9458_700_700/profil-do-balustrady-AL004.jpg;scripts/output/images/zabradli/profily-na-zabradli/SklS-0747.jpg;ok
SklS-0748;Zábradlí > Profily na zábradlí;https://qubaglass.pl/environment/cache/images/productGfx_9510_700_700/profil-balustrady-szklanej-195.jpg;scripts/output/images/zabradli/profily-na-zabradli/SklS-0748.jpg;ok
SklS-0749;Zábradlí > Profily na zábradlí;https://qubaglass.pl/environment/cache/images/productGfx_9525_700_700/profil-balustrady-195--przod.jpg;scripts/output/images/zabradli/profily-na-zabradli/SklS-0749.jpg;ok
SklS-0750;Zábradlí > Profily na zábradlí;https://qubaglass.pl/environment/cache/images/productGfx_9518_700_700/zaslepka-satyna.jpg;scripts/output/images/zabradli/profily-na-zabradli/SklS-0750.jpg;ok
SklS-0751;Zábradlí > Profily na zábradlí;https://qubaglass.pl/environment/cache/images/productGfx_10078_700_700/kotwienie-balu.jpg;scripts/output/images/zabradli/profily-na-zabradli/SklS-0751.jpg;ok
SklS-0752;Zábradlí > Profily na zábradlí;https://qubaglass.pl/environment/cache/images/productGfx_10079_700_700/kotwienie-balu.jpg;scripts/output/images/zabradli/profily-na-zabradli/SklS-0752.jpg;ok
SklS-0753;Zábradlí > Profily na zábradlí;https://qubaglass.pl/environment/cache/images/productGfx_10080_700_700/kotwienie-balu.jpg;scripts/output/images/zabradli/profily-na-zabradli/SklS-0753.jpg;ok
SklS-0754;Zábradlí > Profily na zábradlí;https://qubaglass.pl/environment/cache/images/productGfx_10081_700_700/kotwienie-balu.jpg;scripts/output/images/zabradli/profily-na-zabradli/SklS-0754.jpg;ok
SklS-0755;Zábradlí > Profily na zábradlí;https://qubaglass.pl/environment/cache/images/productGfx_9506_700_700/profil-odplywowy.png;scripts/output/images/zabradli/profily-na-zabradli/SklS-0755.png;ok
SklS-0756;Zábradlí > Profily na zábradlí;https://qubaglass.pl/environment/cache/images/productGfx_12863_700_700/profil-U-do-balustrady-szklanej-czarny-mat-2%2C5-m.jpg;scripts/output/images/zabradli/profily-na-zabradli/SklS-0756.jpg;ok
SklS-0757;Zábradlí > Profily na zábradlí;https://qubaglass.pl/environment/cache/images/productGfx_12865_700_700/profil-U-balustrada-szklana-czarny-mat-5m.jpg;scripts/output/images/zabradli/profily-na-zabradli/SklS-0757.jpg;ok
SklS-0758;Zábradlí > Profily na zábradlí;https://qubaglass.pl/environment/cache/images/productGfx_12871_700_700/zaslepka-czarna-do-profilu-balustrady.png;scripts/output/images/zabradli/profily-na-zabradli/SklS-0758.png;ok
SklS-0759;Zábradlí > Profily na zábradlí;https://qubaglass.pl/environment/cache/images/productGfx_12869_700_700/profil-narozny-in-czarny-mat-do-balustrady.jpg;scripts/output/images/zabradli/profily-na-zabradli/SklS-0759.jpg;ok
SklS-0760;Zábradlí > Profily na zábradlí;https://qubaglass.pl/environment/cache/images/productGfx_12867_700_700/profil-out-czarny-mat-do-balustrady-narozny.jpg;scripts/output/images/zabradli/profily-na-zabradli/SklS-0760.jpg;ok
SklS-0761;Zábradlí > Profily na zábradlí;https://qubaglass.pl/environment/cache/images/productGfx_12873_700_700/profil-L0006-profil-balustrady-ze-stopka.jpg;scripts/output/images/zabradli/profily-na-zabradli/SklS-0761.jpg;ok
SklS-0762;Zábradlí > Profily na zábradlí;https://qubaglass.pl/environment/cache/images/productGfx_12875_700_700/profil-balustrady-szklanej-L-0006-5m.jpg;scripts/output/images/zabradli/profily-na-zabradli/SklS-0762.jpg;ok
SklS-0763;Zábradlí > Profily na zábradlí;https://qubaglass.pl/environment/cache/images/productGfx_12891_700_700/profil_L_narozny-IN-satyna.jpg;scripts/output/images/zabradli/profily-na-zabradli/SklS-0763.jpg;ok
SklS-0764;Zábradlí > Profily na zábradlí;https://qubaglass.pl/environment/cache/images/productGfx_12893_700_700/profil-narozny-90-stopni-out-satyna.png;scripts/output/images/zabradli/profily-na-zabradli/SklS-0764.png;ok
SklS-0765;Zábradlí > Profily na zábradlí;https://qubaglass.pl/environment/cache/images/productGfx_12881_700_700/zaslepka-prawa-satyna-do-profilu-L.jpg;scripts/output/images/zabradli/profily-na-zabradli/SklS-0765.jpg;ok
SklS-0766;Zábradlí > Profily na zábradlí;https://qubaglass.pl/environment/cache/images/productGfx_12877_700_700/zaslepka-lewa-satyna-profil-L.jpg;scripts/output/images/zabradli/profily-na-zabradli/SklS-0766.jpg;ok
SklS-0767;Zábradlí > Profily na zábradlí;https://qubaglass.pl/environment/cache/images/productGfx_12895_700_700/profil_L0006_2%2C5-m-czarny.jpg;scripts/output/images/zabradli/profily-na-zabradli/SklS-0767.jpg;ok
SklS-0768;Zábradlí > Profily na zábradlí;https://qubaglass.pl/environment/cache/images/productGfx_12897_700_700/profil_L0006_5-m-czarny.jpg;scripts/output/images/zabradli/profily-na-zabradli/SklS-0768.jpg;ok
SklS-0769;Zábradlí > Profily na zábradlí;https://qubaglass.pl/environment/cache/images/productGfx_12901_700_700/profil_L_0006-nrozny-IN-czarny.jpg;scripts/output/images/zabradli/profily-na-zabradli/SklS-0769.jpg;ok
SklS-0770;Zábradlí > Profily na zábradlí;https://qubaglass.pl/environment/cache/images/productGfx_12905_700_700/profil-balustrady_OUT-czarny-mat.jpg;scripts/output/images/zabradli/profily-na-zabradli/SklS-0770.jpg;ok
SklS-0771;Zábradlí > Profily na zábradlí;https://qubaglass.pl/environment/cache/images/productGfx_12910_700_700/zaslepka_lewa_do_L_0006.jpg;scripts/output/images/zabradli/profily-na-zabradli/SklS-0771.jpg;ok
SklS-0772;Zábradlí > Profily na zábradlí;https://qubaglass.pl/environment/cache/images/productGfx_12914_700_700/zaslepka_prawa_L_006.jpg;scripts/output/images/zabradli/profily-na-zabradli/SklS-0772.jpg;ok
SklS-0773;Zábradlí > Profily na zábradlí;https://qubaglass.pl/environment/cache/images/productGfx_12916_700_700/profil-boczny-2%2C5-m-satyna.jpg;scripts/output/images/zabradli/profily-na-zabradli/SklS-0773.jpg;ok
SklS-0774;Zábradlí > Profily na zábradlí;https://qubaglass.pl/environment/cache/images/productGfx_12918_700_700/profil-boczny-2%2C5-m-satyna.jpg;scripts/output/images/zabradli/profily-na-zabradli/SklS-0774.jpg;ok
SklS-0775;Zábradlí > Profily na zábradlí;https://qubaglass.pl/environment/cache/images/productGfx_12926_700_700/nakladka_na_profil_boczny.jpg;scripts/output/images/zabradli/profily-na-zabradli/SklS-0775.jpg;ok
SklS-0776;Zábradlí > Profily na zábradlí;https://qubaglass.pl/environment/cache/images/productGfx_12928_700_700/nakladka_na_profil_boczny.jpg;scripts/output/images/zabradli/profily-na-zabradli/SklS-0776.jpg;ok
SklS-0777;Zábradlí > Profily na zábradlí;https://qubaglass.pl/environment/cache/images/productGfx_12940_700_700/profil-boczny-czarny-2%2C5-m.png;scripts/output/images/zabradli/profily-na-zabradli/SklS-0777.png;ok
SklS-0778;Zábradlí > Profily na zábradlí;https://qubaglass.pl/environment/cache/images/productGfx_12942_700_700/profil-boczny-czarny-2%2C5-m.png;scripts/output/images/zabradli/profily-na-zabradli/SklS-0778.png;ok
SklS-0779;Zábradlí > Profily na zábradlí;https://qubaglass.pl/environment/cache/images/productGfx_12945_700_700/nakladka-na-profil-boczny-czarna.png;scripts/output/images/zabradli/profily-na-zabradli/SklS-0779.png;ok
SklS-0780;Zábradlí > Profily na zábradlí;https://qubaglass.pl/environment/cache/images/productGfx_12947_700_700/nakladka-na-profil-boczny-czarna.png;scripts/output/images/zabradli/profily-na-zabradli/SklS-0780.png;ok
SklS-0781;Zábradlí > Profily na zábradlí;https://qubaglass.pl/environment/cache/images/productGfx_12922_700_700/zaslepka-do-profilu-bocznego-satyna.jpg;scripts/output/images/zabradli/profily-na-zabradli/SklS-0781.jpg;ok
SklS-0782;Zábradlí > Profily na zábradlí;https://qubaglass.pl/environment/cache/images/productGfx_12950_700_700/zaslepka_na_profil-boczny-czarna.png;scripts/output/images/zabradli/profily-na-zabradli/SklS-0782.png;ok
SklS-0783;Zábradlí > Profily na zábradlí;https://qubaglass.pl/environment/cache/images/productGfx_12936_700_700/profil-boczny-balustrady-IN.png;scripts/output/images/zabradli/profily-na-zabradli/SklS-0783.png;ok
SklS-0784;Zábradlí > Profily na zábradlí;https://qubaglass.pl/environment/cache/images/productGfx_12932_700_700/profil-narozny-do-profilu-bocznego-OUT.png;scripts/output/images/zabradli/profily-na-zabradli/SklS-0784.png;ok
SklS-0785;Zábradlí > Profily na zábradlí;https://qubaglass.pl/environment/cache/images/productGfx_12954_700_700/profil-boczny-czarny-IN.png;scripts/output/images/zabradli/profily-na-zabradli/SklS-0785.png;ok
SklS-0786;Zábradlí > Profily na zábradlí;https://qubaglass.pl/environment/cache/images/productGfx_12958_700_700/profil-boczny-czarny-OUT.png;scripts/output/images/zabradli/profily-na-zabradli/SklS-0786.png;ok
SklS-0787;Zábradlí > Profily FIX na zábradlí;https://qubaglass.pl/environment/cache/images/productGfx_13688_700_700/listwa-kryjaca-do-profilu-bocznego-U-UNO-2%2C5-m.jpg;scripts/output/images/zabradli/profily-fix-na-zabradli/SklS-0787.jpg;ok
SklS-0788;Zábradlí > Profily FIX na zábradlí;https://qubaglass.pl/environment/cache/images/productGfx_13690_700_700/listwa-kryjaca-do-profilu-bocznego-U-UNO-5m.jpg;scripts/output/images/zabradli/profily-fix-na-zabradli/SklS-0788.jpg;ok
SklS-0789;Zábradlí > Profily FIX na zábradlí;https://qubaglass.pl/environment/cache/images/productGfx_13574_700_700/oklinowanie-i-uszczelki---profil-U-2%2C5m-szklo-12%2C76.jpg;scripts/output/images/zabradli/profily-fix-na-zabradli/SklS-0789.jpg;ok
SklS-0790;Zábradlí > Profily FIX na zábradlí;https://qubaglass.pl/environment/cache/images/productGfx_13700_700_700/oklinowanie-i-uszczelki---SZKLO-16%2C76-mm.jpg;scripts/output/images/zabradli/profily-fix-na-zabradli/SklS-0790.jpg;ok
SklS-0791;Zábradlí > Profily FIX na zábradlí;https://qubaglass.pl/environment/cache/images/productGfx_13590_700_700/oklinowanie-do-profilu-U-PRO.jpg;scripts/output/images/zabradli/profily-fix-na-zabradli/SklS-0791.jpg;ok
SklS-0792;Zábradlí > Profily FIX na zábradlí;https://qubaglass.pl/environment/cache/images/productGfx_13575_700_700/oklinowanie-i-uszczelki---profil-U-5m-szklo-12%2C76.jpg;scripts/output/images/zabradli/profily-fix-na-zabradli/SklS-0792.jpg;ok
SklS-0793;Zábradlí > Profily FIX na zábradlí;https://qubaglass.pl/environment/cache/images/productGfx_13703_700_700/oklinowanie-i-uszczelki---SZKLO-16%2C76-mm.jpg;scripts/output/images/zabradli/profily-fix-na-zabradli/SklS-0793.jpg;ok
SklS-0794;Zábradlí > Profily FIX na zábradlí;https://qubaglass.pl/environment/cache/images/productGfx_13591_700_700/oklinowanie-do-profilu-U-PRO.jpg;scripts/output/images/zabradli/profily-fix-na-zabradli/SklS-0794.jpg;ok
SklS-0795;Zábradlí > Profily FIX na zábradlí;https://qubaglass.pl/environment/cache/images/productGfx_13674_700_700/oklinowanie-i-uszczelki---SZKLO-16%2C76-mm.jpg;scripts/output/images/zabradli/profily-fix-na-zabradli/SklS-0795.jpg;ok
SklS-0796;Zábradlí > Profily FIX na zábradlí;https://qubaglass.pl/environment/cache/images/productGfx_13573_700_700/oklinowanie-i-uszczelki---profil-U-2%2C5m-szklo-16%2C76.jpg;scripts/output/images/zabradli/profily-fix-na-zabradli/SklS-0796.jpg;ok
SklS-0797;Zábradlí > Profily FIX na zábradlí;https://qubaglass.pl/environment/cache/images/productGfx_13701_700_700/oklinowanie-i-uszczelki---SZKLO-16%2C76-mm.jpg;scripts/output/images/zabradli/profily-fix-na-zabradli/SklS-0797.jpg;ok
SklS-0798;Zábradlí > Profily FIX na zábradlí;https://qubaglass.pl/environment/cache/images/productGfx_13593_700_700/oklinowanie-do-profilu-U-PRO.jpg;scripts/output/images/zabradli/profily-fix-na-zabradli/SklS-0798.jpg;ok
SklS-0799;Zábradlí > Profily FIX na zábradlí;https://qubaglass.pl/environment/cache/images/productGfx_13580_700_700/oklinowanie-i-uszczelki-do-profilu-U-UNOXL---szklo-16%2C76.jpg;scripts/output/images/zabradli/profily-fix-na-zabradli/SklS-0799.jpg;ok
SklS-0800;Zábradlí > Profily FIX na zábradlí;https://qubaglass.pl/environment/cache/images/productGfx_13675_700_700/oklinowanie-i-uszczelki---SZKLO-16%2C76-mm.jpg;scripts/output/images/zabradli/profily-fix-na-zabradli/SklS-0800.jpg;ok
SklS-0801;Zábradlí > Profily FIX na zábradlí;https://qubaglass.pl/environment/cache/images/productGfx_13576_700_700/oklinowanie-i-uszczelki---profil-U-5m-szklo-16%2C76.jpg;scripts/output/images/zabradli/profily-fix-na-zabradli/SklS-0801.jpg;ok
SklS-0802;Zábradlí > Profily FIX na zábradlí;https://qubaglass.pl/environment/cache/images/productGfx_13702_700_700/oklinowanie-i-uszczelki---SZKLO-16%2C76-mm.jpg;scripts/output/images/zabradli/profily-fix-na-zabradli/SklS-0802.jpg;ok
SklS-0803;Zábradlí > Profily FIX na zábradlí;https://qubaglass.pl/environment/cache/images/productGfx_13592_700_700/oklinowanie-do-profilu-U-PRO.jpg;scripts/output/images/zabradli/profily-fix-na-zabradli/SklS-0803.jpg;ok
SklS-0804;Zábradlí > Profily FIX na zábradlí;https://qubaglass.pl/environment/cache/images/productGfx_13581_700_700/oklinowanie-i-uszczelki-do-profilu-U-UNOXL---szklo-16%2C76.jpg;scripts/output/images/zabradli/profily-fix-na-zabradli/SklS-0804.jpg;ok
SklS-0805;Zábradlí > Profily FIX na zábradlí;https://qubaglass.pl/environment/cache/images/productGfx_13692_700_700/profil-boczny-U-UNO---90-st.-IN.jpg;scripts/output/images/zabradli/profily-fix-na-zabradli/SklS-0805.jpg;ok
SklS-0806;Zábradlí > Profily FIX na zábradlí;https://qubaglass.pl/environment/cache/images/productGfx_13565_700_700/profil-U-PRO-2%2C5-m.jpg;scripts/output/images/zabradli/profily-fix-na-zabradli/SklS-0806.jpg;ok
SklS-0807;Zábradlí > Profily FIX na zábradlí;https://qubaglass.pl/environment/cache/images/productGfx_13567_700_700/profil-U-PRO-5-m.jpg;scripts/output/images/zabradli/profily-fix-na-zabradli/SklS-0807.jpg;ok
SklS-0808;Zábradlí > Profily FIX na zábradlí;https://qubaglass.pl/environment/cache/images/productGfx_13569_700_700/profil-narozny-U-PRO--90-stopni-OUT.jpg;scripts/output/images/zabradli/profily-fix-na-zabradli/SklS-0808.jpg;ok
SklS-0809;Zábradlí > Profily FIX na zábradlí;https://qubaglass.pl/environment/cache/images/productGfx_13577_700_700/profil-U-UNOXL-2%2C5.jpg;scripts/output/images/zabradli/profily-fix-na-zabradli/SklS-0809.jpg;ok
SklS-0810;Zábradlí > Profily FIX na zábradlí;https://qubaglass.pl/environment/cache/images/productGfx_13578_700_700/profil-U-UNOXL-5m.jpg;scripts/output/images/zabradli/profily-fix-na-zabradli/SklS-0810.jpg;ok
SklS-0811;Zábradlí > Profily FIX na zábradlí;https://qubaglass.pl/environment/cache/images/productGfx_13582_700_700/profil-narozny-OUT----U-UNOXL.jpg;scripts/output/images/zabradli/profily-fix-na-zabradli/SklS-0811.jpg;ok
SklS-0812;Zábradlí > Profily FIX na zábradlí;https://qubaglass.pl/environment/cache/images/productGfx_13684_700_700/profil-boczny-U-UNO-2%2C5m.jpg;scripts/output/images/zabradli/profily-fix-na-zabradli/SklS-0812.jpg;ok
SklS-0813;Zábradlí > Profily FIX na zábradlí;https://qubaglass.pl/environment/cache/images/productGfx_13686_700_700/profil-boczny-U-UNO-5m.jpg;scripts/output/images/zabradli/profily-fix-na-zabradli/SklS-0813.jpg;ok
SklS-0814;Zábradlí > Profily FIX na zábradlí;https://qubaglass.pl/environment/cache/images/productGfx_13588_700_700/profil-L-UNO-2%2C5m.jpg;scripts/output/images/zabradli/profily-fix-na-zabradli/SklS-0814.jpg;ok
SklS-0815;Zábradlí > Profily FIX na zábradlí;https://qubaglass.pl/environment/cache/images/productGfx_13594_700_700/profil-L-UNO-5m.jpg;scripts/output/images/zabradli/profily-fix-na-zabradli/SklS-0815.jpg;ok
SklS-0816;Zábradlí > Profily FIX na zábradlí;https://qubaglass.pl/environment/cache/images/productGfx_13672_700_700/profil-L-PRO-0018-5m.jpg;scripts/output/images/zabradli/profily-fix-na-zabradli/SklS-0816.jpg;ok
SklS-0817;Zábradlí > Profily FIX na zábradlí;https://qubaglass.pl/environment/cache/images/productGfx_13662_700_700/profil-L-UNO---90-st.-IN.jpg;scripts/output/images/zabradli/profily-fix-na-zabradli/SklS-0817.jpg;ok
SklS-0818;Zábradlí > Profily FIX na zábradlí;https://qubaglass.pl/environment/cache/images/productGfx_13682_700_700/profil-L-PRO-0018---90-st.-IN.jpg;scripts/output/images/zabradli/profily-fix-na-zabradli/SklS-0818.jpg;ok
SklS-0819;Zábradlí > Profily FIX na zábradlí;https://qubaglass.pl/environment/cache/images/productGfx_13664_700_700/profil-L-UNO---90-st.-OUT.jpg;scripts/output/images/zabradli/profily-fix-na-zabradli/SklS-0819.jpg;ok
SklS-0820;Zábradlí > Profily FIX na zábradlí;https://qubaglass.pl/environment/cache/images/productGfx_13670_700_700/profil-L-PRO-0018-2%2C5m.jpg;scripts/output/images/zabradli/profily-fix-na-zabradli/SklS-0820.jpg;ok
SklS-0821;Zábradlí > Profily FIX na zábradlí;https://qubaglass.pl/environment/cache/images/productGfx_13694_700_700/profil-boczny-U-UNO---09-st.-OUT.jpg;scripts/output/images/zabradli/profily-fix-na-zabradli/SklS-0821.jpg;ok
SklS-0822;Zábradlí > Profily FIX na zábradlí;https://qubaglass.pl/environment/cache/images/productGfx_13680_700_700/profil-L-PRO-0018---90-st.-OUT.jpg;scripts/output/images/zabradli/profily-fix-na-zabradli/SklS-0822.jpg;ok
SklS-0823;Zábradlí > Profily FIX na zábradlí;https://qubaglass.pl/environment/cache/images/productGfx_13586_700_700/profil-odplywowy.jpg;scripts/output/images/zabradli/profily-fix-na-zabradli/SklS-0823.jpg;ok
SklS-0824;Zábradlí > Profily FIX na zábradlí;https://qubaglass.pl/environment/cache/images/productGfx_13584_700_700/zaslepki-do-profilu-U-UNOXL.jpg;scripts/output/images/zabradli/profily-fix-na-zabradli/SklS-0824.jpg;ok
SklS-0825;Zábradlí > Profily FIX na zábradlí;https://qubaglass.pl/environment/cache/images/productGfx_13696_700_700/zaslepka-AL-0034-005-UNO-S-E-do-profilu-bocznego-U-UNO.jpg;scripts/output/images/zabradli/profily-fix-na-zabradli/SklS-0825.jpg;ok
SklS-0826;Zábradlí > Profily FIX na zábradlí;https://qubaglass.pl/environment/cache/images/productGfx_13698_700_700/zaslepka-AL-0035-005-UNO-S-E-do-profilu-bocznego-U-UNO.jpg;scripts/output/images/zabradli/profily-fix-na-zabradli/SklS-0826.jpg;ok
SklS-0827;Zábradlí > Profily FIX na zábradlí;https://qubaglass.pl/environment/cache/images/productGfx_13666_700_700/zaslepka-do-profilu-L-UNO-lewa.jpg;scripts/output/images/zabradli/profily-fix-na-zabradli/SklS-0827.jpg;ok
SklS-0828;Zábradlí > Profily FIX na zábradlí;https://qubaglass.pl/environment/cache/images/productGfx_13668_700_700/zaslepka-do-profilu-L-UNO-prawa.jpg;scripts/output/images/zabradli/profily-fix-na-zabradli/SklS-0828.jpg;ok
SklS-0829;Zábradlí > Profily FIX na zábradlí;https://qubaglass.pl/environment/cache/images/productGfx_13678_700_700/zaslepka-lewa---profil-L-PRO-0018.jpg;scripts/output/images/zabradli/profily-fix-na-zabradli/SklS-0829.jpg;ok
SklS-0830;Zábradlí > Profily FIX na zábradlí;https://qubaglass.pl/environment/cache/images/productGfx_13676_700_700/zaslepka-prawa---profil-L-PRO-0018.jpg;scripts/output/images/zabradli/profily-fix-na-zabradli/SklS-0830.jpg;ok
SklS-0831;Zábradlí > Profily FIX na zábradlí;https://qubaglass.pl/environment/cache/images/productGfx_13571_700_700/Zaslepka-do-profilu-U-PRO.jpg;scripts/output/images/zabradli/profily-fix-na-zabradli/SklS-0831.jpg;ok
SklS-0832;Stříšky > Stříšky skladem;https://qubaglass.pl/environment/cache/images/productGfx_13144_700_700/daszek_szklany_bialy_qubaglass_bezpieczny.jpg;scripts/output/images/strisky/strisky-skladem/SklS-0832.jpg;ok
SklS-0833;Stříšky > Stříšky skladem;https://qubaglass.pl/environment/cache/images/productGfx_12785_700_700/daszek_szklany_bialy_qubaglass_bezpieczny.jpg;scripts/output/images/strisky/strisky-skladem/SklS-0833.jpg;ok
SklS-0834;Stříšky > Stříšky skladem;https://qubaglass.pl/environment/cache/images/productGfx_15358_700_700/daszek_szklany_bialy_qubaglass_bezpieczny.jpg;scripts/output/images/strisky/strisky-skladem/SklS-0834.jpg;ok
SklS-0835;Stříšky > Stříšky skladem;https://qubaglass.pl/environment/cache/images/productGfx_12786_700_700/daszek_szklany_bialy_qubaglass_bezpieczny.jpg;scripts/output/images/strisky/strisky-skladem/SklS-0835.jpg;ok
SklS-0836;Stříšky > Stříšky skladem;https://qubaglass.pl/environment/cache/images/productGfx_13113_700_700/daszek_szklany_bialy_qubaglass_bezpieczny.jpg;scripts/output/images/strisky/strisky-skladem/SklS-0836.jpg;ok
SklS-0837;Stříšky > Stříšky skladem;https://qubaglass.pl/environment/cache/images/productGfx_13124_700_700/daszek_szklany_do_budynkow_ocieplonych_qubaglass.pl.jpg;scripts/output/images/strisky/strisky-skladem/SklS-0837.jpg;ok
SklS-0838;Stříšky > Stříšky skladem;https://qubaglass.pl/environment/cache/images/productGfx_12972_700_700/daszek_szklany_do_budynkow_ocieplonych_qubaglass.pl.jpg;scripts/output/images/strisky/strisky-skladem/SklS-0838.jpg;ok
SklS-0839;Stříšky > Stříšky skladem;https://qubaglass.pl/environment/cache/images/productGfx_13134_700_700/daszek_szklany_do_budynkow_ocieplonych_qubaglass.pl.jpg;scripts/output/images/strisky/strisky-skladem/SklS-0839.jpg;ok
SklS-0840;Stříšky > Stříšky skladem;https://qubaglass.pl/environment/cache/images/productGfx_13382_700_700/eco-szklany-daszek-z-rynna-od-reki.jpg;scripts/output/images/strisky/strisky-skladem/SklS-0840.jpg;ok
SklS-0841;Stříšky > Stříšky skladem;https://qubaglass.pl/environment/cache/images/productGfx_13396_700_700/daszek-szklany-eco-rynna-spustowa-z-rynna.jpg;scripts/output/images/strisky/strisky-skladem/SklS-0841.jpg;ok
SklS-0842;Stříšky > Stříšky skladem;https://qubaglass.pl/environment/cache/images/productGfx_13450_700_700/daszek-szklany-na-wspornikach-daszek-od-reki-szybka-wysylka.jpg;scripts/output/images/strisky/strisky-skladem/SklS-0842.jpg;ok
SklS-0843;Stříšky > Stříšky systémové;https://qubaglass.pl/environment/cache/images/productGfx_10067_700_700/daszek_szklany_ZETA_daszki_szklane.jpg;scripts/output/images/strisky/strisky-systemove/SklS-0843.jpg;ok
SklS-0844;Stříšky > Stříšky systémové;https://qubaglass.pl/environment/cache/images/productGfx_14643_700_700/zadaszenie-szklane-okapnik-rynna.jpg;scripts/output/images/strisky/strisky-systemove/SklS-0844.jpg;ok
SklS-0845;Stříšky > Stříšky systémové;https://qubaglass.pl/environment/cache/images/productGfx_14638_700_700/daszek-szklany-panel-boczny-qubaglass-daszek-ze-szkla-sciana-boczna.png;scripts/output/images/strisky/strisky-systemove/SklS-0845.png;ok
SklS-0846;Stříšky > Stříšky s okapem;https://qubaglass.pl/environment/cache/images/productGfx_10865_700_700/daszek_szklany_z_rynna_spustowa_2_naciagi.jpg;scripts/output/images/strisky/strisky-s-okapem/SklS-0846.jpg;ok
SklS-0847;Stříšky > Stříšky s okapem;https://qubaglass.pl/environment/cache/images/productGfx_10867_700_700/daszek_szklany_z_rynna_spustowa_2_naciagi.jpg;scripts/output/images/strisky/strisky-s-okapem/SklS-0847.jpg;ok
SklS-0848;Stříšky > Stříšky s okapem;https://qubaglass.pl/environment/cache/images/productGfx_10877_700_700/daszek_szklany_z_rynna_spustowa_2_naciagi.jpg;scripts/output/images/strisky/strisky-s-okapem/SklS-0848.jpg;ok
SklS-0849;Stříšky > Stříšky s okapem;https://qubaglass.pl/environment/cache/images/productGfx_10908_700_700/daszek_szklany_na_odciagach_rynna.jpg;scripts/output/images/strisky/strisky-s-okapem/SklS-0849.jpg;ok
SklS-0850;Stříšky > Stříšky s okapem;https://qubaglass.pl/environment/cache/images/productGfx_10910_700_700/daszek_szklany_na_odciagach_rynna.jpg;scripts/output/images/strisky/strisky-s-okapem/SklS-0850.jpg;ok
SklS-0851;Stříšky > Stříšky s okapem;https://qubaglass.pl/environment/cache/images/productGfx_10897_700_700/daszek_szklany_na_odciagach_rynna.jpg;scripts/output/images/strisky/strisky-s-okapem/SklS-0851.jpg;ok
SklS-0852;Stříšky > Stříšky s okapem;https://qubaglass.pl/environment/cache/images/productGfx_10919_700_700/daszek_szklany_na_odciagach_rynna.jpg;scripts/output/images/strisky/strisky-s-okapem/SklS-0852.jpg;ok
SklS-0853;Stříšky > Stříšky s okapem;https://qubaglass.pl/environment/cache/images/productGfx_10928_700_700/daszek_szklany_na_odciagach_rynna.jpg;scripts/output/images/strisky/strisky-s-okapem/SklS-0853.jpg;ok
SklS-0854;Stříšky > Stříšky s okapem;https://qubaglass.pl/environment/cache/images/productGfx_10938_700_700/zadaszenie_szklane_z_rynna_daszek.jpg;scripts/output/images/strisky/strisky-s-okapem/SklS-0854.jpg;ok
SklS-0855;Stříšky > Stříšky s okapem;https://qubaglass.pl/environment/cache/images/productGfx_10946_700_700/daszek_szklany_na_odciagach_rynna.jpg;scripts/output/images/strisky/strisky-s-okapem/SklS-0855.jpg;ok
SklS-0856;Stříšky > Stříšky s okapem;https://qubaglass.pl/environment/cache/images/productGfx_10955_700_700/daszek_szklany_na_odciagach_rynna.jpg;scripts/output/images/strisky/strisky-s-okapem/SklS-0856.jpg;ok
SklS-0857;Stříšky > Stříšky s okapem;https://qubaglass.pl/environment/cache/images/productGfx_10964_700_700/daszek_szklany_na_odciagach_rynna.jpg;scripts/output/images/strisky/strisky-s-okapem/SklS-0857.jpg;ok
SklS-0858;Stříšky > Stříšky s okapem;https://qubaglass.pl/environment/cache/images/productGfx_12089_700_700/daszek-z-rynna-daszki-z-rynna-na-wymiar.jpg;scripts/output/images/strisky/strisky-s-okapem/SklS-0858.jpg;ok
SklS-0859;Stříšky > Stříšky s okapem;https://qubaglass.pl/environment/cache/images/productGfx_12098_700_700/daszek-z-rynna-daszki-z-rynna-na-wymiar.jpg;scripts/output/images/strisky/strisky-s-okapem/SklS-0859.jpg;ok
SklS-0860;Stříšky > Stříšky s okapem;https://qubaglass.pl/environment/cache/images/productGfx_12116_700_700/daszek-zadaszenie-szklane-rynna-z-rynna-qubaglass.jpg;scripts/output/images/strisky/strisky-s-okapem/SklS-0860.jpg;ok
SklS-0861;Stříšky > Stříšky s okapem;https://qubaglass.pl/environment/cache/images/productGfx_12118_700_700/daszek-zadaszenie-szklane-rynna-z-rynna-qubaglass.jpg;scripts/output/images/strisky/strisky-s-okapem/SklS-0861.jpg;ok
SklS-0862;Stříšky > Stříšky s okapem;https://qubaglass.pl/environment/cache/images/productGfx_12127_700_700/daszek-zadaszenie-szklane-rynna-z-rynna-qubaglass.jpg;scripts/output/images/strisky/strisky-s-okapem/SklS-0862.jpg;ok
SklS-0863;Stříšky > Stříšky s okapem;https://qubaglass.pl/environment/cache/images/productGfx_12136_700_700/daszek-zadaszenie-szklane-rynna-z-rynna-qubaglass.jpg;scripts/output/images/strisky/strisky-s-okapem/SklS-0863.jpg;ok
SklS-0864;Stříšky > Stříšky s okapem;https://qubaglass.pl/environment/cache/images/productGfx_12145_700_700/daszek-zadaszenie-szklane-rynna-z-rynna-qubaglass.jpg;scripts/output/images/strisky/strisky-s-okapem/SklS-0864.jpg;ok
SklS-0865;Stříšky > Stříšky s okapem;https://qubaglass.pl/environment/cache/images/productGfx_12154_700_700/daszek-zadaszenie-szklane-rynna-z-rynna-qubaglass.jpg;scripts/output/images/strisky/strisky-s-okapem/SklS-0865.jpg;ok
SklS-0866;Stříšky > Stříšky s okapem;https://qubaglass.pl/environment/cache/images/productGfx_12163_700_700/daszek-zadaszenie-szklane-rynna-z-rynna-qubaglass.jpg;scripts/output/images/strisky/strisky-s-okapem/SklS-0866.jpg;ok
SklS-0867;Stříšky > Stříšky s okapem;https://qubaglass.pl/environment/cache/images/productGfx_12172_700_700/daszek-zadaszenie-szklane-rynna-z-rynna-qubaglass.jpg;scripts/output/images/strisky/strisky-s-okapem/SklS-0867.jpg;ok
SklS-0868;Stříšky > Stříšky s okapem;https://qubaglass.pl/environment/cache/images/productGfx_12181_700_700/daszek-zadaszenie-szklane-rynna-z-rynna-qubaglass.jpg;scripts/output/images/strisky/strisky-s-okapem/SklS-0868.jpg;ok
SklS-0869;Stříšky > Stříšky s okapem;https://qubaglass.pl/environment/cache/images/productGfx_14378_700_700/daszek-rynna-daszki-z-rynna-qubaglass-daszki.jpg;scripts/output/images/strisky/strisky-s-okapem/SklS-0869.jpg;ok
SklS-0870;Stříšky > Stříšky s černým kováním;https://qubaglass.pl/environment/cache/images/productGfx_8588_700_700/daszek_szklany_dwa_naciagi_czarne.jpg;scripts/output/images/strisky/strisky-s-cernym-kovanim/SklS-0870.jpg;ok
SklS-0871;Stříšky > Stříšky s černým kováním;https://qubaglass.pl/environment/cache/images/productGfx_8592_700_700/daszek_szklany_dwa_naciagi_czarne.jpg;scripts/output/images/strisky/strisky-s-cernym-kovanim/SklS-0871.jpg;ok
SklS-0872;Stříšky > Stříšky s černým kováním;https://qubaglass.pl/environment/cache/images/productGfx_11013_700_700/daszek_szklany_czarne_mocowania_trzy_naciagi.jpg;scripts/output/images/strisky/strisky-s-cernym-kovanim/SklS-0872.jpg;ok
SklS-0873;Stříšky > Stříšky s černým kováním;https://qubaglass.pl/environment/cache/images/productGfx_8603_700_700/daszek_szklany_matowy_qubaglass-cz.jpg;scripts/output/images/strisky/strisky-s-cernym-kovanim/SklS-0873.jpg;ok
SklS-0874;Stříšky > Stříšky s černým kováním;https://qubaglass.pl/environment/cache/images/productGfx_8606_700_700/daszek_szklany_matowy_qubaglass-cz.jpg;scripts/output/images/strisky/strisky-s-cernym-kovanim/SklS-0874.jpg;ok
SklS-0875;Stříšky > Stříšky s černým kováním;https://qubaglass.pl/environment/cache/images/productGfx_11011_700_700/zadaszenie_szklane_na_czarnych_mocowaniach.jpg;scripts/output/images/strisky/strisky-s-cernym-kovanim/SklS-0875.jpg;ok
SklS-0876;Stříšky > Stříšky s černým kováním;https://qubaglass.pl/environment/cache/images/productGfx_8615_700_700/daszek-naciagi-czarne-okucia-grafit.jpg;scripts/output/images/strisky/strisky-s-cernym-kovanim/SklS-0876.jpg;ok
SklS-0877;Stříšky > Stříšky s černým kováním;https://qubaglass.pl/environment/cache/images/productGfx_8619_700_700/daszek-naciagi-czarne-okucia-grafit.jpg;scripts/output/images/strisky/strisky-s-cernym-kovanim/SklS-0877.jpg;ok
SklS-0878;Stříšky > Stříšky s černým kováním;https://qubaglass.pl/environment/cache/images/productGfx_11015_700_700/daszek_szklany_na_czarnych_mocowaniach_quba_grafitowy.jpg;scripts/output/images/strisky/strisky-s-cernym-kovanim/SklS-0878.jpg;ok
SklS-0879;Stříšky > Stříšky s černým kováním;https://qubaglass.pl/environment/cache/images/productGfx_8627_700_700/daszek_naciagi_brazowy_czarne_okucia.jpg;scripts/output/images/strisky/strisky-s-cernym-kovanim/SklS-0879.jpg;ok
SklS-0880;Stříšky > Stříšky s černým kováním;https://qubaglass.pl/environment/cache/images/productGfx_8631_700_700/daszek_naciagi_brazowy_czarne_okucia.jpg;scripts/output/images/strisky/strisky-s-cernym-kovanim/SklS-0880.jpg;ok
SklS-0881;Stříšky > Stříšky s černým kováním;https://qubaglass.pl/environment/cache/images/productGfx_11017_700_700/daszek_szklany_brazowy_czarne_mocowania.jpg;scripts/output/images/strisky/strisky-s-cernym-kovanim/SklS-0881.jpg;ok
SklS-0882;Stříšky > Stříšky s černým kováním;https://qubaglass.pl/environment/cache/images/productGfx_8669_700_700/daszek_szklany_czarne_mocowania_trzy_naciagi.jpg;scripts/output/images/strisky/strisky-s-cernym-kovanim/SklS-0882.jpg;ok
SklS-0883;Stříšky > Stříšky s černým kováním;https://qubaglass.pl/environment/cache/images/productGfx_8681_700_700/daszek_szklany_czarne_mocowania_trzy_naciagi.jpg;scripts/output/images/strisky/strisky-s-cernym-kovanim/SklS-0883.jpg;ok
SklS-0884;Stříšky > Stříšky s černým kováním;https://qubaglass.pl/environment/cache/images/productGfx_8696_700_700/daszek_szklany_czarne_mocowania_trzy_naciagi.jpg;scripts/output/images/strisky/strisky-s-cernym-kovanim/SklS-0884.jpg;ok
SklS-0885;Stříšky > Stříšky s černým kováním;https://qubaglass.pl/environment/cache/images/productGfx_8708_700_700/zadaszenie_szklane_na_czarnych_mocowaniach.jpg;scripts/output/images/strisky/strisky-s-cernym-kovanim/SklS-0885.jpg;ok
SklS-0886;Stříšky > Stříšky s černým kováním;https://qubaglass.pl/environment/cache/images/productGfx_8720_700_700/zadaszenie_szklane_na_czarnych_mocowaniach.jpg;scripts/output/images/strisky/strisky-s-cernym-kovanim/SklS-0886.jpg;ok
SklS-0887;Stříšky > Stříšky s černým kováním;https://qubaglass.pl/environment/cache/images/productGfx_8732_700_700/zadaszenie_szklane_na_czarnych_mocowaniach.jpg;scripts/output/images/strisky/strisky-s-cernym-kovanim/SklS-0887.jpg;ok
SklS-0888;Stříšky > Stříšky s černým kováním;https://qubaglass.pl/environment/cache/images/productGfx_8741_700_700/daszek_szklany_na_czarnych_mocowaniach_quba_grafitowy.jpg;scripts/output/images/strisky/strisky-s-cernym-kovanim/SklS-0888.jpg;ok
SklS-0889;Stříšky > Stříšky s černým kováním;https://qubaglass.pl/environment/cache/images/productGfx_11001_700_700/daszek_szklany_brazowy_czarne_mocowania.jpg;scripts/output/images/strisky/strisky-s-cernym-kovanim/SklS-0889.jpg;ok
SklS-0890;Stříšky > Stříšky s černým kováním;https://qubaglass.pl/environment/cache/images/productGfx_8751_700_700/daszek_szklany_na_czarnych_mocowaniach_quba_grafitowy.jpg;scripts/output/images/strisky/strisky-s-cernym-kovanim/SklS-0890.jpg;ok
SklS-0891;Stříšky > Stříšky s černým kováním;https://qubaglass.pl/environment/cache/images/productGfx_8761_700_700/daszek_szklany_na_czarnych_mocowaniach_quba_grafitowy.jpg;scripts/output/images/strisky/strisky-s-cernym-kovanim/SklS-0891.jpg;ok
SklS-0892;Stříšky > Stříšky s černým kováním;https://qubaglass.pl/environment/cache/images/productGfx_8771_700_700/daszek_szklany_brazowy_czarne_mocowania.jpg;scripts/output/images/strisky/strisky-s-cernym-kovanim/SklS-0892.jpg;ok
SklS-0893;Stříšky > Stříšky s černým kováním;https://qubaglass.pl/environment/cache/images/productGfx_8790_700_700/daszek_szklany_brazowy_czarne_mocowania.jpg;scripts/output/images/strisky/strisky-s-cernym-kovanim/SklS-0893.jpg;ok
SklS-0894;Stříšky > Stříšky s černým kováním;https://qubaglass.pl/environment/cache/images/productGfx_8800_700_700/daszek_szklany_czarne_mocowania_trzy_naciagi.jpg;scripts/output/images/strisky/strisky-s-cernym-kovanim/SklS-0894.jpg;ok
SklS-0895;Stříšky > Stříšky s černým kováním;https://qubaglass.pl/environment/cache/images/productGfx_8810_700_700/daszek_szklany_czarne_mocowania_trzy_naciagi.jpg;scripts/output/images/strisky/strisky-s-cernym-kovanim/SklS-0895.jpg;ok
SklS-0896;Stříšky > Stříšky s černým kováním;https://qubaglass.pl/environment/cache/images/productGfx_8820_700_700/daszek_szklany_czarne_mocowania_trzy_naciagi.jpg;scripts/output/images/strisky/strisky-s-cernym-kovanim/SklS-0896.jpg;ok
SklS-0897;Stříšky > Stříšky s černým kováním;https://qubaglass.pl/environment/cache/images/productGfx_8831_700_700/zadaszenie_szklane_na_czarnych_mocowaniach.jpg;scripts/output/images/strisky/strisky-s-cernym-kovanim/SklS-0897.jpg;ok
SklS-0898;Stříšky > Stříšky s černým kováním;https://qubaglass.pl/environment/cache/images/productGfx_8843_700_700/zadaszenie_szklane_na_czarnych_mocowaniach.jpg;scripts/output/images/strisky/strisky-s-cernym-kovanim/SklS-0898.jpg;ok
SklS-0899;Stříšky > Stříšky s černým kováním;https://qubaglass.pl/environment/cache/images/productGfx_8855_700_700/zadaszenie_szklane_na_czarnych_mocowaniach.jpg;scripts/output/images/strisky/strisky-s-cernym-kovanim/SklS-0899.jpg;ok
SklS-0900;Stříšky > Stříšky s černým kováním;https://qubaglass.pl/environment/cache/images/productGfx_8865_700_700/daszek_szklany_na_czarnych_mocowaniach_quba_grafitowy.jpg;scripts/output/images/strisky/strisky-s-cernym-kovanim/SklS-0900.jpg;ok
SklS-0901;Stříšky > Stříšky s černým kováním;https://qubaglass.pl/environment/cache/images/productGfx_8875_700_700/daszek_szklany_na_czarnych_mocowaniach_quba_grafitowy.jpg;scripts/output/images/strisky/strisky-s-cernym-kovanim/SklS-0901.jpg;ok
SklS-0902;Stříšky > Stříšky s černým kováním;https://qubaglass.pl/environment/cache/images/productGfx_8885_700_700/daszek_szklany_na_czarnych_mocowaniach_quba_grafitowy.jpg;scripts/output/images/strisky/strisky-s-cernym-kovanim/SklS-0902.jpg;ok
SklS-0903;Stříšky > Stříšky s černým kováním;https://qubaglass.pl/environment/cache/images/productGfx_8895_700_700/daszek_szklany_brazowy_czarne_mocowania.jpg;scripts/output/images/strisky/strisky-s-cernym-kovanim/SklS-0903.jpg;ok
SklS-0904;Stříšky > Stříšky s černým kováním;https://qubaglass.pl/environment/cache/images/productGfx_8905_700_700/daszek_szklany_brazowy_czarne_mocowania.jpg;scripts/output/images/strisky/strisky-s-cernym-kovanim/SklS-0904.jpg;ok
SklS-0905;Stříšky > Stříšky s černým kováním;https://qubaglass.pl/environment/cache/images/productGfx_8915_700_700/daszek_szklany_brazowy_czarne_mocowania.jpg;scripts/output/images/strisky/strisky-s-cernym-kovanim/SklS-0905.jpg;ok
SklS-0906;Stříšky > Stříšky s černým kováním;https://qubaglass.pl/environment/cache/images/productGfx_8925_700_700/daszek_szklany_czarne_mocowania_trzy_naciagi.jpg;scripts/output/images/strisky/strisky-s-cernym-kovanim/SklS-0906.jpg;ok
SklS-0907;Stříšky > Stříšky s černým kováním;https://qubaglass.pl/environment/cache/images/productGfx_9041_700_700/daszek_szklany_czarne_mocowania_trzy_naciagi.jpg;scripts/output/images/strisky/strisky-s-cernym-kovanim/SklS-0907.jpg;ok
SklS-0908;Stříšky > Stříšky s černým kováním;https://qubaglass.pl/environment/cache/images/productGfx_14564_700_700/daszek-szklany-zadszenie-szklane-na-naciagach-czarne-okucia-220x150-qubaglass-2.jpg;scripts/output/images/strisky/strisky-s-cernym-kovanim/SklS-0908.jpg;ok
SklS-0909;Stříšky > Stříšky s černým kováním;https://qubaglass.pl/environment/cache/images/productGfx_8957_700_700/zadaszenie_szklane_na_czarnych_mocowaniach.jpg;scripts/output/images/strisky/strisky-s-cernym-kovanim/SklS-0909.jpg;ok
SklS-0910;Stříšky > Stříšky s černým kováním;https://qubaglass.pl/environment/cache/images/productGfx_8983_700_700/zadaszenie_szklane_na_czarnych_mocowaniach.jpg;scripts/output/images/strisky/strisky-s-cernym-kovanim/SklS-0910.jpg;ok
SklS-0911;Stříšky > Stříšky s černým kováním;https://qubaglass.pl/environment/cache/images/productGfx_14565_700_700/daszek-szklany-qubaglass-220x150-matowy-czarne-okucia.jpg;scripts/output/images/strisky/strisky-s-cernym-kovanim/SklS-0911.jpg;ok
SklS-0912;Stříšky > Stříšky na táhlech;https://qubaglass.pl/environment/cache/images/productGfx_11377_700_700/daszek-szklany-150x100-cm-bezbarwny-przezroczysty-na-naciagach.jpg;scripts/output/images/strisky/strisky-na-tahlech/SklS-0912.jpg;ok
SklS-0913;Stříšky > Stříšky na táhlech;https://qubaglass.pl/environment/cache/images/productGfx_11430_700_700/daszek-szklany-matowy-szklo-matowe-qubaglass.jpg;scripts/output/images/strisky/strisky-na-tahlech/SklS-0913.jpg;ok
SklS-0914;Stříšky > Stříšky na táhlech;https://qubaglass.pl/environment/cache/images/productGfx_11422_700_700/daszek-zadaszenie-ze-szkla-150x100-cm-grafit-grafitowy-%E2%80%94-kopia.jpg;scripts/output/images/strisky/strisky-na-tahlech/SklS-0914.jpg;ok
SklS-0915;Stříšky > Stříšky na táhlech;https://qubaglass.pl/environment/cache/images/productGfx_11412_700_700/daszek-szklany-150x120-brazowy-zadaszenie-szklane.jpg;scripts/output/images/strisky/strisky-na-tahlech/SklS-0915.jpg;ok
SklS-0916;Stříšky > Stříšky na táhlech;https://qubaglass.pl/environment/cache/images/productGfx_11440_700_700/daszek-szklany-150x100-cm-bezbarwny-przezroczysty-na-naciagach.jpg;scripts/output/images/strisky/strisky-na-tahlech/SklS-0916.jpg;ok
SklS-0917;Stříšky > Stříšky na táhlech;https://qubaglass.pl/environment/cache/images/productGfx_11473_700_700/daszek-szklany-matowy-szklo-matowe-qubaglass.jpg;scripts/output/images/strisky/strisky-na-tahlech/SklS-0917.jpg;ok
SklS-0918;Stříšky > Stříšky na táhlech;https://qubaglass.pl/environment/cache/images/productGfx_11463_700_700/daszek-zadaszenie-ze-szkla-150x100-cm-grafit-grafitowy-%E2%80%94-kopia.jpg;scripts/output/images/strisky/strisky-na-tahlech/SklS-0918.jpg;ok
SklS-0919;Stříšky > Stříšky na táhlech;https://qubaglass.pl/environment/cache/images/productGfx_11453_700_700/daszek-szklany-150x120-brazowy-zadaszenie-szklane.jpg;scripts/output/images/strisky/strisky-na-tahlech/SklS-0919.jpg;ok
SklS-0920;Stříšky > Stříšky na táhlech;https://qubaglass.pl/environment/cache/images/productGfx_12087_700_700/daszek-szklany-na-naciagach-qubaglass-150x150-cm.jpg;scripts/output/images/strisky/strisky-na-tahlech/SklS-0920.jpg;ok
SklS-0921;Stříšky > Stříšky na táhlech;https://qubaglass.pl/environment/cache/images/productGfx_11502_700_700/daszek_szklany_zadaszenie_szkla-ne_qubaglass_200x90-OCo-kopia-mat.jpg;scripts/output/images/strisky/strisky-na-tahlech/SklS-0921.jpg;ok
SklS-0922;Stříšky > Stříšky na táhlech;https://qubaglass.pl/environment/cache/images/productGfx_11493_700_700/daszek-szklany-200x100-cm-grafit-grafitowy-szklo.jpg;scripts/output/images/strisky/strisky-na-tahlech/SklS-0922.jpg;ok
SklS-0923;Stříšky > Stříšky na táhlech;https://qubaglass.pl/environment/cache/images/productGfx_11510_700_700/daszek-szklany-zadaszenie-szklane-brazowy-200x120-cm.jpg;scripts/output/images/strisky/strisky-na-tahlech/SklS-0923.jpg;ok
SklS-0924;Stříšky > Stříšky na táhlech;https://qubaglass.pl/environment/cache/images/productGfx_11518_700_700/daszek-szklany-200x100-cm-zadaszenie-szklane-bezbarwny.jpg;scripts/output/images/strisky/strisky-na-tahlech/SklS-0924.jpg;ok
SklS-0925;Stříšky > Stříšky na táhlech;https://qubaglass.pl/environment/cache/images/productGfx_11550_700_700/daszek_szklany_zadaszenie_szkla-ne_qubaglass_200x90-OCo-kopia-mat.jpg;scripts/output/images/strisky/strisky-na-tahlech/SklS-0925.jpg;ok
SklS-0926;Stříšky > Stříšky na táhlech;https://qubaglass.pl/environment/cache/images/productGfx_11540_700_700/daszek-szklany-200x100-cm-grafit-grafitowy-szklo.jpg;scripts/output/images/strisky/strisky-na-tahlech/SklS-0926.jpg;ok
SklS-0927;Stříšky > Stříšky na táhlech;https://qubaglass.pl/environment/cache/images/productGfx_11529_700_700/daszek-szklany-zadaszenie-szklane-brazowy-200x120-cm.jpg;scripts/output/images/strisky/strisky-na-tahlech/SklS-0927.jpg;ok
SklS-0928;Stříšky > Stříšky na táhlech;https://qubaglass.pl/environment/cache/images/productGfx_11561_700_700/daszek-szklany-200x100-cm-zadaszenie-szklane-bezbarwny.jpg;scripts/output/images/strisky/strisky-na-tahlech/SklS-0928.jpg;ok
SklS-0929;Stříšky > Stříšky na táhlech;https://qubaglass.pl/environment/cache/images/productGfx_11591_700_700/daszek_szklany_zadaszenie_szkla-ne_qubaglass_200x90-OCo-kopia-mat.jpg;scripts/output/images/strisky/strisky-na-tahlech/SklS-0929.jpg;ok
SklS-0930;Stříšky > Stříšky na táhlech;https://qubaglass.pl/environment/cache/images/productGfx_11581_700_700/daszek-szklany-200x100-cm-grafit-grafitowy-szklo.jpg;scripts/output/images/strisky/strisky-na-tahlech/SklS-0930.jpg;ok
SklS-0931;Stříšky > Stříšky na táhlech;https://qubaglass.pl/environment/cache/images/productGfx_11570_700_700/daszek-szklany-zadaszenie-szklane-brazowy-200x120-cm.jpg;scripts/output/images/strisky/strisky-na-tahlech/SklS-0931.jpg;ok
SklS-0932;Stříšky > Stříšky na táhlech;https://qubaglass.pl/environment/cache/images/productGfx_11602_700_700/daszek-szklany-200x100-cm-zadaszenie-szklane-bezbarwny.jpg;scripts/output/images/strisky/strisky-na-tahlech/SklS-0932.jpg;ok
SklS-0933;Stříšky > Stříšky na táhlech;https://qubaglass.pl/environment/cache/images/productGfx_11631_700_700/daszek_szklany_zadaszenie_szkla-ne_qubaglass_200x90-OCo-kopia-mat.jpg;scripts/output/images/strisky/strisky-na-tahlech/SklS-0933.jpg;ok
SklS-0934;Stříšky > Stříšky na táhlech;https://qubaglass.pl/environment/cache/images/productGfx_11622_700_700/daszek-szklany-200x100-cm-grafit-grafitowy-szklo.jpg;scripts/output/images/strisky/strisky-na-tahlech/SklS-0934.jpg;ok
SklS-0935;Stříšky > Stříšky na táhlech;https://qubaglass.pl/environment/cache/images/productGfx_11613_700_700/daszek-szklany-zadaszenie-szklane-brazowy-200x120-cm.jpg;scripts/output/images/strisky/strisky-na-tahlech/SklS-0935.jpg;ok
SklS-0936;Stříšky > Stříšky na táhlech;https://qubaglass.pl/environment/cache/images/productGfx_11640_700_700/daszek-szklany-200x100-cm-zadaszenie-szklane-bezbarwny.jpg;scripts/output/images/strisky/strisky-na-tahlech/SklS-0936.jpg;ok
SklS-0937;Stříšky > Stříšky na táhlech;https://qubaglass.pl/environment/cache/images/productGfx_11649_700_700/daszek_szklany_zadaszenie_szkla-ne_qubaglass_200x90-OCo-kopia-mat.jpg;scripts/output/images/strisky/strisky-na-tahlech/SklS-0937.jpg;ok
SklS-0938;Stříšky > Stříšky na táhlech;https://qubaglass.pl/environment/cache/images/productGfx_11660_700_700/daszek-szklany-200x100-cm-grafit-grafitowy-szklo.jpg;scripts/output/images/strisky/strisky-na-tahlech/SklS-0938.jpg;ok
SklS-0939;Stříšky > Stříšky na táhlech;https://qubaglass.pl/environment/cache/images/productGfx_11670_700_700/daszek-szklany-zadaszenie-szklane-brazowy-200x120-cm.jpg;scripts/output/images/strisky/strisky-na-tahlech/SklS-0939.jpg;ok
SklS-0940;Stříšky > Stříšky na táhlech;https://qubaglass.pl/environment/cache/images/productGfx_11681_700_700/daszek-szklany-200x100-cm-zadaszenie-szklane-bezbarwny.jpg;scripts/output/images/strisky/strisky-na-tahlech/SklS-0940.jpg;ok
SklS-0941;Stříšky > Stříšky na táhlech;https://qubaglass.pl/environment/cache/images/productGfx_11692_700_700/daszek_szklany_zadaszenie_szkla-ne_qubaglass_200x90-OCo-kopia-mat.jpg;scripts/output/images/strisky/strisky-na-tahlech/SklS-0941.jpg;ok
SklS-0942;Stříšky > Stříšky na táhlech;https://qubaglass.pl/environment/cache/images/productGfx_11703_700_700/daszek-szklany-200x100-cm-grafit-grafitowy-szklo.jpg;scripts/output/images/strisky/strisky-na-tahlech/SklS-0942.jpg;ok
SklS-0943;Stříšky > Stříšky na táhlech;https://qubaglass.pl/environment/cache/images/productGfx_11713_700_700/daszek-szklany-zadaszenie-szklane-brazowy-200x120-cm.jpg;scripts/output/images/strisky/strisky-na-tahlech/SklS-0943.jpg;ok
SklS-0944;Stříšky > Stříšky na táhlech;https://qubaglass.pl/environment/cache/images/productGfx_11726_700_700/daszek-szklany-200x100-cm-zadaszenie-szklane-bezbarwny.jpg;scripts/output/images/strisky/strisky-na-tahlech/SklS-0944.jpg;ok
SklS-0945;Stříšky > Stříšky na táhlech;https://qubaglass.pl/environment/cache/images/productGfx_11735_700_700/daszek_szklany_zadaszenie_szkla-ne_qubaglass_200x90-OCo-kopia-mat.jpg;scripts/output/images/strisky/strisky-na-tahlech/SklS-0945.jpg;ok
SklS-0946;Stříšky > Stříšky na táhlech;https://qubaglass.pl/environment/cache/images/productGfx_11746_700_700/daszek-szklany-200x100-cm-grafit-grafitowy-szklo.jpg;scripts/output/images/strisky/strisky-na-tahlech/SklS-0946.jpg;ok
SklS-0947;Stříšky > Stříšky na táhlech;https://qubaglass.pl/environment/cache/images/productGfx_11756_700_700/daszek-szklany-zadaszenie-szklane-brazowy-200x120-cm.jpg;scripts/output/images/strisky/strisky-na-tahlech/SklS-0947.jpg;ok
SklS-0948;Stříšky > Stříšky na táhlech;https://qubaglass.pl/environment/cache/images/productGfx_11767_700_700/daszek-szklany-200x100-cm-zadaszenie-szklane-bezbarwny.jpg;scripts/output/images/strisky/strisky-na-tahlech/SklS-0948.jpg;ok
SklS-0949;Stříšky > Stříšky na táhlech;https://qubaglass.pl/environment/cache/images/productGfx_11779_700_700/daszek_szklany_zadaszenie_szkla-ne_qubaglass_200x90-OCo-kopia-mat.jpg;scripts/output/images/strisky/strisky-na-tahlech/SklS-0949.jpg;ok
SklS-0950;Stříšky > Stříšky na táhlech;https://qubaglass.pl/environment/cache/images/productGfx_11790_700_700/daszek-szklany-200x100-cm-grafit-grafitowy-szklo.jpg;scripts/output/images/strisky/strisky-na-tahlech/SklS-0950.jpg;ok
SklS-0951;Stříšky > Stříšky na táhlech;https://qubaglass.pl/environment/cache/images/productGfx_11800_700_700/daszek-szklany-zadaszenie-szklane-brazowy-200x120-cm.jpg;scripts/output/images/strisky/strisky-na-tahlech/SklS-0951.jpg;ok
SklS-0952;Stříšky > Stříšky na táhlech;https://qubaglass.pl/environment/cache/images/productGfx_11809_700_700/daszek-szklany-200x100-cm-zadaszenie-szklane-bezbarwny.jpg;scripts/output/images/strisky/strisky-na-tahlech/SklS-0952.jpg;ok
SklS-0953;Stříšky > Stříšky na táhlech;https://qubaglass.pl/environment/cache/images/productGfx_11820_700_700/daszek_szklany_zadaszenie_szkla-ne_qubaglass_200x90-OCo-kopia-mat.jpg;scripts/output/images/strisky/strisky-na-tahlech/SklS-0953.jpg;ok
SklS-0954;Stříšky > Stříšky na táhlech;https://qubaglass.pl/environment/cache/images/productGfx_11831_700_700/daszek-szklany-200x100-cm-grafit-grafitowy-szklo.jpg;scripts/output/images/strisky/strisky-na-tahlech/SklS-0954.jpg;ok
SklS-0955;Stříšky > Stříšky na táhlech;https://qubaglass.pl/environment/cache/images/productGfx_11841_700_700/daszek-szklany-zadaszenie-szklane-brazowy-200x120-cm.jpg;scripts/output/images/strisky/strisky-na-tahlech/SklS-0955.jpg;ok
SklS-0956;Stříšky > Stříšky na táhlech;https://qubaglass.pl/environment/cache/images/productGfx_14376_700_700/daszek-szklany-na-naciagach-daszki-szklane-na-naciagach-qubaglass-duzy-daszek.jpg;scripts/output/images/strisky/strisky-na-tahlech/SklS-0956.jpg;ok
SklS-0957;Stříšky > Stříšky na táhlech;https://qubaglass.pl/environment/cache/images/productGfx_13040_700_700/daszek-szklany-zadaszenie-szklane-220x150cm-na-naciagach.jpg;scripts/output/images/strisky/strisky-na-tahlech/SklS-0957.jpg;ok
SklS-0958;Stříšky > Stříšky na táhlech;https://qubaglass.pl/environment/cache/images/productGfx_13041_700_700/daszek-szklany-zdaszanie-ze-szkla-grafitowego-225x150cm.jpg;scripts/output/images/strisky/strisky-na-tahlech/SklS-0958.jpg;ok
SklS-0959;Stříšky > Stříšky na táhlech;https://qubaglass.pl/environment/cache/images/productGfx_13042_700_700/daszek-szklany-na-odciagach-naciagach-quba-220x150.jpg;scripts/output/images/strisky/strisky-na-tahlech/SklS-0959.jpg;ok
SklS-0960;Stříšky > Stříšky na táhlech;https://qubaglass.pl/environment/cache/images/productGfx_11895_700_700/daszek-szklany-na-naciagach-daszki-szklane-na-naciagach-qubaglass-duzy-daszek.jpg;scripts/output/images/strisky/strisky-na-tahlech/SklS-0960.jpg;ok
SklS-0961;Stříšky > Stříšky na táhlech;https://qubaglass.pl/environment/cache/images/productGfx_11906_700_700/daszek-szklany-zadaszenie-szklane-daszek-matowy-250x100-cm.jpg;scripts/output/images/strisky/strisky-na-tahlech/SklS-0961.jpg;ok
SklS-0962;Stříšky > Stříšky na táhlech;https://qubaglass.pl/environment/cache/images/productGfx_11916_700_700/daszek-szklany-quba-na-naciagach-250x100-cm-producent-zadaszen-szklanych.jpg;scripts/output/images/strisky/strisky-na-tahlech/SklS-0962.jpg;ok
SklS-0963;Stříšky > Stříšky na táhlech;https://qubaglass.pl/environment/cache/images/productGfx_11927_700_700/daszek-szklany-zdaszenie-szklane-250x100-cm-na-wymiar-producent.jpg;scripts/output/images/strisky/strisky-na-tahlech/SklS-0963.jpg;ok
SklS-0964;Stříšky > Stříšky na táhlech;https://qubaglass.pl/environment/cache/images/productGfx_11937_700_700/daszek-szklany-na-naciagach-daszki-szklane-na-naciagach-qubaglass-duzy-daszek.jpg;scripts/output/images/strisky/strisky-na-tahlech/SklS-0964.jpg;ok
SklS-0965;Stříšky > Stříšky na táhlech;https://qubaglass.pl/environment/cache/images/productGfx_11948_700_700/daszek-szklany-zadaszenie-szklane-daszek-matowy-250x100-cm.jpg;scripts/output/images/strisky/strisky-na-tahlech/SklS-0965.jpg;ok
SklS-0966;Stříšky > Stříšky na táhlech;https://qubaglass.pl/environment/cache/images/productGfx_11958_700_700/daszek-szklany-quba-na-naciagach-250x100-cm-producent-zadaszen-szklanych.jpg;scripts/output/images/strisky/strisky-na-tahlech/SklS-0966.jpg;ok
SklS-0967;Stříšky > Stříšky na táhlech;https://qubaglass.pl/environment/cache/images/productGfx_11969_700_700/daszek-szklany-zdaszenie-szklane-250x100-cm-na-wymiar-producent.jpg;scripts/output/images/strisky/strisky-na-tahlech/SklS-0967.jpg;ok
SklS-0968;Stříšky > Stříšky na táhlech;https://qubaglass.pl/environment/cache/images/productGfx_13783_700_700/daszek-szklany-quba-na-naciagach-250x100-cm-producent-zadaszen-szklanych.jpg;scripts/output/images/strisky/strisky-na-tahlech/SklS-0968.jpg;ok
SklS-0969;Stříšky > Stříšky na táhlech;https://qubaglass.pl/environment/cache/images/productGfx_13749_700_700/daszek-szklany-na-naciagach-daszki-szklane-na-naciagach-qubaglass-duzy-daszek.jpg;scripts/output/images/strisky/strisky-na-tahlech/SklS-0969.jpg;ok
SklS-0970;Stříšky > Stříšky na táhlech;https://qubaglass.pl/environment/cache/images/productGfx_13786_700_700/daszek-szklany-quba-na-naciagach-250x100-cm-producent-zadaszen-szklanych.jpg;scripts/output/images/strisky/strisky-na-tahlech/SklS-0970.jpg;ok
SklS-0971;Stříšky > Stříšky na táhlech;https://qubaglass.pl/environment/cache/images/productGfx_13761_700_700/daszek-szklany-na-naciagach-daszki-szklane-na-naciagach-qubaglass-duzy-daszek.jpg;scripts/output/images/strisky/strisky-na-tahlech/SklS-0971.jpg;ok
SklS-0972;Stříšky > Stříšky na táhlech;https://qubaglass.pl/environment/cache/images/productGfx_13273_700_700/daszek-szklany-laczony-300x100-daszek-podwojny.jpg;scripts/output/images/strisky/strisky-na-tahlech/SklS-0972.jpg;ok
SklS-0973;Stříšky > Stříšky na táhlech;https://qubaglass.pl/environment/cache/images/productGfx_13282_700_700/daszek-szklany-laczony-300x100-daszek-podwojny.jpg;scripts/output/images/strisky/strisky-na-tahlech/SklS-0973.jpg;ok
SklS-0974;Stříšky > Stříšky na táhlech;https://qubaglass.pl/environment/cache/images/productGfx_13291_700_700/daszek-szklany-laczony-300x100-daszek-podwojny.jpg;scripts/output/images/strisky/strisky-na-tahlech/SklS-0974.jpg;ok
SklS-0975;Stříšky > Stříšky na táhlech;https://qubaglass.pl/environment/cache/images/productGfx_13299_700_700/daszek-szklany-laczony-300x100-daszek-podwojny.jpg;scripts/output/images/strisky/strisky-na-tahlech/SklS-0975.jpg;ok
SklS-0976;Stříšky > Stříšky na táhlech;https://qubaglass.pl/environment/cache/images/productGfx_13315_700_700/daszek-laczony-4m-zadaszenie-szklane-qubaglass.jpg;scripts/output/images/strisky/strisky-na-tahlech/SklS-0976.jpg;ok
SklS-0977;Stříšky > Stříšky na táhlech;https://qubaglass.pl/environment/cache/images/productGfx_13317_700_700/daszek-laczony-4m-zadaszenie-szklane-qubaglass.jpg;scripts/output/images/strisky/strisky-na-tahlech/SklS-0977.jpg;ok
SklS-0978;Stříšky > Stříšky na táhlech;https://qubaglass.pl/environment/cache/images/productGfx_13325_700_700/daszek-laczony-4m-zadaszenie-szklane-qubaglass.jpg;scripts/output/images/strisky/strisky-na-tahlech/SklS-0978.jpg;ok
SklS-0979;Stříšky > Stříšky na táhlech;https://qubaglass.pl/environment/cache/images/productGfx_13276_700_700/daszek-szklany-laczony-300x100-daszek-podwojny.jpg;scripts/output/images/strisky/strisky-na-tahlech/SklS-0979.jpg;ok
SklS-0980;Stříšky > Stříšky na táhlech;https://qubaglass.pl/environment/cache/images/productGfx_13279_700_700/daszek-szklany-laczony-300x100-daszek-podwojny.jpg;scripts/output/images/strisky/strisky-na-tahlech/SklS-0980.jpg;ok
SklS-0981;Stříšky > Stříšky na táhlech;https://qubaglass.pl/environment/cache/images/productGfx_12007_700_700/daszek-szklany-zadaszanie-szklane-vm-daszek-prety-naciagi-daszek-nad-drzwi.jpg;scripts/output/images/strisky/strisky-na-tahlech/SklS-0981.jpg;ok
SklS-0982;Stříšky > Stříšky na táhlech;https://qubaglass.pl/environment/cache/images/productGfx_12014_700_700/daszek-szklany-zadaszanie-szklane-vm-daszek-prety-naciagi-daszek-nad-drzwi.jpg;scripts/output/images/strisky/strisky-na-tahlech/SklS-0982.jpg;ok
SklS-0983;Stříšky > Stříšky na táhlech;https://qubaglass.pl/environment/cache/images/productGfx_12020_700_700/daszek-szklany-zadaszanie-szklane-vm-daszek-prety-naciagi-daszek-nad-drzwi.jpg;scripts/output/images/strisky/strisky-na-tahlech/SklS-0983.jpg;ok
SklS-0984;Stříšky > Stříšky na táhlech;https://qubaglass.pl/environment/cache/images/productGfx_12026_700_700/daszek-szklany-zadaszanie-szklane-vm-daszek-prety-naciagi-daszek-nad-drzwi.jpg;scripts/output/images/strisky/strisky-na-tahlech/SklS-0984.jpg;ok
SklS-0985;Stříšky > Stříšky na táhlech;https://qubaglass.pl/environment/cache/images/productGfx_12032_700_700/daszek-szklany-zadaszanie-szklane-vm-daszek-prety-naciagi-daszek-nad-drzwi.jpg;scripts/output/images/strisky/strisky-na-tahlech/SklS-0985.jpg;ok
SklS-0986;Stříšky > Stříšky na táhlech;https://qubaglass.pl/environment/cache/images/productGfx_12038_700_700/daszek-szklany-zadaszanie-szklane-vm-daszek-prety-naciagi-daszek-nad-drzwi.jpg;scripts/output/images/strisky/strisky-na-tahlech/SklS-0986.jpg;ok
SklS-0987;Stříšky > Stříšky na táhlech;https://qubaglass.pl/environment/cache/images/productGfx_12044_700_700/daszek-szklany-zadaszanie-szklane-vm-daszek-prety-naciagi-daszek-nad-drzwi.jpg;scripts/output/images/strisky/strisky-na-tahlech/SklS-0987.jpg;ok
SklS-0988;Stříšky > Stříšky na táhlech;https://qubaglass.pl/environment/cache/images/productGfx_12050_700_700/daszek-szklany-zadaszanie-szklane-vm-daszek-prety-naciagi-daszek-nad-drzwi.jpg;scripts/output/images/strisky/strisky-na-tahlech/SklS-0988.jpg;ok
SklS-0989;Stříšky > Stříšky na táhlech;https://qubaglass.pl/environment/cache/images/productGfx_12056_700_700/daszek-szklany-zadaszanie-szklane-vm-daszek-prety-naciagi-daszek-nad-drzwi.jpg;scripts/output/images/strisky/strisky-na-tahlech/SklS-0989.jpg;ok
SklS-0990;Stříšky > Stříšky na táhlech;https://qubaglass.pl/environment/cache/images/productGfx_12062_700_700/daszek-szklany-zadaszanie-szklane-vm-daszek-prety-naciagi-daszek-nad-drzwi.jpg;scripts/output/images/strisky/strisky-na-tahlech/SklS-0990.jpg;ok
SklS-0991;Stříšky > Stříšky na táhlech;https://qubaglass.pl/environment/cache/images/productGfx_12068_700_700/daszek-szklany-zadaszanie-szklane-vm-daszek-prety-naciagi-daszek-nad-drzwi.jpg;scripts/output/images/strisky/strisky-na-tahlech/SklS-0991.jpg;ok
SklS-0992;Stříšky > Stříšky na táhlech;https://qubaglass.pl/environment/cache/images/productGfx_12074_700_700/daszek-szklany-zadaszanie-szklane-vm-daszek-prety-naciagi-daszek-nad-drzwi.jpg;scripts/output/images/strisky/strisky-na-tahlech/SklS-0992.jpg;ok
SklS-0993;Stříšky > Stříšky na táhlech;https://qubaglass.pl/environment/cache/images/productGfx_12081_700_700/daszek-szklany-zadaszanie-szklane-vm-daszek-prety-naciagi-daszek-nad-drzwi.jpg;scripts/output/images/strisky/strisky-na-tahlech/SklS-0993.jpg;ok
SklS-0994;Stříšky > Stříšky na konzolách;https://qubaglass.pl/environment/cache/images/productGfx_12986_700_700/daszek-szklany-zadaszenie-na-wspornikach-150x120-bodo.jpg;scripts/output/images/strisky/strisky-na-konzolach/SklS-0994.jpg;ok
SklS-0995;Stříšky > Stříšky na konzolách;https://qubaglass.pl/environment/cache/images/productGfx_13015_700_700/daszek-szklany-na-wspornikach-bodo-typ1-trzy-wsporniki.jpg;scripts/output/images/strisky/strisky-na-konzolach/SklS-0995.jpg;ok
SklS-0996;Stříšky > Stříšky na konzolách;https://qubaglass.pl/environment/cache/images/productGfx_13000_700_700/daszek-szklany-na-wspornikach-bodo-typ1-trzy-wsporniki.jpg;scripts/output/images/strisky/strisky-na-konzolach/SklS-0996.jpg;ok
SklS-0997;Stříšky > Stříšky na konzolách;https://qubaglass.pl/environment/cache/images/productGfx_13021_700_700/daszek-szklany-na-wspornikach-bodo-typ1-trzy-wsporniki.jpg;scripts/output/images/strisky/strisky-na-konzolach/SklS-0997.jpg;ok
SklS-0998;Stříšky > Stříšky na konzolách;https://qubaglass.pl/environment/cache/images/productGfx_13003_700_700/daszek-szklany-na-wspornikach-bodo-typ1-trzy-wsporniki.jpg;scripts/output/images/strisky/strisky-na-konzolach/SklS-0998.jpg;ok
SklS-0999;Stříšky > Stříšky na konzolách;https://qubaglass.pl/environment/cache/images/productGfx_13027_700_700/daszek-szklany-na-wspornikach-bodo-typ1-trzy-wsporniki.jpg;scripts/output/images/strisky/strisky-na-konzolach/SklS-0999.jpg;ok
SklS-1000;Stříšky > Stříšky na konzolách;https://qubaglass.pl/environment/cache/images/productGfx_13009_700_700/daszek-szklany-na-wspornikach-bodo-typ1-trzy-wsporniki.jpg;scripts/output/images/strisky/strisky-na-konzolach/SklS-1000.jpg;ok
SklS-1001;Stříšky > Stříšky na konzolách;https://qubaglass.pl/environment/cache/images/productGfx_13039_700_700/daszek_wspornik-4.jpg;scripts/output/images/strisky/strisky-na-konzolach/SklS-1001.jpg;ok
SklS-1002;Stříšky > Stříšky na konzolách;https://qubaglass.pl/environment/cache/images/productGfx_13108_700_700/daszek-zadasznie-szklane-wsporniki-na-wspornikach-szklo-bezpieczne.jpg;scripts/output/images/strisky/strisky-na-konzolach/SklS-1002.jpg;ok
SklS-1003;Stříšky > Stříšky na konzolách;https://qubaglass.pl/environment/cache/images/productGfx_13365_700_700/daszek-zadasznie-szklane-wsporniki-na-wspornikach-szklo-bezpieczne.jpg;scripts/output/images/strisky/strisky-na-konzolach/SklS-1003.jpg;ok
SklS-1004;Stříšky > Stříšky na konzolách;https://qubaglass.pl/environment/cache/images/productGfx_10095_700_700/daszki_szklane_w_systemie_wspornika_bds-5x2.jpg;scripts/output/images/strisky/strisky-na-konzolach/SklS-1004.jpg;ok
SklS-1005;Stříšky > Stříšky na konzolách;https://qubaglass.pl/environment/cache/images/productGfx_10106_700_700/daszek-bodo-daszki-szklane-na-wspornikach.png;scripts/output/images/strisky/strisky-na-konzolach/SklS-1005.png;ok
SklS-1006;Stříšky > Stříšky na konzolách;https://qubaglass.pl/environment/cache/images/productGfx_13875_700_700/daszek-szklany-daszki-na-podporach.jpg;scripts/output/images/strisky/strisky-na-konzolach/SklS-1006.jpg;ok
SklS-1007;Stříšky > Stříšky na konzolách;https://qubaglass.pl/environment/cache/images/productGfx_1109_700_700/daszek-na-wspornikach-na-wymiar.jpg;scripts/output/images/strisky/strisky-na-konzolach/SklS-1007.jpg;ok
SklS-1008;Stříšky > Stříšky na konzolách;https://qubaglass.pl/environment/cache/images/productGfx_13877_700_700/daszek-neo-daszki-szklane.jpg;scripts/output/images/strisky/strisky-na-konzolach/SklS-1008.jpg;ok
SklS-1009;Stříšky > Stříšky na konzolách;https://qubaglass.pl/environment/cache/images/productGfx_13874_700_700/zadaszenie-szklane-daszki-szklane-podpory.jpg;scripts/output/images/strisky/strisky-na-konzolach/SklS-1009.jpg;ok
SklS-1010;Zrcadla;https://qubaglass.pl/environment/cache/images/productGfx_1078_700_700/de82e023e08471258e3cf050c4a0cf3c.jpg;scripts/output/images/zrcadla/SklS-1010.jpg;ok
