Název,Kategorie,Cena (CZK),Cena původní (PLN),URL obrázku,URL produktu (zdroj),Popis krátký
Dveře skleněné posuvné Design-Lux se zrcadlem dveře lustro,Posuvné dveře Design-Lux,24389,2900.0,https://qubaglass.pl/environment/cache/images/productGfx_15212_700_700/drzwi-szklane-design-z-lustrem.jpg,https://qubaglass.pl/pl/p/Drzwi-szklane-przesuwne-przesuwane-Design-Lux-z-lustrem-drzwi-lustro/455,Dveře skleněné posuvné Design-Lux se zrcadlem dveře lustro. Cena zahrnuje systém a kování.
Dveře skleněné posuvné Design-Lux vzor PASKI 1.3 skladem,Posuvné dveře Design-Lux,10092,1200.0,https://qubaglass.pl/environment/cache/images/productGfx_15213_700_700/drzwi-szklane-design-lux-paski-pionowe.jpg,https://qubaglass.pl/pl/p/Drzwi-szklane-przesuwne-przesuwane-Design-Lux-wzor-PASKI-1.3-od-reki/1107,Dveře skleněné posuvné Design-Lux vzor PASKI 1.3 skladem. Cena zahrnuje systém a kování.
Dveře skleněné posuvné Design-Lux čiré na míru,Posuvné dveře Design-Lux,11774,1400.0,https://qubaglass.pl/environment/cache/images/productGfx_15177_700_700/drzwi-szklane-przesuwne-bezbarwne-szklane.jpg,https://qubaglass.pl/pl/p/Drzwi-szklane-przesuwne-przesuwane-Design-Lux-bezbarwne-na-wymiar/1120,Dveře skleněné posuvné Design-Lux čiré na míru. Cena zahrnuje systém a kování.
Dveře skleněné posuvné Design-Lux leptané na míru,Posuvné dveře Design-Lux,10933,1300.0,https://qubaglass.pl/environment/cache/images/productGfx_15214_700_700/drzwi-szklane-design-lux-matowe.jpg,https://qubaglass.pl/pl/p/Drzwi-szklane-przesuwne-przesuwane-Design-Lux-trawione-na-wymiar/1119,Dveře skleněné posuvné Design-Lux leptané na míru. Cena zahrnuje systém a kování.
Dveře skleněné posuvné Design-Lux vzor pasy 1.1 na míru,Posuvné dveře Design-Lux,12615,1500.0,https://qubaglass.pl/environment/cache/images/productGfx_15215_700_700/drzwi-szklane-design-lux-pasy.jpg,https://qubaglass.pl/pl/p/Drzwi-szklane-przesuwne-przesuwane-Design-Lux-wzor-pasy-1.1-na-wymiar/1108,Dveře skleněné posuvné Design-Lux vzor pasy 1.1 na míru. Cena zahrnuje systém a kování.
Dveře skleněné posuvné Design-Lux grafitové matné,Posuvné dveře Design-Lux,13456,1600.0,https://qubaglass.pl/environment/cache/images/productGfx_15216_700_700/drzwi-szklane-design-grafitowe.jpg,https://qubaglass.pl/pl/p/Drzwi-szklane-przesuwne-przesuwane-Design-Lux-grafitowe-matowe/1240,Dveře skleněné posuvné Design-Lux grafitové matné. Cena zahrnuje systém a kování.
Dveře skleněné posuvné hnědé matné,Posuvné dveře Design-Lux,13456,1600.0,https://qubaglass.pl/environment/cache/images/productGfx_15217_700_700/drzwi-szklane-design-lux-brazowe.jpg,https://qubaglass.pl/pl/p/Drzwi-szklane-przesuwne-przesuwane-brazowe-matowe/1239,Dveře skleněné posuvné hnědé matné. Cena zahrnuje systém a kování.
Dveře skleněné posuvné Design-Lux laminované černé,Posuvné dveře Design-Lux,11690,1390.0,https://qubaglass.pl/environment/cache/images/productGfx_15179_700_700/drzwi-szklane-czaene-deisn.jpg,https://qubaglass.pl/pl/p/Drzwi-szklane-przesuwne-przesuwane-Design-Lux-laminowane-czarne/1121,Dveře skleněné posuvné Design-Lux laminované černé. Cena zahrnuje systém a kování.
Dveře skleněné posuvné Design-Lux laminované bílé,Posuvné dveře Design-Lux,13372,1590.0,https://qubaglass.pl/environment/cache/images/productGfx_15178_700_700/biale-drzwi-szklane-design.jpg,https://qubaglass.pl/pl/p/Drzwi-szklane-przesuwne-przesuwane-Design-Lux-laminowane-biale/1122,Dveře skleněné posuvné Design-Lux laminované bílé. Cena zahrnuje systém a kování.
Dveře skleněné posuvné Design-Lux czarny system vzor PASKI 1.3,Posuvné dveře Design-Lux,12026,1430.0,https://qubaglass.pl/environment/cache/images/productGfx_15180_700_700/paski-pionowe-drzwi-szklane.jpg,https://qubaglass.pl/pl/p/Drzwi-szklane-przesuwne-przesuwane-Design-Lux-czarny-system-wzor-PASKI-1.3/871,Dveře skleněné posuvné Design-Lux czarny system vzor PASKI 1.3. Cena zahrnuje systém a kování.
Dveře skleněné posuvné Design-Lux czarny vzor GRAF/006B,Posuvné dveře Design-Lux,13961,1660.0,https://qubaglass.pl/environment/cache/images/productGfx_15163_700_700/aaz.jpg,https://qubaglass.pl/pl/p/Drzwi-szklane-przesuwne-przesuwane-Design-Lux-czarny-wzor-GRAF006B/1235,Dveře skleněné posuvné Design-Lux czarny vzor GRAF/006B. Cena zahrnuje systém a kování.
Dveře skleněné posuvné Design-Lux czarny grafika KOL/131,Posuvné dveře Design-Lux,13961,1660.0,https://qubaglass.pl/environment/cache/images/productGfx_15218_700_700/drzwi-szklane-design-lux--131.jpg,https://qubaglass.pl/pl/p/Drzwi-szklane-przesuwne-przesuwane-Design-Lux-czarny-grafika-KOL131/1291,Dveře skleněné posuvné Design-Lux czarny grafika KOL/131. Cena zahrnuje systém a kování.
Dveře skleněné posuvné Design-Lux czarny grafika KOL/132,Posuvné dveře Design-Lux,13961,1660.0,https://qubaglass.pl/environment/cache/images/productGfx_15219_700_700/drzwi-szklane-design-lux-kol132.jpg,https://qubaglass.pl/pl/p/Drzwi-szklane-przesuwne-przesuwane-Design-Lux-czarny-grafika-KOL132/1292,Dveře skleněné posuvné Design-Lux czarny grafika KOL/132. Cena zahrnuje systém a kování.
Dveře skleněné posuvné Design-Lux czarny vzor GRAF/009b,Posuvné dveře Design-Lux,13961,1660.0,https://qubaglass.pl/environment/cache/images/productGfx_15165_700_700/drzwi-szklane-z-wzorem-Q-009C.jpg,https://qubaglass.pl/pl/p/Drzwi-szklane-przesuwne-przesuwane-Design-Lux-czarny-wzor-GRAF009b/1236,Dveře skleněné posuvné Design-Lux czarny vzor GRAF/009b. Cena zahrnuje systém a kování.
Dveře skleněné posuvné Design-Lux czarny vzor GRAF/011b,Posuvné dveře Design-Lux,13961,1660.0,https://qubaglass.pl/environment/cache/images/productGfx_15166_700_700/drzwi-szklane-z-wzorem-graficznym-011B.jpg,https://qubaglass.pl/pl/p/drzwi-szklane-przesuwne-przesuwane-Design-Lux-czarny-wzor-GRAF011b/1237,Dveře skleněné posuvné Design-Lux czarny vzor GRAF/011b. Cena zahrnuje systém a kování.
Dveře skleněné posuvné design-lux grafika KOL/092,Posuvné dveře Design-Lux,13818,1643.0,https://qubaglass.pl/environment/cache/images/productGfx_15172_700_700/092-drzwi-z-nadrukiem-qubaglass-przesuwne.jpg,https://qubaglass.pl/pl/p/Drzwi-szklane-przesuwne-przesuwane-design-lux-Grafika-KOL092/1165,Dveře skleněné posuvné design-lux grafika KOL/092. Cena zahrnuje systém a kování.
Dveře skleněné posuvné design-lux grafika KOL/091,Posuvné dveře Design-Lux,13818,1643.0,https://qubaglass.pl/environment/cache/images/productGfx_15171_700_700/091-drzwi-szklane-z-nadrukiem-przesuwne.jpg,https://qubaglass.pl/pl/p/Drzwi-szklane-przesuwne-przesuwane-design-lux-Grafika-KOL091/1164,Dveře skleněné posuvné design-lux grafika KOL/091. Cena zahrnuje systém a kování.
Dveře skleněné posuvné Design-Lux bílý vzor GRAF/010c,Posuvné dveře Design-Lux,13456,1600.0,https://qubaglass.pl/environment/cache/images/productGfx_15220_700_700/010C-drzwi.jpg,https://qubaglass.pl/pl/p/Drzwi-szklane-przesuwne-przesuwane-Design-Lux-bialy-wzor-GRAF010c/1202,Dveře skleněné posuvné Design-Lux bílý vzor GRAF/010c. Cena zahrnuje systém a kování.
Dveře skleněné posuvné Design-Lux bílý vzor GRAF/011c,Posuvné dveře Design-Lux,13456,1600.0,https://qubaglass.pl/environment/cache/images/productGfx_15221_700_700/011C-drzwi.jpg,https://qubaglass.pl/pl/p/Drzwi-szklane-przesuwne-przesuwane-Design-Lux-bialy-wzor-GRAF011c/1203,Dveře skleněné posuvné Design-Lux bílý vzor GRAF/011c. Cena zahrnuje systém a kování.
Dveře skleněné posuvné Design-Lux bílý vzor GRAF/013c,Posuvné dveře Design-Lux,13456,1600.0,https://qubaglass.pl/environment/cache/images/productGfx_15222_700_700/013C-drzwi.jpg,https://qubaglass.pl/pl/p/Drzwi-szklane-przesuwne-przesuwane-Design-Lux-bialy-wzor-GRAF013c/1204,Dveře skleněné posuvné Design-Lux bílý vzor GRAF/013c. Cena zahrnuje systém a kování.
Dveře skleněné posuvné Design-Lux bílý vzor GRAF/026C,Posuvné dveře Design-Lux,13456,1600.0,https://qubaglass.pl/environment/cache/images/productGfx_15223_700_700/026C-drzwi.jpg,https://qubaglass.pl/pl/p/Drzwi-szklane-przesuwne-przesuwane-Design-Lux-bialy-wzor-GRAF026C/1205,Dveře skleněné posuvné Design-Lux bílý vzor GRAF/026C. Cena zahrnuje systém a kování.
Dveře skleněné posuvné Design-Lux bílý grafika KOL/055,Posuvné dveře Design-Lux,13456,1600.0,https://qubaglass.pl/environment/cache/images/productGfx_15224_700_700/055.png,https://qubaglass.pl/pl/p/Drzwi-szklane-przesuwne-przesuwane-Design-Lux-bialy-grafika-KOL055/1206,Dveře skleněné posuvné Design-Lux bílý grafika KOL/055. Cena zahrnuje systém a kování.
Dveře skleněné posuvné Design-Lux vzor GRAF/010c,Posuvné dveře Design-Lux,12405,1475.0,https://qubaglass.pl/environment/cache/images/productGfx_15225_700_700/010C-drzwi-szklane-przesuwne-system-w-satynie.jpg,https://qubaglass.pl/pl/p/Drzwi-szklane-przesuwne-przesuwane-Design-Lux-wzor-GRAF010c/1102,Dveře skleněné posuvné Design-Lux vzor GRAF/010c. Cena zahrnuje systém a kování.
Dveře skleněné posuvné Design-Lux vzor GRAF/011c,Posuvné dveře Design-Lux,12405,1475.0,https://qubaglass.pl/environment/cache/images/productGfx_15226_700_700/011C-drzwi-szklane-design-srebrna-maskownica.jpg,https://qubaglass.pl/pl/p/Drzwi-szklane-przesuwne-przesuwane-Design-Lux-wzor-GRAF011c/1103,Dveře skleněné posuvné Design-Lux vzor GRAF/011c. Cena zahrnuje systém a kování.
Dveře skleněné posuvné Design-Lux vzor GRAF/013c,Posuvné dveře Design-Lux,12405,1475.0,https://qubaglass.pl/environment/cache/images/productGfx_15227_700_700/GRAF013c-DRZWI-SZKLANE-design-lux.jpg,https://qubaglass.pl/pl/p/Drzwi-szklane-przesuwne-przesuwane-Design-Lux-wzor-GRAF013c/1104,Dveře skleněné posuvné Design-Lux vzor GRAF/013c. Cena zahrnuje systém a kování.
Dveře skleněné posuvné Design-Lux vzor GRAF/026c,Posuvné dveře Design-Lux,12405,1475.0,https://qubaglass.pl/environment/cache/images/productGfx_15228_700_700/026C-drzwi-szklane-design-drzwi.jpg,https://qubaglass.pl/pl/p/Drzwi-szklane-przesuwne-przesuwane-Design-Lux-wzor-GRAF026c/741,Dveře skleněné posuvné Design-Lux vzor GRAF/026c. Cena zahrnuje systém a kování.
Dveře skleněné posuvné Design-Lux vzor GRAF/006b,Posuvné dveře Design-Lux,12405,1475.0,https://qubaglass.pl/environment/cache/images/productGfx_15229_700_700/006B-drzwi-szklane-qubaglass.jpg,https://qubaglass.pl/pl/p/Drzwi-szklane-przesuwne-przesuwane-Design-Lux-wzor-GRAF006b/1232,Dveře skleněné posuvné Design-Lux vzor GRAF/006b. Cena zahrnuje systém a kování.
Dveře skleněné posuvné Design-Lux vzor GRAF/009b,Posuvné dveře Design-Lux,12405,1475.0,https://qubaglass.pl/environment/cache/images/productGfx_15230_700_700/wzor-graficzny-009B.jpg,https://qubaglass.pl/pl/p/Drzwi-szklane-przesuwne-przesuwane-Design-Lux-wzor-GRAF009b/1233,Dveře skleněné posuvné Design-Lux vzor GRAF/009b. Cena zahrnuje systém a kování.
Dveře skleněné posuvné Design-Lux vzor GRAF/011b,Posuvné dveře Design-Lux,12405,1475.0,https://qubaglass.pl/environment/cache/images/productGfx_15231_700_700/011B-drzwi-szklane-qubaglass.jpg,https://qubaglass.pl/pl/p/Drzwi-szklane-przesuwne-przesuwane-Design-Lux-wzor-GRAF011b/1234,Dveře skleněné posuvné Design-Lux vzor GRAF/011b. Cena zahrnuje systém a kování.
Dveře skleněné posuvné design-lux grafika KOL/083,Posuvné dveře Design-Lux,12405,1475.0,https://qubaglass.pl/environment/cache/images/productGfx_15169_700_700/drzwi-przesuwne-z-nadrukiem-083.jpg,https://qubaglass.pl/pl/p/Drzwi-szklane-przesuwne-przesuwane-design-lux-Grafika-KOL083/1162,Dveře skleněné posuvné design-lux grafika KOL/083. Cena zahrnuje systém a kování.
Dveře skleněné posuvné design-lux grafika KOL/104,Posuvné dveře Design-Lux,12405,1475.0,https://qubaglass.pl/environment/cache/images/productGfx_15175_700_700/drzwi-szklane-z-nadrukiem-KOL104-drzwi-przesuwne.jpg,https://qubaglass.pl/pl/p/Drzwi-szklane-przesuwne-przesuwane-design-lux-Grafika-KOL104/1161,Dveře skleněné posuvné design-lux grafika KOL/104. Cena zahrnuje systém a kování.
Dveře skleněné posuvné design-lux KOL/088,Posuvné dveře Design-Lux,12405,1475.0,https://qubaglass.pl/environment/cache/images/productGfx_15170_700_700/088-drzwi-szklane-z-nadrukiem-przesuwne.jpg,https://qubaglass.pl/pl/p/Drzwi-szklane-przesuwne-przesuwane-design-lux-KOL088/1163,Dveře skleněné posuvné design-lux KOL/088. Cena zahrnuje systém a kování.
Dveře skleněné posuvné Design-Lux vzor Q-107,Posuvné dveře Design-Lux,11269,1340.0,https://qubaglass.pl/environment/cache/images/productGfx_15232_700_700/drzwi-szklane-z-wzorem-matowym.jpg,https://qubaglass.pl/pl/p/Drzwi-szklane-przesuwne-przesuwane-Design-Lux-wzor-Q-107/1168,Dveře skleněné posuvné Design-Lux vzor Q-107. Cena zahrnuje systém a kování.
Dveře skleněné posuvné Design-Lux bílý grafika KOL/055,Posuvné dveře Design-Lux,12405,1475.0,https://qubaglass.pl/environment/cache/images/productGfx_15237_700_700/KOL055-drzwi-szklane-z-w-grafika.jpg,https://qubaglass.pl/pl/p/Drzwi-szklane-przesuwne-przesuwane-Design-Lux-bialy-grafika-KOL055/1097,Dveře skleněné posuvné Design-Lux bílý grafika KOL/055. Cena zahrnuje systém a kování.
Dveře skleněné posuvné Design-Lux czarny podwójne laminované bílé,Posuvné dveře Design-Lux,31538,3750.0,https://qubaglass.pl/environment/cache/images/productGfx_15273_700_700/drzwi-laminowane-biale-podwojne-czarny-system.jpg,https://qubaglass.pl/pl/p/Drzwi-szklane-przesuwne-przesuwane-Design-Lux-czarny-podwojne-laminowane-biale/1238,Dveře skleněné posuvné Design-Lux czarny podwójne laminované bílé. Cena zahrnuje systém a kování.
Dveře skleněné posuvné Design-Lux grafika KOL/007,Posuvné dveře Design-Lux,12405,1475.0,https://qubaglass.pl/environment/cache/images/productGfx_15238_700_700/KOL007-drzwi-z-nadrukiem-szklane.jpg,https://qubaglass.pl/pl/p/Drzwi-szklane-przesuwne-przesuwane-Design-Lux-grafika-KOL007/1105,Dveře skleněné posuvné Design-Lux grafika KOL/007. Cena zahrnuje systém a kování.
Dveře skleněné posuvné Design-Lux grafika KOL/008,Posuvné dveře Design-Lux,12531,1490.0,https://qubaglass.pl/environment/cache/images/productGfx_15239_700_700/KOL008-drzwi-szklane-design.jpg,https://qubaglass.pl/pl/p/Drzwi-szklane-przesuwne-przesuwane-Design-Lux-grafika-KOL008/115,Dveře skleněné posuvné Design-Lux grafika KOL/008. Cena zahrnuje systém a kování.
Dveře skleněné posuvné Design-Lux grafika KOL/009,Posuvné dveře Design-Lux,12405,1475.0,https://qubaglass.pl/environment/cache/images/productGfx_15241_700_700/drzwi-szklane.jpg,https://qubaglass.pl/pl/p/Drzwi-szklane-przesuwne-przesuwane-Design-Lux-grafika-KOL009/1195,Dveře skleněné posuvné Design-Lux grafika KOL/009. Cena zahrnuje systém a kování.
Dveře skleněné posuvné Design-Lux grafika KOL/010,Posuvné dveře Design-Lux,12405,1475.0,https://qubaglass.pl/environment/cache/images/productGfx_15242_700_700/drzwi-szklane-qubaglass-z-grafika.jpg,https://qubaglass.pl/pl/p/Drzwi-szklane-przesuwne-przesuwane-Design-Lux-grafika-KOL010/1196,Dveře skleněné posuvné Design-Lux grafika KOL/010. Cena zahrnuje systém a kování.
Dveře skleněné posuvné Design-Lux grafika KOL/011,Posuvné dveře Design-Lux,12405,1475.0,https://qubaglass.pl/environment/cache/images/productGfx_15243_700_700/KOL011-drzwi-szklane-qubaglass.jpg,https://qubaglass.pl/pl/p/Drzwi-szklane-przesuwne-przesuwane-Design-Lux-grafika-KOL011/1198,Dveře skleněné posuvné Design-Lux grafika KOL/011. Cena zahrnuje systém a kování.
Dveře skleněné posuvné Design-Lux grafika KOL/012,Posuvné dveře Design-Lux,12405,1475.0,https://qubaglass.pl/environment/cache/images/productGfx_15244_700_700/KOL012-drzwi-szklane.jpg,https://qubaglass.pl/pl/p/Drzwi-szklane-przesuwne-przesuwane-Design-Lux-grafika-KOL012/1197,Dveře skleněné posuvné Design-Lux grafika KOL/012. Cena zahrnuje systém a kování.
Dveře skleněné posuvné Design-Lux grafika KOL/013,Posuvné dveře Design-Lux,12405,1475.0,https://qubaglass.pl/environment/cache/images/productGfx_15245_700_700/drzwi-szklane-013-z-nadrukiem-qubaglass.jpg,https://qubaglass.pl/pl/p/Drzwi-szklane-przesuwne-przesuwane-Design-Lux-grafika-KOL013/1194,Dveře skleněné posuvné Design-Lux grafika KOL/013. Cena zahrnuje systém a kování.
Dveře skleněné posuvné Design-Lux grafika KOL/027,Posuvné dveře Design-Lux,12405,1475.0,https://qubaglass.pl/environment/cache/images/productGfx_15246_700_700/drzwi-szklane-z-nadrukiem-qubaglass.jpg,https://qubaglass.pl/pl/p/Drzwi-szklane-przesuwne-przesuwane-Design-Lux-grafika-KOL027/1199,Dveře skleněné posuvné Design-Lux grafika KOL/027. Cena zahrnuje systém a kování.
Dveře skleněné posuvné Design-Lux grafika KOL/028,Posuvné dveře Design-Lux,12405,1475.0,https://qubaglass.pl/environment/cache/images/productGfx_15247_700_700/drzwi-z-grafika-szklane-design.jpg,https://qubaglass.pl/pl/p/Drzwi-szklane-przesuwne-przesuwane-Design-Lux-grafika-KOL028/1200,Dveře skleněné posuvné Design-Lux grafika KOL/028. Cena zahrnuje systém a kování.
Dveře skleněné posuvné Design-Lux grafika KOL/031,Posuvné dveře Design-Lux,12405,1475.0,https://qubaglass.pl/environment/cache/images/productGfx_15248_700_700/KOL031-drzwi-szklane-przesuwne-z-nadrukiem.jpg,https://qubaglass.pl/pl/p/Drzwi-szklane-przesuwne-przesuwane-Design-Lux-grafika-KOL031/1094,Dveře skleněné posuvné Design-Lux grafika KOL/031. Cena zahrnuje systém a kování.
Dveře skleněné posuvné Design-Lux grafika KOL/032,Posuvné dveře Design-Lux,12405,1475.0,https://qubaglass.pl/environment/cache/images/productGfx_15249_700_700/KOL032-drzwi-szklane-przesuwne-z-nadrukiem.jpg,https://qubaglass.pl/pl/p/Drzwi-szklane-przesuwne-przesuwane-Design-Lux-grafika-KOL032/1192,Dveře skleněné posuvné Design-Lux grafika KOL/032. Cena zahrnuje systém a kování.
Dveře skleněné posuvné Design-Lux grafika KOL/038,Posuvné dveře Design-Lux,12405,1475.0,https://qubaglass.pl/environment/cache/images/productGfx_15250_700_700/drzwi-z-nadrukiem-ze-szkla.jpg,https://qubaglass.pl/pl/p/Drzwi-szklane-przesuwne-przesuwane-Design-Lux-grafika-KOL038/1095,Dveře skleněné posuvné Design-Lux grafika KOL/038. Cena zahrnuje systém a kování.
Dveře skleněné posuvné Design-Lux grafika KOL/039,Posuvné dveře Design-Lux,12405,1475.0,https://qubaglass.pl/environment/cache/images/productGfx_15251_700_700/drzwi-szklane-z-nadrukiem-qubaglass.jpg,https://qubaglass.pl/pl/p/Drzwi-szklane-przesuwne-przesuwane-Design-Lux-grafika-KOL039/1096,Dveře skleněné posuvné Design-Lux grafika KOL/039. Cena zahrnuje systém a kování.
Dveře skleněné posuvné Design-Lux grafika KOL/048,Posuvné dveře Design-Lux,12405,1475.0,https://qubaglass.pl/environment/cache/images/productGfx_15198_700_700/048-drzwi-szklane-design-lux-z-nadrukiem.jpg,https://qubaglass.pl/pl/p/Drzwi-szklane-przesuwne-przesuwane-Design-Lux-grafika-KOL048/1193,Dveře skleněné posuvné Design-Lux grafika KOL/048. Cena zahrnuje systém a kování.
Dveře skleněné posuvné Design-Lux grafika KOL/050,Posuvné dveře Design-Lux,12405,1475.0,https://qubaglass.pl/environment/cache/images/productGfx_15199_700_700/050-grafika-na-drzwiach-szklanych-qubaglass.jpg,https://qubaglass.pl/pl/p/Drzwi-szklane-przesuwne-przesuwane-Design-Lux-grafika-KOL050/1190,Dveře skleněné posuvné Design-Lux grafika KOL/050. Cena zahrnuje systém a kování.
Dveře skleněné posuvné Design-Lux grafika KOL/057,Posuvné dveře Design-Lux,12405,1475.0,https://qubaglass.pl/environment/cache/images/productGfx_15201_700_700/057-drzwi-szklane-z-nadrukiem-na-szybie.jpg,https://qubaglass.pl/pl/p/Drzwi-szklane-przesuwne-przesuwane-Design-Lux-grafika-KOL057/1191,Dveře skleněné posuvné Design-Lux grafika KOL/057. Cena zahrnuje systém a kování.
Dveře skleněné posuvné Design-Lux grafika KOL/067,Posuvné dveře Design-Lux,12405,1475.0,https://qubaglass.pl/environment/cache/images/productGfx_15167_700_700/drzwi-szklane-z-wzorem-z-nadrukiem-067.jpg,https://qubaglass.pl/pl/p/drzwi-szklane-przesuwne-przesuwane-Design-Lux-grafika-KOL067/1188,Dveře skleněné posuvné Design-Lux grafika KOL/067. Cena zahrnuje systém a kování.
Dveře skleněné posuvné Design-Lux grafika KOL/071,Posuvné dveře Design-Lux,12405,1475.0,https://qubaglass.pl/environment/cache/images/productGfx_15168_700_700/071-drzwi-szklane-z-nadrukiem-producent.jpg,https://qubaglass.pl/pl/p/Drzwi-szklane-przesuwne-przesuwane-Design-Lux-grafika-KOL071/1187,Dveře skleněné posuvné Design-Lux grafika KOL/071. Cena zahrnuje systém a kování.
Dveře skleněné posuvné Design-Lux grafika KOL/074,Posuvné dveře Design-Lux,12405,1475.0,https://qubaglass.pl/environment/cache/images/productGfx_15202_700_700/074-drzwi-szklane-z-nadrukiem.jpg,https://qubaglass.pl/pl/p/Drzwi-szklane-przesuwne-przesuwane-Design-Lux-grafika-KOL074/1098,Dveře skleněné posuvné Design-Lux grafika KOL/074. Cena zahrnuje systém a kování.
Dveře skleněné posuvné Design-Lux grafika KOL/075,Posuvné dveře Design-Lux,12405,1475.0,https://qubaglass.pl/environment/cache/images/productGfx_15203_700_700/075-drzwi-szklane-z-nadurkiem-design.jpg,https://qubaglass.pl/pl/p/Drzwi-szklane-przesuwne-przesuwane-Design-Lux-grafika-KOL075/1189,Dveře skleněné posuvné Design-Lux grafika KOL/075. Cena zahrnuje systém a kování.
Dveře skleněné posuvné Design-Lux grafika KOL/097,Posuvné dveře Design-Lux,12405,1475.0,https://qubaglass.pl/environment/cache/images/productGfx_15204_700_700/097-szklane-drzwi-z-nadrukiem.jpg,https://qubaglass.pl/pl/p/Drzwi-szklane-przesuwne-przesuwane-Design-Lux-grafika-KOL097/1099,Dveře skleněné posuvné Design-Lux grafika KOL/097. Cena zahrnuje systém a kování.
Dveře skleněné posuvné Design-Lux grafika KOL/098,Posuvné dveře Design-Lux,12405,1475.0,https://qubaglass.pl/environment/cache/images/productGfx_15205_700_700/098-drzwi-szklane-z-nadrukiem.jpg,https://qubaglass.pl/pl/p/Drzwi-szklane-przesuwne-przesuwane-Design-Lux-grafika-KOL098/1100,Dveře skleněné posuvné Design-Lux grafika KOL/098. Cena zahrnuje systém a kování.
Dveře skleněné posuvné Design-Lux grafika KOL/099,Posuvné dveře Design-Lux,12405,1475.0,https://qubaglass.pl/environment/cache/images/productGfx_15206_700_700/099-drzwi-design-z-nadrukiem.jpg,https://qubaglass.pl/pl/p/Drzwi-szklane-przesuwne-przesuwane-Design-Lux-grafika-KOL099/1101,Dveře skleněné posuvné Design-Lux grafika KOL/099. Cena zahrnuje systém a kování.
Dveře skleněné posuvné Design-Lux grafika KOL/108,Posuvné dveře Design-Lux,12405,1475.0,https://qubaglass.pl/environment/cache/images/productGfx_15207_700_700/108-DRZWI-SZKLANE-design.jpg,https://qubaglass.pl/pl/p/Drzwi-szklane-przesuwne-przesuwane-Design-Lux-grafika-KOL108/1201,Dveře skleněné posuvné Design-Lux grafika KOL/108. Cena zahrnuje systém a kování.
Dveře skleněné posuvné Design-Lux podwójne čiré,Posuvné dveře Design-Lux,22118,2630.0,https://qubaglass.pl/environment/cache/images/productGfx_15270_700_700/bezbarwne-drzwi-szklane-design-lux.jpg,https://qubaglass.pl/pl/p/Drzwi-szklane-przesuwne-przesuwane-Design-Lux-podwojne-bezbarwne/1213,Dveře skleněné posuvné Design-Lux podwójne čiré. Cena zahrnuje systém a kování.
Dveře skleněné posuvné Design-Lux podwójne grafika KOL/093,Posuvné dveře Design-Lux,26323,3130.0,https://qubaglass.pl/environment/cache/images/productGfx_15271_700_700/drzwi-szklane-podowjne-beton-wzor-betonu.jpg,https://qubaglass.pl/pl/p/Drzwi-szklane-przesuwne-przesuwane-Design-Lux-podwojne-grafika-KOL093/1215,Dveře skleněné posuvné Design-Lux podwójne grafika KOL/093. Cena zahrnuje systém a kování.
Dveře skleněné posuvné Design-Lux podwójne grafika KOL/094,Posuvné dveře Design-Lux,26323,3130.0,https://qubaglass.pl/environment/cache/images/productGfx_15272_700_700/drzwi-szklane-podwoje-beton-wzor-betonowy-ciemne.jpg,https://qubaglass.pl/pl/p/Drzwi-szklane-przesuwne-przesuwane-Design-Lux-podwojne-grafika-KOL094/1216,Dveře skleněné posuvné Design-Lux podwójne grafika KOL/094. Cena zahrnuje systém a kování.
Dveře skleněné posuvné Design-Lux podwójne laminované bílé,Posuvné dveře Design-Lux,29687,3530.0,https://qubaglass.pl/environment/cache/images/productGfx_15263_700_700/drzwi-biale-podwojne-design-lux.jpg,https://qubaglass.pl/pl/p/Drzwi-szklane-przesuwne-przesuwane-Design-Lux-podwojne-laminowane-biale/1208,Dveře skleněné posuvné Design-Lux podwójne laminované bílé. Cena zahrnuje systém a kování.
Dveře skleněné posuvné Design-Lux podwójne laminované černé,Posuvné dveře Design-Lux,26323,3130.0,https://qubaglass.pl/environment/cache/images/productGfx_15267_700_700/drzwi-szklane-design-czarne-podwojne.jpg,https://qubaglass.pl/pl/p/Drzwi-szklane-przesuwne-przesuwane-Design-Lux-podwojne-laminowane-czarne/1209,Dveře skleněné posuvné Design-Lux podwójne laminované černé. Cena zahrnuje systém a kování.
Dveře skleněné posuvné Design-Lux podwójne matné,Posuvné dveře Design-Lux,23800,2830.0,https://qubaglass.pl/environment/cache/images/productGfx_15268_700_700/matowe-drzwi-podojne-design.jpg,https://qubaglass.pl/pl/p/Drzwi-szklane-przesuwne-przesuwane-Design-Lux-podwojne-matowe/1212,Dveře skleněné posuvné Design-Lux podwójne matné. Cena zahrnuje systém a kování.
Dveře skleněné posuvné Design-Lux podwójne vzor paski 1.2,Posuvné dveře Design-Lux,24641,2930.0,https://qubaglass.pl/environment/cache/images/productGfx_15266_700_700/drzwi-paski-szklane-design.jpg,https://qubaglass.pl/pl/p/Drzwi-szklane-przesuwne-przesuwane-Design-Lux-podwojne-wzor-paski-1.2/1211,Dveře skleněné posuvné Design-Lux podwójne vzor paski 1.2. Cena zahrnuje systém a kování.
Dveře skleněné posuvné Design-Lux podwójne vzor pasy 1.1,Posuvné dveře Design-Lux,23800,2830.0,https://qubaglass.pl/environment/cache/images/productGfx_15261_700_700/drzwi-szklane-podwojne-pasy-qubaglass.jpg,https://qubaglass.pl/pl/p/Drzwi-szklane-przesuwne-przesuwane-Design-Lux-podwojne-wzor-pasy-1.1/1210,Dveře skleněné posuvné Design-Lux podwójne vzor pasy 1.1. Cena zahrnuje systém a kování.
Dveře skleněné posuvné Design-Lux vzor Q-001,Posuvné dveře Design-Lux,15054,1790.0,https://qubaglass.pl/environment/cache/images/productGfx_15183_700_700/drzwi-design-lux-przesuwne-Q-001-wzor.jpg,https://qubaglass.pl/pl/p/Drzwi-szklane-przesuwne-przesuwane-Design-Lux-wzor-Q-001/1217,Dveře skleněné posuvné Design-Lux vzor Q-001. Cena zahrnuje systém a kování.
Dveře skleněné posuvné Design-Lux vzor Q-006,Posuvné dveře Design-Lux,12951,1540.0,https://qubaglass.pl/environment/cache/images/productGfx_15184_700_700/drzwi-szklane-przesuwne-design-wzor-q-006.jpg,https://qubaglass.pl/pl/p/Drzwi-szklane-przesuwne-przesuwane-Design-Lux-wzor-Q-006/1218,Dveře skleněné posuvné Design-Lux vzor Q-006. Cena zahrnuje systém a kování.
Dveře skleněné posuvné Design-Lux vzor Q-008,Posuvné dveře Design-Lux,15054,1790.0,https://qubaglass.pl/environment/cache/images/productGfx_15185_700_700/drzwi-szklane-design-lux-wzor-Q-008.jpg,https://qubaglass.pl/pl/p/Drzwi-szklane-przesuwne-przesuwane-Design-Lux-wzor-Q-008/1219,Dveře skleněné posuvné Design-Lux vzor Q-008. Cena zahrnuje systém a kování.
Dveře skleněné posuvné Design-Lux vzor Q-010,Posuvné dveře Design-Lux,13372,1590.0,https://qubaglass.pl/environment/cache/images/productGfx_15186_700_700/drzwi-szklane-Q-010-przesuwne-design-lux.jpg,https://qubaglass.pl/pl/p/Drzwi-szklane-przesuwne-przesuwane-Design-Lux-wzor-Q-010/1220,Dveře skleněné posuvné Design-Lux vzor Q-010. Cena zahrnuje systém a kování.
Dveře skleněné posuvné Design-Lux vzor Q-011,Posuvné dveře Design-Lux,12951,1540.0,https://qubaglass.pl/environment/cache/images/productGfx_15187_700_700/Q-011-drzwi-szklane-design-lux-przesuwne.jpg,https://qubaglass.pl/pl/p/Drzwi-szklane-przesuwne-przesuwane-Design-Lux-wzor-Q-011/1221,Dveře skleněné posuvné Design-Lux vzor Q-011. Cena zahrnuje systém a kování.
Dveře skleněné posuvné Design-Lux vzor Q-013,Posuvné dveře Design-Lux,12951,1540.0,https://qubaglass.pl/environment/cache/images/productGfx_15188_700_700/Q-013-drzwi-szklane-z-wzorem-matowym.jpg,https://qubaglass.pl/pl/p/Drzwi-szklane-przesuwne-przesuwane-Design-Lux-wzor-Q-013/1222,Dveře skleněné posuvné Design-Lux vzor Q-013. Cena zahrnuje systém a kování.
Dveře skleněné posuvné Design-Lux vzor Q-014,Posuvné dveře Design-Lux,12951,1540.0,https://qubaglass.pl/environment/cache/images/productGfx_15192_700_700/Q-014-drzwi-szklane-przesuwne.jpg,https://qubaglass.pl/pl/p/Drzwi-szklane-przesuwne-przesuwane-Design-Lux-wzor-Q-014/1225,Dveře skleněné posuvné Design-Lux vzor Q-014. Cena zahrnuje systém a kování.
Dveře skleněné posuvné Design-Lux vzor Q-017,Posuvné dveře Design-Lux,12951,1540.0,https://qubaglass.pl/environment/cache/images/productGfx_15193_700_700/Q-017-drzwi-szklane-przesuwne-design.jpg,https://qubaglass.pl/pl/p/Drzwi-szklane-przesuwne-przesuwane-Design-Lux-wzor-Q-017/1226,Dveře skleněné posuvné Design-Lux vzor Q-017. Cena zahrnuje systém a kování.
Dveře skleněné posuvné Design-Lux vzor Q-019,Posuvné dveře Design-Lux,12951,1540.0,https://qubaglass.pl/environment/cache/images/productGfx_15190_700_700/Q-019-szklane-drzwi-przesuwne.jpg,https://qubaglass.pl/pl/p/Drzwi-szklane-przesuwne-przesuwane-Design-Lux-wzor-Q-019/1223,Dveře skleněné posuvné Design-Lux vzor Q-019. Cena zahrnuje systém a kování.
Dveře skleněné posuvné Design-Lux vzor Q-023,Posuvné dveře Design-Lux,12951,1540.0,https://qubaglass.pl/environment/cache/images/productGfx_15191_700_700/Q-023-drzwi-szklane-z-wzorem-matowym-qubaglas.jpg,https://qubaglass.pl/pl/p/Drzwi-szklane-przesuwne-przesuwane-Design-Lux-wzor-Q-023/1224,Dveře skleněné posuvné Design-Lux vzor Q-023. Cena zahrnuje systém a kování.
Dveře skleněné posuvné Design-Lux vzor Q-026,Posuvné dveře Design-Lux,12951,1540.0,https://qubaglass.pl/environment/cache/images/productGfx_15195_700_700/Q-026-drzwi.jpg,https://qubaglass.pl/pl/p/Drzwi-szklane-przesuwne-przesuwane-Design-Lux-wzor-Q-026/1227,Dveře skleněné posuvné Design-Lux vzor Q-026. Cena zahrnuje systém a kování.
Dveře skleněné posuvné Design-Lux vzor Q-035,Posuvné dveře Design-Lux,12951,1540.0,https://qubaglass.pl/environment/cache/images/productGfx_15196_700_700/Q-035-drzwi-szklane.jpg,https://qubaglass.pl/pl/p/Drzwi-szklane-przesuwne-przesuwane-Design-Lux-wzor-Q-035/1228,Dveře skleněné posuvné Design-Lux vzor Q-035. Cena zahrnuje systém a kování.
Dveře skleněné posuvné Design-Lux vzor Q-041,Posuvné dveře Design-Lux,12951,1540.0,https://qubaglass.pl/environment/cache/images/productGfx_15197_700_700/Q-041-drzwi-design-z-wzorem.jpg,https://qubaglass.pl/pl/p/Drzwi-szklane-przesuwne-przesuwane-Design-Lux-wzor-Q-041/1229,Dveře skleněné posuvné Design-Lux vzor Q-041. Cena zahrnuje systém a kování.
Dveře skleněné posuvné Ultra Slim dorma MUTO matné do sufitu,Posuvné dveře Ultra Slim,17661,2100.0,https://qubaglass.pl/environment/cache/images/productGfx_15448_700_700/drzwi-szklane-ultra-slim-matowe-przesuwne.jpg,https://qubaglass.pl/pl/p/drzwi-szklane-przesuwne-przesuwane-Ultra-Slim-dorma-MUTO-matowe-do-sufitu/1530,Dveře skleněné posuvné Ultra Slim dorma MUTO matné do sufitu. Cena zahrnuje systém a kování.
Dveře skleněné posuvné Ultra Slim dorma MUTO čiré do sufitu,Posuvné dveře Ultra Slim,16147,1920.0,https://qubaglass.pl/environment/cache/images/productGfx_15449_700_700/drzwi-szklane-ultra-slim-bezbarwne-qubaglass.jpg,https://qubaglass.pl/pl/p/Drzwi-szklane-przesuwne-przesuwane-Ultra-Slim-dorma-MUTO-bezbarwne-do-sufitu/1531,Dveře skleněné posuvné Ultra Slim dorma MUTO čiré do sufitu. Cena zahrnuje systém a kování.
Dveře skleněné posuvné Ultra Slim dorma MUTO DO SUFITU hnědé čiré,Posuvné dveře Ultra Slim,18166,2160.0,https://qubaglass.pl/environment/cache/images/productGfx_15450_700_700/drzwi-szklane-ultra-slim-brazowe-dorma-muto.jpg,https://qubaglass.pl/pl/p/Drzwi-szklane-przesuwne-przesuwane-Ultra-Slim-dorma-MUTO-DO-SUFITU-brazowe-bezbarwne/1847,Dveře skleněné posuvné Ultra Slim dorma MUTO DO SUFITU hnědé čiré. Cena zahrnuje systém a kování.
Dveře skleněné posuvné Ultra Slim dorma MUTO DO SUFITU grafitové čiré,Posuvné dveře Ultra Slim,18166,2160.0,https://qubaglass.pl/environment/cache/images/productGfx_15451_700_700/drzwi-ultra-slim-szklane-grafitowe-bezbarwne-dorma-muto.jpg,https://qubaglass.pl/pl/p/Drzwi-szklane-przesuwne-przesuwane-Ultra-Slim-dorma-MUTO-DO-SUFITU-grafitowe-bezbarwne/1846,Dveře skleněné posuvné Ultra Slim dorma MUTO DO SUFITU grafitové čiré. Cena zahrnuje systém a kování.
Dveře skleněné posuvné Ultra Slim dorma MUTO TYPOWE čiré naścienne,Posuvné dveře Ultra Slim,14886,1770.0,https://qubaglass.pl/environment/cache/images/productGfx_15440_700_700/drzwi-dorma-ultra-slim-nascienne.jpg,https://qubaglass.pl/pl/p/drzwi-szklane-przesuwne-Ultra-Slim-dorma-MUTO-TYPOWE-bezbarwne-nascienne/1251,Dveře skleněné posuvné Ultra Slim dorma MUTO TYPOWE čiré naścienne. Cena zahrnuje systém a kování.
Dveře skleněné posuvné Ultra Slim dorma MUTO TYPOWE matné naścienne,Posuvné dveře Ultra Slim,16400,1950.0,https://qubaglass.pl/environment/cache/images/productGfx_15439_700_700/drzwi-szklane-ultra-slim-matowe-qubaglass-dorma.jpg,https://qubaglass.pl/pl/p/drzwi-szklane-przesuwne-przesuwane-Ultra-Slim-dorma-MUTO-TYPOWE-matowe-nascienne/1250,Dveře skleněné posuvné Ultra Slim dorma MUTO TYPOWE matné naścienne. Cena zahrnuje systém a kování.
Dveře skleněné posuvné Ultra Slim dorma MUTO TYPOWE grafitové naścienne,Posuvné dveře Ultra Slim,16904,2010.0,https://qubaglass.pl/environment/cache/images/productGfx_15438_700_700/drzwi-szklane-ultra-slim-grafitowe-bezbarwne-nascienne.jpg,https://qubaglass.pl/pl/p/Drzwi-szklane-przesuwne-Ultra-Slim-dorma-MUTO-TYPOWE-grafitowe-nascienne/1841,Dveře skleněné posuvné Ultra Slim dorma MUTO TYPOWE grafitové naścienne. Cena zahrnuje systém a kování.
Dveře skleněné posuvné Ultra Slim dorma MUTO TYPOWE matné grafitové naścienne,Posuvné dveře Ultra Slim,18922,2250.0,https://qubaglass.pl/environment/cache/images/productGfx_15437_700_700/drzwi-szklane-grafitowe-ultra-slim-przesuwne.jpg,https://qubaglass.pl/pl/p/Drzwi-szklane-przesuwne-Ultra-Slim-dorma-MUTO-TYPOWE-matowe-grafitowe-nascienne/1843,Dveře skleněné posuvné Ultra Slim dorma MUTO TYPOWE matné grafitové naścienne. Cena zahrnuje systém a kování.
Dveře skleněné posuvné Ultra Slim dorma MUTO TYPOWE hnědé čiré naścienne,Posuvné dveře Ultra Slim,16904,2010.0,https://qubaglass.pl/environment/cache/images/productGfx_15436_700_700/drzwi-szklane-przesuwne-ultra-slim-brazowe-bezbarwne.jpg,https://qubaglass.pl/pl/p/Drzwi-szklane-przesuwne-Ultra-Slim-dorma-MUTO-TYPOWE-brazowe-bezbarwne-nascienne/1844,Dveře skleněné posuvné Ultra Slim dorma MUTO TYPOWE hnědé čiré naścienne. Cena zahrnuje systém a kování.
Dveře skleněné posuvné Ultra Slim dorma MUTO TYPOWE matné hnědé naścienne,Posuvné dveře Ultra Slim,18922,2250.0,https://qubaglass.pl/environment/cache/images/productGfx_15435_700_700/drzwi-szklane-ultra-slim-szklo-brazowe.jpg,https://qubaglass.pl/pl/p/Drzwi-szklane-przesuwne-Ultra-Slim-dorma-MUTO-TYPOWE-matowe-brazowe-nascienne/1845,Dveře skleněné posuvné Ultra Slim dorma MUTO TYPOWE matné hnědé naścienne. Cena zahrnuje systém a kování.
Dveře skleněné posuvné Ultra Slim dorma MUTO TYPOWE PASY 1.1 naścienne,Posuvné dveře Ultra Slim,16147,1920.0,https://qubaglass.pl/environment/cache/images/productGfx_15434_700_700/drzwi-szklane-ultra-slim-z-pasami-pasy-1.jpg,https://qubaglass.pl/pl/p/Drzwi-szklane-przesuwne-Ultra-Slim-dorma-MUTO-TYPOWE-PASY-1.1-nascienne/1524,Dveře skleněné posuvné Ultra Slim dorma MUTO TYPOWE PASY 1.1 naścienne. Cena zahrnuje systém a kování.
Dveře skleněné posuvné Ultra Slim dorma MUTO TYPOWE LOFTOWE SZPROSY loft,Posuvné dveře Ultra Slim,22286,2650.0,https://qubaglass.pl/environment/cache/images/productGfx_15433_700_700/drzwi-szklane-ultra-slim-ze-szprosami.jpg,https://qubaglass.pl/pl/p/Drzwi-szklane-przesuwne-Ultra-Slim-dorma-MUTO-TYPOWE-LOFTOWE-SZPROSY-loft/1623,Dveře skleněné posuvné Ultra Slim dorma MUTO TYPOWE LOFTOWE SZPROSY loft. Cena zahrnuje systém a kování.
Dveře skleněné posuvné Ultra Slim DORMA MUTO TYPOWE bílé naścienne,Posuvné dveře Ultra Slim,20176,2399.0,https://qubaglass.pl/environment/cache/images/productGfx_15442_700_700/drzwi-szklane-dorma-muto-ultra-slim-biale.jpg,https://qubaglass.pl/pl/p/drzwi-szklane-przesuwne-Ultra-Slim-DORMA-MUTO-TYPOWE-biale-nascienne-/1255,Dveře skleněné posuvné Ultra Slim DORMA MUTO TYPOWE bílé naścienne. Cena zahrnuje systém a kování.
Dveře skleněné posuvné Ultra Slim dorma MUTO TYPOWE černé naścienne,Posuvné dveře Ultra Slim,18494,2199.0,https://qubaglass.pl/environment/cache/images/productGfx_15441_700_700/drzwi-szklane-czarne-dorma-muto-ultra-slim.jpg,https://qubaglass.pl/pl/p/drzwi-szklane-przesuwne-Ultra-Slim-dorma-MUTO-TYPOWE-czarne-nascienne-/1519,Dveře skleněné posuvné Ultra Slim dorma MUTO TYPOWE černé naścienne. Cena zahrnuje systém a kování.
Dveře skleněné posuvné Ultra Slim dorma MUTO TYPOWE naścienne vzor Q-106,Posuvné dveře Ultra Slim,16988,2020.0,https://qubaglass.pl/environment/cache/images/productGfx_15443_700_700/Q-106-drzwi-szklane-z-wzorem-matowym.jpg,https://qubaglass.pl/pl/p/drzwi-szklane-przesuwne-Ultra-Slim-dorma-MUTO-TYPOWE-nascienne-wzor-Q-106/1589,Dveře skleněné posuvné Ultra Slim dorma MUTO TYPOWE naścienne vzor Q-106. Cena zahrnuje systém a kování.
Dveře skleněné posuvné loft loftowe LOFT-ART lustro dveře w ramie,Posuvné dveře Loft,13036,1550.0,https://qubaglass.pl/environment/cache/images/productGfx_15280_700_700/drzwi-szklane-loft-art-szklo-lusto-qubaglass.png,https://qubaglass.pl/pl/p/Drzwi-szklane-przesuwne-loft-loftowe-LOFT-ART-lustro-drzwi-w-ramie/1510,Dveře skleněné posuvné loft loftowe LOFT-ART lustro dveře w ramie. Cena zahrnuje systém a kování.
Dveře skleněné posuvné loft loftowe LOFT-ART podwójne lustro dveře w ramie,Posuvné dveře Loft,26071,3100.0,https://qubaglass.pl/environment/cache/images/productGfx_15281_700_700/drzwi-szklane-loft-art-podwojne-szklo-lustro-lustrzane.png,https://qubaglass.pl/pl/p/Drzwi-szklane-przesuwne-loft-loftowe-LOFT-ART-podwojne-lustro-drzwi-w-ramie/1625,Dveře skleněné posuvné loft loftowe LOFT-ART podwójne lustro dveře w ramie. Cena zahrnuje systém a kování.
Dveře skleněné posuvné loft loftowe LOFT-ART dveře w ramie bíléj szkło matné,Posuvné dveře Loft,11354,1350.0,https://qubaglass.pl/environment/cache/images/productGfx_15285_700_700/bialy-loft-miniaturkalo.jpg,https://qubaglass.pl/pl/p/Drzwi-szklane-przesuwne-loft-loftowe-LOFT-ART-drzwi-w-ramie-bialej-szklo-matowe/1260,Dveře skleněné posuvné loft loftowe LOFT-ART dveře w ramie bíléj szkło matné. Cena zahrnuje systém a kování.
Dveře skleněné posuvné loft loftowe LOFT-ART ramka czarna szkło matné,Posuvné dveře Loft,10933,1300.0,https://qubaglass.pl/environment/cache/images/productGfx_6253_700_700/IMG_9735-szpros-ALLEGRO.jpg,https://qubaglass.pl/pl/p/Drzwi-szklane-przesuwne-loft-loftowe-LOFT-ART-ramka-czarna-szklo-matowe/1021,Dveře skleněné posuvné loft loftowe LOFT-ART ramka czarna szkło matné. Cena zahrnuje systém a kování.
Dveře skleněné posuvné loft loftowe LOFT-ART szkło przezroczyste,Posuvné dveře Loft,10933,1300.0,https://qubaglass.pl/environment/cache/images/productGfx_15284_700_700/bialy-loft-miniaturka.jpg,https://qubaglass.pl/pl/p/Drzwi-szklane-przesuwne-loft-loftowe-LOFT-ART-szklo-przezroczyste/1262,Dveře skleněné posuvné loft loftowe LOFT-ART szkło przezroczyste. Cena zahrnuje systém a kování.
Dveře skleněné posuvné loft loftowe LOFT-ART szkło čiré,Posuvné dveře Loft,10512,1250.0,https://qubaglass.pl/environment/cache/images/productGfx_6254_700_700/IMG_9735-bezbarwne-ALLEGRO.jpg,https://qubaglass.pl/pl/p/Drzwi-szklane-przesuwne-loft-loftowe-LOFT-ART-szklo-bezbarwne/970,Dveře skleněné posuvné loft loftowe LOFT-ART szkło čiré. Cena zahrnuje systém a kování.
Dveře skleněné posuvné loft loftowe LOFT-ART szkło matné,Posuvné dveře Loft,10933,1300.0,https://qubaglass.pl/environment/cache/images/productGfx_6252_700_700/IMG_9735-ALLEGRO.jpg,https://qubaglass.pl/pl/p/Drzwi-szklane-przesuwne-loft-loftowe-LOFT-ART-szklo-matowe/976,Dveře skleněné posuvné loft loftowe LOFT-ART szkło matné. Cena zahrnuje systém a kování.
Dveře skleněné posuvné loft loftowe LOFT-ART podwójne szkło matné,Posuvné dveře Loft,22286,2650.0,https://qubaglass.pl/environment/cache/images/productGfx_4557_700_700/drzwi_szklane_loftowe_podwojne.jpg,https://qubaglass.pl/pl/p/Drzwi-szklane-przesuwne-loft-loftowe-LOFT-ART-podwojne-szklo-matowe/1005,Dveře skleněné posuvné loft loftowe LOFT-ART podwójne szkło matné. Cena zahrnuje systém a kování.
Dveře skleněné posuvné loft loftowe LOFT-ART podwójne szkło przezroczyste,Posuvné dveře Loft,21446,2550.0,https://qubaglass.pl/environment/cache/images/productGfx_4571_700_700/drzwi_szklane_loftowe_podowjne_bezbarwne.jpg,https://qubaglass.pl/pl/p/Drzwi-szklane-przesuwne-loft-loftowe-LOFT-ART-podwojne-szklo-przezroczyste/1022,Dveře skleněné posuvné loft loftowe LOFT-ART podwójne szkło przezroczyste. Cena zahrnuje systém a kování.
"Dveře skleněné posuvné, čiré podwójne system loft-art",Posuvné dveře Loft,21446,2550.0,https://qubaglass.pl/environment/cache/images/productGfx_4575_700_700/loft_podwojny-transp-szpros.jpg,https://qubaglass.pl/pl/p/Drzwi-szklane-przesuwne%2C-bezbarwne-podwojne-system-loft-art/1023,"Dveře skleněné posuvné, čiré podwójne system loft-art. Cena zahrnuje systém a kování."
Dveře skleněné posuvné rurowe vzor Q-011,Posuvné dveře – trubkový systém,15811,1880.0,https://qubaglass.pl/environment/cache/images/productGfx_15298_700_700/drzwi-szklane-z-wzorem-Q-011.jpg,https://qubaglass.pl/pl/p/Drzwi-szklane-przesuwne-przesuwane-rurowe-WZOR-Q-011/1029,Dveře skleněné posuvné rurowe vzor Q-011. Cena zahrnuje systém a kování.
Dveře skleněné posuvné rurowe vzor Q-051,Posuvné dveře – trubkový systém,15811,1880.0,https://qubaglass.pl/environment/cache/images/productGfx_15297_700_700/drzwi-z-wzorem-Q-051-rurowe.jpg,https://qubaglass.pl/pl/p/Drzwi-szklane-przesuwne-przesuwane-rurowe-WZOR-Q-051/1030,Dveře skleněné posuvné rurowe vzor Q-051. Cena zahrnuje systém a kování.
Dveře skleněné posuvné rurowe vzor Q-058,Posuvné dveře – trubkový systém,15811,1880.0,https://qubaglass.pl/environment/cache/images/productGfx_15299_700_700/drzwi-z-wzorem-Q-058-qubaglass.jpg,https://qubaglass.pl/pl/p/Drzwi-szklane-przesuwne-przesuwane-rurowe-WZOR-Q-058/1032,Dveře skleněné posuvné rurowe vzor Q-058. Cena zahrnuje systém a kování.
Dveře skleněné posuvné rurowe grafika GRAF/001B,Posuvné dveře – trubkový systém,15558,1850.0,https://qubaglass.pl/environment/cache/images/productGfx_15300_700_700/Q-001B-drzwi-szklane-rurowe-z-grafika.jpg,https://qubaglass.pl/pl/p/Drzwi-szklane-przesuwne-przesuwane-rurowe-grafika-GRAF001B/1556,Dveře skleněné posuvné rurowe grafika GRAF/001B. Cena zahrnuje systém a kování.
Dveře skleněné posuvné rurowe grafika GRAF/008B,Posuvné dveře – trubkový systém,15558,1850.0,https://qubaglass.pl/environment/cache/images/productGfx_15301_700_700/GRAF008-drzwi-szklane-qubaglass.jpg,https://qubaglass.pl/pl/p/Drzwi-szklane-przesuwne-przesuwane-rurowe-grafika-GRAF008B/1557,Dveře skleněné posuvné rurowe grafika GRAF/008B. Cena zahrnuje systém a kování.
Dveře skleněné posuvné rurowe grafika GRAF/010B,Posuvné dveře – trubkový systém,15558,1850.0,https://qubaglass.pl/environment/cache/images/productGfx_15302_700_700/Q-010B-drzwi-rurowe-przesuwne-szklane.jpg,https://qubaglass.pl/pl/p/Drzwi-szklane-przesuwne-przesuwane-rurowe-grafika-GRAF010B/1558,Dveře skleněné posuvné rurowe grafika GRAF/010B. Cena zahrnuje systém a kování.
Dveře skleněné posuvné rurowe grafika GRAF/107B,Posuvné dveře – trubkový systém,15558,1850.0,https://qubaglass.pl/environment/cache/images/productGfx_15303_700_700/GRAF107B-drzwi-szklane-rurowe-przesuwne.jpg,https://qubaglass.pl/pl/p/Drzwi-szklane-przesuwne-przesuwane-rurowe-grafika-GRAF107B/1559,Dveře skleněné posuvné rurowe grafika GRAF/107B. Cena zahrnuje systém a kování.
Dveře skleněné posuvné rurowe grafika GRAF/108B,Posuvné dveře – trubkový systém,15558,1850.0,https://qubaglass.pl/environment/cache/images/productGfx_15304_700_700/drzwi-przesuwne-qubaglass--108B.jpg,https://qubaglass.pl/pl/p/Drzwi-szklane-przesuwne-przesuwane-rurowe-grafika-GRAF108B/1560,Dveře skleněné posuvné rurowe grafika GRAF/108B. Cena zahrnuje systém a kování.
Dveře skleněné posuvné rurowe grafika KOL/001,Posuvné dveře – trubkový systém,15558,1850.0,https://qubaglass.pl/environment/cache/images/productGfx_15305_700_700/KOL001-drzwi-szklane-rurowe.jpg,https://qubaglass.pl/pl/p/Drzwi-szklane-przesuwne-przesuwane-rurowe-grafika-KOL001/134,Dveře skleněné posuvné rurowe grafika KOL/001. Cena zahrnuje systém a kování.
Dveře skleněné posuvné rurowe grafika KOL/002,Posuvné dveře – trubkový systém,15558,1850.0,https://qubaglass.pl/environment/cache/images/productGfx_15306_700_700/KOL002-drzwi-szklane-rurowe-qubaglass.jpg,https://qubaglass.pl/pl/p/Drzwi-szklane-przesuwne-przesuwane-rurowe-grafika-KOL002/135,Dveře skleněné posuvné rurowe grafika KOL/002. Cena zahrnuje systém a kování.
Dveře skleněné posuvné rurowe grafika KOL/003,Posuvné dveře – trubkový systém,15558,1850.0,https://qubaglass.pl/environment/cache/images/productGfx_15307_700_700/KOL003-drzwi-szklane-przesuwne-z-wzorem.jpg,https://qubaglass.pl/pl/p/Drzwi-szklane-przesuwne-przesuwane-rurowe-grafika-KOL003/136,Dveře skleněné posuvné rurowe grafika KOL/003. Cena zahrnuje systém a kování.
Dveře skleněné posuvné rurowe grafika KOL/004,Posuvné dveře – trubkový systém,15558,1850.0,https://qubaglass.pl/environment/cache/images/productGfx_15308_700_700/KOL004-drzwi-rurowe-szklane.jpg,https://qubaglass.pl/pl/p/Drzwi-szklane-przesuwne-przesuwane-rurowe-grafika-KOL004/137,Dveře skleněné posuvné rurowe grafika KOL/004. Cena zahrnuje systém a kování.
Dveře skleněné posuvné rurowe grafika KOL/018,Posuvné dveře – trubkový systém,15558,1850.0,https://qubaglass.pl/environment/cache/images/productGfx_15309_700_700/KOL018-drzwi-szklane-rurowe.jpg,https://qubaglass.pl/pl/p/Drzwi-szklane-przesuwne-przesuwane-rurowe-grafika-KOL018/138,Dveře skleněné posuvné rurowe grafika KOL/018. Cena zahrnuje systém a kování.
Dveře skleněné posuvné rurowe grafika KOL/019,Posuvné dveře – trubkový systém,15558,1850.0,https://qubaglass.pl/environment/cache/images/productGfx_15310_700_700/KOL019-drzwi-szklane-rurowe-z-grafika.jpg,https://qubaglass.pl/pl/p/Drzwi-szklane-przesuwne-przesuwane-rurowe-grafika-KOL019/139,Dveře skleněné posuvné rurowe grafika KOL/019. Cena zahrnuje systém a kování.
Dveře skleněné posuvné rurowe grafika KOL/020,Posuvné dveře – trubkový systém,15558,1850.0,https://qubaglass.pl/environment/cache/images/productGfx_15311_700_700/KOL020-drzwi-szklane-rurowe-przesuwne-szklane.jpg,https://qubaglass.pl/pl/p/Drzwi-szklane-przesuwne-przesuwane-rurowe-grafika-KOL020/140,Dveře skleněné posuvné rurowe grafika KOL/020. Cena zahrnuje systém a kování.
Dveře skleněné posuvné rurowe grafika KOL/023,Posuvné dveře – trubkový systém,15558,1850.0,https://qubaglass.pl/environment/cache/images/productGfx_15312_700_700/KOL023-drzwi-szklane-rurowe-qubaglass.jpg,https://qubaglass.pl/pl/p/Drzwi-szklane-przesuwne-przesuwane-rurowe-grafika-KOL023/141,Dveře skleněné posuvné rurowe grafika KOL/023. Cena zahrnuje systém a kování.
Dveře skleněné posuvné rurowe grafika KOL/024,Posuvné dveře – trubkový systém,15558,1850.0,https://qubaglass.pl/environment/cache/images/productGfx_15313_700_700/KOL024-drzwi-szklane.jpg,https://qubaglass.pl/pl/p/Drzwi-szklane-przesuwne-przesuwane-rurowe-grafika-KOL024/1024,Dveře skleněné posuvné rurowe grafika KOL/024. Cena zahrnuje systém a kování.
Dveře skleněné posuvné rurowe grafika KOL/025,Posuvné dveře – trubkový systém,15558,1850.0,https://qubaglass.pl/environment/cache/images/productGfx_15314_700_700/drzwi-szklane-rurowe-grafika-KOL_025.jpg,https://qubaglass.pl/pl/p/Drzwi-szklane-przesuwne-przesuwane-rurowe-grafika-KOL025/142,Dveře skleněné posuvné rurowe grafika KOL/025. Cena zahrnuje systém a kování.
Dveře skleněné posuvné rurowe grafika KOL/026,Posuvné dveře – trubkový systém,15558,1850.0,https://qubaglass.pl/environment/cache/images/productGfx_15315_700_700/drzwi-szklane-rurowe-grafika-KOL_026.jpg,https://qubaglass.pl/pl/p/Drzwi-szklane-przesuwne-przesuwane-rurowe-grafika-KOL026/143,Dveře skleněné posuvné rurowe grafika KOL/026. Cena zahrnuje systém a kování.
Dveře skleněné posuvné rurowe grafika KOL/030,Posuvné dveře – trubkový systém,15558,1850.0,https://qubaglass.pl/environment/cache/images/productGfx_15316_700_700/drzwi-przesuwne-szklane-rurowe-KOL_030.jpg,https://qubaglass.pl/pl/p/Drzwi-szklane-przesuwne-przesuwane-rurowe-grafika-KOL030/144,Dveře skleněné posuvné rurowe grafika KOL/030. Cena zahrnuje systém a kování.
Dveře skleněné posuvné rurowe grafika KOL/033,Posuvné dveře – trubkový systém,15558,1850.0,https://qubaglass.pl/environment/cache/images/productGfx_15318_700_700/drzwi-szklane-rurowe-qubaglass-KOL_033.jpg,https://qubaglass.pl/pl/p/Drzwi-szklane-przesuwne-przesuwane-rurowe-grafika-KOL033/145,Dveře skleněné posuvné rurowe grafika KOL/033. Cena zahrnuje systém a kování.
Dveře skleněné posuvné rurowe grafika KOL/040,Posuvné dveře – trubkový systém,15558,1850.0,https://qubaglass.pl/environment/cache/images/productGfx_15319_700_700/drzwi-szklane-rurowe-przesuwne-KOL_040.jpg,https://qubaglass.pl/pl/p/Drzwi-szklane-przesuwne-przesuwane-rurowe-grafika-KOL040/146,Dveře skleněné posuvné rurowe grafika KOL/040. Cena zahrnuje systém a kování.
Dveře skleněné posuvné rurowe grafika KOL/041,Posuvné dveře – trubkový systém,15558,1850.0,https://qubaglass.pl/environment/cache/images/productGfx_15320_700_700/drzwi-szklane-rurowe-przesuwne-KOL_041.jpg,https://qubaglass.pl/pl/p/Drzwi-szklane-przesuwne-przesuwane-rurowe-grafika-KOL041/147,Dveře skleněné posuvné rurowe grafika KOL/041. Cena zahrnuje systém a kování.
Dveře skleněné posuvné rurowe grafika KOL/046,Posuvné dveře – trubkový systém,15558,1850.0,https://qubaglass.pl/environment/cache/images/productGfx_15321_700_700/drzwi-szklane-rurowe-KOL_046.jpg,https://qubaglass.pl/pl/p/Drzwi-szklane-przesuwne-przesuwane-rurowe-grafika-KOL046/522,Dveře skleněné posuvné rurowe grafika KOL/046. Cena zahrnuje systém a kování.
Dveře skleněné posuvné rurowe grafika KOL/047,Posuvné dveře – trubkový systém,15558,1850.0,https://qubaglass.pl/environment/cache/images/productGfx_15322_700_700/drzwi-przesuwne-szklane-z-nadrukiem-KOl_047.jpg,https://qubaglass.pl/pl/p/Drzwi-szklane-przesuwne-przesuwane-rurowe-grafika-KOL047/500,Dveře skleněné posuvné rurowe grafika KOL/047. Cena zahrnuje systém a kování.
Dveře skleněné posuvné rurowe grafika KOL/052,Posuvné dveře – trubkový systém,15558,1850.0,https://qubaglass.pl/environment/cache/images/productGfx_15323_700_700/drzwin-przesuwne-szklane-KOL_052.jpg,https://qubaglass.pl/pl/p/Drzwi-szklane-przesuwne-przesuwane-rurowe-grafika-KOL052/535,Dveře skleněné posuvné rurowe grafika KOL/052. Cena zahrnuje systém a kování.
Dveře skleněné posuvné rurowe grafika KOL/057,Posuvné dveře – trubkový systém,15558,1850.0,https://qubaglass.pl/environment/cache/images/productGfx_15324_700_700/drzwi-ze-szkla-KOL_057.jpg,https://qubaglass.pl/pl/p/Drzwi-szklane-przesuwne-przesuwane-rurowe-grafika-KOL057/1025,Dveře skleněné posuvné rurowe grafika KOL/057. Cena zahrnuje systém a kování.
Dveře skleněné posuvné rurowe grafika KOL/058,Posuvné dveře – trubkový systém,15558,1850.0,https://qubaglass.pl/environment/cache/images/productGfx_15325_700_700/drzwi-rurowe-szklane-KOL_058.jpg,https://qubaglass.pl/pl/p/Drzwi-szklane-przesuwne-przesuwane-rurowe-grafika-KOL058/1026,Dveře skleněné posuvné rurowe grafika KOL/058. Cena zahrnuje systém a kování.
Dveře skleněné posuvné rurowe grafika KOL/078,Posuvné dveře – trubkový systém,15558,1850.0,https://qubaglass.pl/environment/cache/images/productGfx_15326_700_700/drzwi-rurowe-szklane-KOL_078.jpg,https://qubaglass.pl/pl/p/Drzwi-szklane-przesuwne-przesuwane-rurowe-grafika-KOL078/1517,Dveře skleněné posuvné rurowe grafika KOL/078. Cena zahrnuje systém a kování.
Dveře skleněné posuvné rurowe grafika KOL/089,Posuvné dveře – trubkový systém,15558,1850.0,https://qubaglass.pl/environment/cache/images/productGfx_15327_700_700/drzwi-szklane-rurowe-przesuwne-KOL_089.jpg,https://qubaglass.pl/pl/p/Drzwi-szklane-przesuwne-przesuwane-rurowe-grafika-KOL089/1516,Dveře skleněné posuvné rurowe grafika KOL/089. Cena zahrnuje systém a kování.
Dveře skleněné posuvné rurowe grafika KOL/100,Posuvné dveře – trubkový systém,15558,1850.0,https://qubaglass.pl/environment/cache/images/productGfx_15328_700_700/drzwi-ze-szkla-rurowe-KOL_100.jpg,https://qubaglass.pl/pl/p/Drzwi-szklane-przesuwne-przesuwane-rurowe-grafika-KOL100/1515,Dveře skleněné posuvné rurowe grafika KOL/100. Cena zahrnuje systém a kování.
Dveře skleněné posuvné rurowe grafika KOL/101L,Posuvné dveře – trubkový systém,15558,1850.0,https://qubaglass.pl/environment/cache/images/productGfx_15329_700_700/drzwi-szklane-rurowe-przesuwne-KOL_101L.jpg,https://qubaglass.pl/pl/p/Drzwi-szklane-przesuwne-przesuwane-rurowe-grafika-KOL101L/952,Dveře skleněné posuvné rurowe grafika KOL/101L. Cena zahrnuje systém a kování.
Dveře skleněné posuvné rurowe grafika KOL/101P,Posuvné dveře – trubkový systém,15558,1850.0,https://qubaglass.pl/environment/cache/images/productGfx_15330_700_700/drzwi-ze-szkla-z-nadrukiem-KOl_101P.jpg,https://qubaglass.pl/pl/p/Drzwi-szklane-przesuwne-przesuwane-rurowe-grafika-KOL101P/1009,Dveře skleněné posuvné rurowe grafika KOL/101P. Cena zahrnuje systém a kování.
Dveře skleněné posuvné rurowe grafika KOL/105,Posuvné dveře – trubkový systém,15558,1850.0,https://qubaglass.pl/environment/cache/images/productGfx_15331_700_700/drzwi-szklane-rurowe-KOL_105.jpg,https://qubaglass.pl/pl/p/Drzwi-szklane-przesuwne-przesuwane-rurowe-grafika-KOL105/1564,Dveře skleněné posuvné rurowe grafika KOL/105. Cena zahrnuje systém a kování.
Dveře skleněné posuvné rurowe grafika KOL/106,Posuvné dveře – trubkový systém,15558,1850.0,https://qubaglass.pl/environment/cache/images/productGfx_15332_700_700/drzwi-szklane-rurowe-KOL_106.jpg,https://qubaglass.pl/pl/p/Drzwi-szklane-przesuwne-przesuwane-rurowe-grafika-KOL106/1563,Dveře skleněné posuvné rurowe grafika KOL/106. Cena zahrnuje systém a kování.
Dveře skleněné posuvné rurowe grafika KOL/120,Posuvné dveře – trubkový systém,15558,1850.0,https://qubaglass.pl/environment/cache/images/productGfx_15333_700_700/drzwi-rurowe-szklane-KOL_120.jpg,https://qubaglass.pl/pl/p/Drzwi-szklane-przesuwne-przesuwane-rurowe-grafika-KOL120/1561,Dveře skleněné posuvné rurowe grafika KOL/120. Cena zahrnuje systém a kování.
Dveře skleněné posuvné rurowe grafika KOL/121,Posuvné dveře – trubkový systém,15558,1850.0,https://qubaglass.pl/environment/cache/images/productGfx_15334_700_700/drzwi-szklabe-rurowe-KOL_121.jpg,https://qubaglass.pl/pl/p/Drzwi-szklane-przesuwne-przesuwane-rurowe-grafika-KOL121/1562,Dveře skleněné posuvné rurowe grafika KOL/121. Cena zahrnuje systém a kování.
Dveře skleněné posuvné rurowe lustro fenickie,Posuvné dveře – trubkový systém,26912,3200.0,https://qubaglass.pl/environment/cache/images/productGfx_15335_700_700/drzwi-rurowe-z-lustrem-lustro.jpg,https://qubaglass.pl/pl/p/Drzwi-szklane-przesuwne-przesuwane-rurowe-lustro-fenickie/1499,Dveře skleněné posuvné rurowe lustro fenickie. Cena zahrnuje systém a kování.
Dveře skleněné posuvné rurowe na míru čiré,Posuvné dveře – trubkový systém,13036,1550.0,https://qubaglass.pl/environment/cache/images/productGfx_15336_700_700/drzwi-szklane-rurowe-bezbarwne.jpg,https://qubaglass.pl/pl/p/Drzwi-szklane-przesuwne-przesuwane-rurowe-na-wymiar-bezbarwne/1027,Dveře skleněné posuvné rurowe na míru čiré. Cena zahrnuje systém a kování.
Dveře skleněné posuvné rurowe na míru matné,Posuvné dveře – trubkový systém,13876,1650.0,https://qubaglass.pl/environment/cache/images/productGfx_15337_700_700/matowe-drzwi-szklane-rurowe.jpg,https://qubaglass.pl/pl/p/Drzwi-szklane-przesuwne-przesuwane-rurowe-na-wymiar-matowe/103,Dveře skleněné posuvné rurowe na míru matné. Cena zahrnuje systém a kování.
Dveře skleněné posuvné rurowe na míru vzor PASY 1.1,Posuvné dveře – trubkový systém,14297,1700.0,https://qubaglass.pl/environment/cache/images/productGfx_15338_700_700/drzwi-szklane-rurowe-pasy-1.jpg,https://qubaglass.pl/pl/p/Drzwi-szklane-przesuwne-przesuwane-rurowe-na-wymiar-wzor-PASY-1.1/1518,Dveře skleněné posuvné rurowe na míru vzor PASY 1.1. Cena zahrnuje systém a kování.
Dveře skleněné posuvné rurowe podwójne na míru čiré,Posuvné dveře – trubkový systém,26912,3200.0,https://qubaglass.pl/environment/cache/images/productGfx_15343_700_700/drzwi-szklane-rurowe-podwojne-bezbarwne.jpg,https://qubaglass.pl/pl/p/Drzwi-szklane-przesuwne-przesuwane-rurowe-podwojne-na-wymiar-bezbarwne/1028,Dveře skleněné posuvné rurowe podwójne na míru čiré. Cena zahrnuje systém a kování.
Dveře skleněné posuvné rurowe podwójne na míru KOL/120,Posuvné dveře – trubkový systém,32799,3900.0,https://qubaglass.pl/environment/cache/images/productGfx_15345_700_700/drzwi-szklane-z-nadrukiem-podwojne.jpg,https://qubaglass.pl/pl/p/Drzwi-szklane-przesuwne-przesuwane-rurowe-podwojne-na-wymiar-KOL120/1565,Dveře skleněné posuvné rurowe podwójne na míru KOL/120. Cena zahrnuje systém a kování.
Dveře skleněné posuvné rurowe podwójne na míru KOL/121,Posuvné dveře – trubkový systém,32799,3900.0,https://qubaglass.pl/environment/cache/images/productGfx_15346_700_700/drzwi-podwojne-szklane-z-nadrukiem.jpg,https://qubaglass.pl/pl/p/Drzwi-szklane-przesuwne-przesuwane-rurowe-podwojne-na-wymiar-KOL121/1566,Dveře skleněné posuvné rurowe podwójne na míru KOL/121. Cena zahrnuje systém a kování.
Dveře skleněné posuvné rurowe podwójne na míru matné,Posuvné dveře – trubkový systém,29435,3500.0,https://qubaglass.pl/environment/cache/images/productGfx_15344_700_700/drzwi-szklane-rurowe-matowe-podwojne.jpg,https://qubaglass.pl/pl/p/Drzwi-szklane-przesuwne-przesuwane-rurowe-podwojne-na-wymiar-matowe/104,Dveře skleněné posuvné rurowe podwójne na míru matné. Cena zahrnuje systém a kování.
Dveře skleněné rurowe laminované černé,Posuvné dveře – trubkový systém,14718,1750.0,https://qubaglass.pl/environment/cache/images/productGfx_15339_700_700/czrane-drzwi.jpg,https://qubaglass.pl/pl/p/Drzwi-szklane-rurowe-laminowane-czarne/542,Dveře skleněné rurowe laminované černé. Cena zahrnuje systém a kování.
Dveře posuvné w kasecie chowane w ścianę kaseta bezościeżnicowa Estima čiré,Posuvné dveře do pouzdra,18082,2150.0,https://qubaglass.pl/environment/cache/images/productGfx_15461_700_700/drzwi-szklane-w-kasecie-przesuwne-ze-szkla.png,https://qubaglass.pl/pl/p/Drzwi-przesuwne-w-kasecie-chowane-w-sciane-kaseta-bezoscieznicowa-Estima-bezbarwne/1860,Dveře posuvné w kasecie chowane w ścianę kaseta bezościeżnicowa Estima čiré. Cena zahrnuje systém a kování.
Dveře posuvné w kasecie chowane w ścianę kaseta bezościeżnicowa Estima leptané,Posuvné dveře do pouzdra,19343,2300.0,https://qubaglass.pl/environment/cache/images/productGfx_4581_700_700/kaseta_estima_trawione_.jpg,https://qubaglass.pl/pl/p/Drzwi-przesuwne-w-kasecie-chowane-w-sciane-kaseta-bezoscieznicowa-Estima-trawione/843,Dveře posuvné w kasecie chowane w ścianę kaseta bezościeżnicowa Estima leptané. Cena zahrnuje systém a kování.
Dveře posuvné w kasecie chowane w ścianę kaseta bezościeżnicowa Estima vzor pasy 1.1,Posuvné dveře do pouzdra,19764,2350.0,https://qubaglass.pl/environment/cache/images/productGfx_5142_700_700/kasetra_estima_wzor_pasy1.1_szklo.jpg,https://qubaglass.pl/pl/p/Drzwi-przesuwne-w-kasecie-chowane-w-sciane-kaseta-bezoscieznicowa-Estima-wzor-pasy-1.1/92,Dveře posuvné w kasecie chowane w ścianę kaseta bezościeżnicowa Estima vzor pasy 1.1. Cena zahrnuje systém a kování.
Dveře posuvné w kasecie chowane w ścianę kaseta bezościeżnicowa Estima vzor paski 1.2,Posuvné dveře do pouzdra,19764,2350.0,https://qubaglass.pl/environment/cache/images/productGfx_4401_700_700/kaseta_estima_wzor_matowy_paski1.2.jpg,https://qubaglass.pl/pl/p/Drzwi-przesuwne-w-kasecie-chowane-w-sciane-kaseta-bezoscieznicowa-Estima-wzor-paski-1.2/93,Dveře posuvné w kasecie chowane w ścianę kaseta bezościeżnicowa Estima vzor paski 1.2. Cena zahrnuje systém a kování.
Dveře posuvné w kasecie chowane w ścianę kaseta bezościeżnicowa Estima vzor kwadraty 1.5,Posuvné dveře do pouzdra,21866,2600.0,https://qubaglass.pl/environment/cache/images/productGfx_4402_700_700/drzwi_w_kasecie_estima_kwadraty.jpg,https://qubaglass.pl/pl/p/Drzwi-przesuwne-w-kasecie-chowane-w-sciane-kaseta-bezoscieznicowa-Estima-wzor-kwadraty-1.5/94,Dveře posuvné w kasecie chowane w ścianę kaseta bezościeżnicowa Estima vzor kwadraty 1.5. Cena zahrnuje systém a kování.
Dveře posuvné w kasecie chowane w ścianę kaseta bezościeżnicowa Estima laminované černé,Posuvné dveře do pouzdra,21025,2500.0,https://qubaglass.pl/environment/cache/images/productGfx_4368_700_700/kaseta_estima_laminowane_czarne.jpg,https://qubaglass.pl/pl/p/Drzwi-przesuwne-w-kasecie-chowane-w-sciane-kaseta-bezoscieznicowa-Estima-laminowane-czarne/840,Dveře posuvné w kasecie chowane w ścianę kaseta bezościeżnicowa Estima laminované černé. Cena zahrnuje systém a kování.
Dveře posuvné w kasecie chowane w ścianę kaseta bezościeżnicowa Estima laminované bílé,Posuvné dveře do pouzdra,23128,2750.0,https://qubaglass.pl/environment/cache/images/productGfx_1492_700_700/drzwi_w_kasecie_estima_laminowane_biale.jpg,https://qubaglass.pl/pl/p/Drzwi-przesuwne-w-kasecie-chowane-w-sciane-kaseta-bezoscieznicowa-Estima-laminowane-biale/590,Dveře posuvné w kasecie chowane w ścianę kaseta bezościeżnicowa Estima laminované bílé. Cena zahrnuje systém a kování.
Dveře posuvné w kasecie chowane w ścianę kaseta bezościeżnicowa Estima grafitové matné,Posuvné dveře do pouzdra,21866,2600.0,https://qubaglass.pl/environment/cache/images/productGfx_4985_700_700/kaseta_grafit_trawiony_estima.jpg,https://qubaglass.pl/pl/p/Drzwi-przesuwne-w-kasecie-chowane-w-sciane-kaseta-bezoscieznicowa-Estima-grafitowe-matowe/496,Dveře posuvné w kasecie chowane w ścianę kaseta bezościeżnicowa Estima grafitové matné. Cena zahrnuje systém a kování.
Dveře posuvné w kasecie chowane w ścianę kaseta bezościeżnicowa Estima hnědé matné,Posuvné dveře do pouzdra,21866,2600.0,https://qubaglass.pl/environment/cache/images/productGfx_4397_700_700/82b8eda18a3e6862a331ec810345babf.jpg,https://qubaglass.pl/pl/p/Drzwi-przesuwne-w-kasecie-chowane-w-sciane-kaseta-bezoscieznicowa-Estima-brazowe-matowe/495,Dveře posuvné w kasecie chowane w ścianę kaseta bezościeżnicowa Estima hnědé matné. Cena zahrnuje systém a kování.
Dveře posuvné w kasecie chowane w ścianę kaseta bezościeżnicowa Estima podwójne leptané,Posuvné dveře do pouzdra,39527,4700.0,https://qubaglass.pl/environment/cache/images/productGfx_8553_700_700/drzwi_szklane_w_kasecie_podwojne.jpg,https://qubaglass.pl/pl/p/Drzwi-przesuwne-w-kasecie-chowane-w-sciane-kaseta-bezoscieznicowa-Estima-podwojne-trawione/1424,Dveře posuvné w kasecie chowane w ścianę kaseta bezościeżnicowa Estima podwójne leptané. Cena zahrnuje systém a kování.
Dveře posuvné w kasecie chowane w ścianę kaseta bezościeżnicowa Estima podwójne čiré,Posuvné dveře do pouzdra,37004,4400.0,https://qubaglass.pl/environment/cache/images/productGfx_8561_700_700/drzwi_w_kasecie_szklane_podwojne_bezbarwne.jpg,https://qubaglass.pl/pl/p/Drzwi-przesuwne-w-kasecie-chowane-w-sciane-kaseta-bezoscieznicowa-Estima-podwojne-bezbarwne/1425,Dveře posuvné w kasecie chowane w ścianę kaseta bezościeżnicowa Estima podwójne čiré. Cena zahrnuje systém a kování.
Dveře posuvné w kasecie chowane w ścianę kaseta bezościeżnicowa Estima KOL/110,Posuvné dveře do pouzdra,22707,2700.0,https://qubaglass.pl/environment/cache/images/productGfx_4367_700_700/drzwi_w_kasecie_estima_kol_110.jpg,https://qubaglass.pl/pl/p/Drzwi-przesuwne-w-kasecie-chowane-w-sciane-kaseta-bezoscieznicowa-Estima-KOL110/961,Dveře posuvné w kasecie chowane w ścianę kaseta bezościeżnicowa Estima KOL/110. Cena zahrnuje systém a kování.
Dveře posuvné w kasecie chowane w ścianę kaseta bezościeżnicowa Estima KOL/109,Posuvné dveře do pouzdra,22707,2700.0,https://qubaglass.pl/environment/cache/images/productGfx_4366_700_700/drzwi_w_kasecie_grafika_kol_109.jpg,https://qubaglass.pl/pl/p/Drzwi-przesuwne-w-kasecie-chowane-w-sciane-kaseta-bezoscieznicowa-Estima-KOL109/960,Dveře posuvné w kasecie chowane w ścianę kaseta bezościeżnicowa Estima KOL/109. Cena zahrnuje systém a kování.
Dveře posuvné w kasecie chowane w ścianę kaseta bezościeżnicowa Estima KOL/105,Posuvné dveře do pouzdra,22707,2700.0,https://qubaglass.pl/environment/cache/images/productGfx_4365_700_700/kaseta_estima_kol_105.jpg,https://qubaglass.pl/pl/p/Drzwi-przesuwne-w-kasecie-chowane-w-sciane-kaseta-bezoscieznicowa-Estima-KOL105/959,Dveře posuvné w kasecie chowane w ścianę kaseta bezościeżnicowa Estima KOL/105. Cena zahrnuje systém a kování.
Dveře posuvné w kasecie chowane w ścianę kaseta bezościeżnicowa Estima KOL/085,Posuvné dveře do pouzdra,22707,2700.0,https://qubaglass.pl/environment/cache/images/productGfx_4364_700_700/drzwi_w_kasecie_kol_085.jpg,https://qubaglass.pl/pl/p/Drzwi-przesuwne-w-kasecie-chowane-w-sciane-kaseta-bezoscieznicowa-Estima-KOL085/770,Dveře posuvné w kasecie chowane w ścianę kaseta bezościeżnicowa Estima KOL/085. Cena zahrnuje systém a kování.
Dveře posuvné w kasecie chowane w ścianę kaseta bezościeżnicowa Estima KOL/079,Posuvné dveře do pouzdra,22707,2700.0,https://qubaglass.pl/environment/cache/images/productGfx_4360_700_700/drzwi_w_kasecie_grafika_kol_079.jpg,https://qubaglass.pl/pl/p/Drzwi-przesuwne-w-kasecie-chowane-w-sciane-kaseta-bezoscieznicowa-Estima-KOL079/766,Dveře posuvné w kasecie chowane w ścianę kaseta bezościeżnicowa Estima KOL/079. Cena zahrnuje systém a kování.
Dveře posuvné w kasecie chowane w ścianę kaseta bezościeżnicowa Estima KOL/077,Posuvné dveře do pouzdra,22707,2700.0,https://qubaglass.pl/environment/cache/images/productGfx_4359_700_700/drzwi_w_kasecie_grafika_kol_077.jpg,https://qubaglass.pl/pl/p/Drzwi-przesuwne-w-kasecie-chowane-w-sciane-kaseta-bezoscieznicowa-Estima-KOL077/736,Dveře posuvné w kasecie chowane w ścianę kaseta bezościeżnicowa Estima KOL/077. Cena zahrnuje systém a kování.
Dveře posuvné w kasecie chowane w ścianę kaseta bezościeżnicowa Estima KOL/056,Posuvné dveře do pouzdra,22707,2700.0,https://qubaglass.pl/environment/cache/images/productGfx_1481_700_700/drzwi_w_kasecie_grafika_KOL_056.jpg,https://qubaglass.pl/pl/p/Drzwi-przesuwne-w-kasecie-chowane-w-sciane-kaseta-bezoscieznicowa-Estima-KOL056/587,Dveře posuvné w kasecie chowane w ścianę kaseta bezościeżnicowa Estima KOL/056. Cena zahrnuje systém a kování.
Dveře posuvné w kasecie chowane w ścianę kaseta bezościeżnicowa Estima KOL/062,Posuvné dveře do pouzdra,22707,2700.0,https://qubaglass.pl/environment/cache/images/productGfx_1478_700_700/drzwi_W_kasecie_grafika_kol_062.jpg,https://qubaglass.pl/pl/p/Drzwi-przesuwne-w-kasecie-chowane-w-sciane-kaseta-bezoscieznicowa-Estima-KOL062/586,Dveře posuvné w kasecie chowane w ścianę kaseta bezościeżnicowa Estima KOL/062. Cena zahrnuje systém a kování.
Dveře posuvné w kasecie chowane w ścianę kaseta bezościeżnicowa Estima KOL/061,Posuvné dveře do pouzdra,22707,2700.0,https://qubaglass.pl/environment/cache/images/productGfx_1475_700_700/drzwi_w_kasecie_grafika_kol_061.jpg,https://qubaglass.pl/pl/p/Drzwi-przesuwne-w-kasecie-chowane-w-sciane-kaseta-bezoscieznicowa-Estima-KOL061/585,Dveře posuvné w kasecie chowane w ścianę kaseta bezościeżnicowa Estima KOL/061. Cena zahrnuje systém a kování.
Dveře posuvné w kasecie chowane w ścianę kaseta bezościeżnicowa Estima KOL/052,Posuvné dveře do pouzdra,22707,2700.0,https://qubaglass.pl/environment/cache/images/productGfx_1487_700_700/drzwi_w_kasecie_kol_052.jpg,https://qubaglass.pl/pl/p/Drzwi-przesuwne-w-kasecie-chowane-w-sciane-kaseta-bezoscieznicowa-Estima-KOL052/584,Dveře posuvné w kasecie chowane w ścianę kaseta bezościeżnicowa Estima KOL/052. Cena zahrnuje systém a kování.
Dveře posuvné w kasecie chowane w ścianę kaseta bezościeżnicowa Estima KOL/040,Posuvné dveře do pouzdra,22707,2700.0,https://qubaglass.pl/environment/cache/images/productGfx_4404_700_700/drzwi_szklane_w_kasecie_estima_kol_040.jpg,https://qubaglass.pl/pl/p/Drzwi-przesuwne-w-kasecie-chowane-w-sciane-kaseta-bezoscieznicowa-Estima-KOL040/583,Dveře posuvné w kasecie chowane w ścianę kaseta bezościeżnicowa Estima KOL/040. Cena zahrnuje systém a kování.
Dveře posuvné w kasecie chowane w ścianę kaseta bezościeżnicowa Estima KOL/051,Posuvné dveře do pouzdra,22707,2700.0,https://qubaglass.pl/environment/cache/images/productGfx_1488_700_700/drzwi_w_kasecie_grafika_kol_051.jpg,https://qubaglass.pl/pl/p/Drzwi-przesuwne-w-kasecie-chowane-w-sciane-kaseta-bezoscieznicowa-Estima-KOL051/536,Dveře posuvné w kasecie chowane w ścianę kaseta bezościeżnicowa Estima KOL/051. Cena zahrnuje systém a kování.
Dveře posuvné w kasecie chowane w ścianę kaseta bezościeżnicowa Estima KOL/059,Posuvné dveře do pouzdra,22707,2700.0,https://qubaglass.pl/environment/cache/images/productGfx_1484_700_700/drzwi_w_kasecie_grafika_kol_059.jpg,https://qubaglass.pl/pl/p/Drzwi-przesuwne-w-kasecie-chowane-w-sciane-kaseta-bezoscieznicowa-Estima-KOL059/588,Dveře posuvné w kasecie chowane w ścianę kaseta bezościeżnicowa Estima KOL/059. Cena zahrnuje systém a kování.
Dveře posuvné w kasecie chowane w ścianę kaseta bezościeżnicowa Estima KOL/080,Posuvné dveře do pouzdra,22707,2700.0,https://qubaglass.pl/environment/cache/images/productGfx_4361_700_700/drzwi_w_kasecie_estima_grafika_kol080.jpg,https://qubaglass.pl/pl/p/Drzwi-przesuwne-w-kasecie-chowane-w-sciane-kaseta-bezoscieznicowa-Estima-KOL080/767,Dveře posuvné w kasecie chowane w ścianę kaseta bezościeżnicowa Estima KOL/080. Cena zahrnuje systém a kování.
Dveře posuvné w kasecie chowane w ścianę kaseta bezościeżnicowa Estima KOL/081,Posuvné dveře do pouzdra,22707,2700.0,https://qubaglass.pl/environment/cache/images/productGfx_4362_700_700/kaseta_estima_kol_081.jpg,https://qubaglass.pl/pl/p/Drzwi-przesuwne-w-kasecie-chowane-w-sciane-kaseta-bezoscieznicowa-Estima-KOL081/768,Dveře posuvné w kasecie chowane w ścianę kaseta bezościeżnicowa Estima KOL/081. Cena zahrnuje systém a kování.
Dveře posuvné w kasecie chowane w ścianę kaseta bezościeżnicowa Estima KOL/082,Posuvné dveře do pouzdra,22707,2700.0,https://qubaglass.pl/environment/cache/images/productGfx_4363_700_700/112e4f21d4e61fbf8ab60627583199f9.jpg,https://qubaglass.pl/pl/p/Drzwi-przesuwne-w-kasecie-chowane-w-sciane-kaseta-bezoscieznicowa-Estima-KOL082/769,Dveře posuvné w kasecie chowane w ścianę kaseta bezościeżnicowa Estima KOL/082. Cena zahrnuje systém a kování.
Dveře posuvné w kasecie chowane w ścianę kaseta bezościeżnicowa Estima KOL/101L,Posuvné dveře do pouzdra,22707,2700.0,https://qubaglass.pl/environment/cache/images/productGfx_4409_700_700/drzwi_w_kasecie_grafika_kol_101l.jpg,https://qubaglass.pl/pl/p/Drzwi-przesuwne-w-kasecie-chowane-w-sciane-kaseta-bezoscieznicowa-Estima-KOL101L/950,Dveře posuvné w kasecie chowane w ścianę kaseta bezościeżnicowa Estima KOL/101L. Cena zahrnuje systém a kování.
Dveře posuvné w kasecie chowane w ścianę kaseta bezościeżnicowa Estima KOL/101P,Posuvné dveře do pouzdra,22707,2700.0,https://qubaglass.pl/environment/cache/images/productGfx_4410_700_700/drzwi_w_kasecie_grafika_kol_101p.jpg,https://qubaglass.pl/pl/p/Drzwi-przesuwne-w-kasecie-chowane-w-sciane-kaseta-bezoscieznicowa-Estima-KOL101P/951,Dveře posuvné w kasecie chowane w ścianę kaseta bezościeżnicowa Estima KOL/101P. Cena zahrnuje systém a kování.
Dveře posuvné w kasecie chowane w ścianę kaseta bezościeżnicowa Estima KOL/040 + černé szkło,Posuvné dveře do pouzdra,23548,2800.0,https://qubaglass.pl/environment/cache/images/productGfx_1494_700_700/drzwi_w_kasecie_estima_kol040_czarne_szklo.jpg,https://qubaglass.pl/pl/p/Drzwi-przesuwne-w-kasecie-chowane-w-sciane-kaseta-bezoscieznicowa-Estima-KOL040-czarne-szklo/591,Dveře posuvné w kasecie chowane w ścianę kaseta bezościeżnicowa Estima KOL/040 + černé szkło. Cena zahrnuje systém a kování.
Dveře posuvné w kasecie chowane w ścianę kaseta bezościeżnicowa Estima KOL/051+černé szkło,Posuvné dveře do pouzdra,23548,2800.0,https://qubaglass.pl/environment/cache/images/productGfx_1502_700_700/drzwi_w_kasecie_kol_051.jpg,https://qubaglass.pl/pl/p/Drzwi-przesuwne-w-kasecie-chowane-w-sciane-kaseta-bezoscieznicowa-Estima-KOL051-czarne-szklo/593,Dveře posuvné w kasecie chowane w ścianę kaseta bezościeżnicowa Estima KOL/051+černé szkło. Cena zahrnuje systém a kování.
Dveře posuvné w kasecie chowane w ścianę kaseta bezościeżnicowa Estima KOL/052 + černé szkło,Posuvné dveře do pouzdra,23548,2800.0,https://qubaglass.pl/environment/cache/images/productGfx_1510_700_700/drzwi_w_kasecie_grafika_kol_052_czarne_szklo.jpg,https://qubaglass.pl/pl/p/Drzwi-przesuwne-w-kasecie-chowane-w-sciane-kaseta-bezoscieznicowa-Estima-KOL052-czarne-szklo/595,Dveře posuvné w kasecie chowane w ścianę kaseta bezościeżnicowa Estima KOL/052 + černé szkło. Cena zahrnuje systém a kování.
Dveře posuvné w kasecie chowane w ścianę kaseta bezościeżnicowa Estima KOL/056 + černé szkło,Posuvné dveře do pouzdra,23548,2800.0,https://qubaglass.pl/environment/cache/images/productGfx_1518_700_700/b445c36bde416372c21737e32b4c8a72.jpg,https://qubaglass.pl/pl/p/Drzwi-przesuwne-w-kasecie-chowane-w-sciane-kaseta-bezoscieznicowa-Estima-KOL056-czarne-szklo/597,Dveře posuvné w kasecie chowane w ścianę kaseta bezościeżnicowa Estima KOL/056 + černé szkło. Cena zahrnuje systém a kování.
Dveře posuvné w kasecie chowane w ścianę kaseta bezościeżnicowa Estima KOL/059 + černé szkło,Posuvné dveře do pouzdra,23548,2800.0,https://qubaglass.pl/environment/cache/images/productGfx_1526_700_700/drzwi_w_kasecie_kol_059_estima.jpg,https://qubaglass.pl/pl/p/Drzwi-przesuwne-w-kasecie-chowane-w-sciane-kaseta-bezoscieznicowa-Estima-KOL059-czarne-szklo/599,Dveře posuvné w kasecie chowane w ścianę kaseta bezościeżnicowa Estima KOL/059 + černé szkło. Cena zahrnuje systém a kování.
Dveře posuvné w kasecie chowane w ścianę kaseta bezościeżnicowa Estima KOL/061 + černé szkło,Posuvné dveře do pouzdra,23548,2800.0,https://qubaglass.pl/environment/cache/images/productGfx_1534_700_700/52be97037c6b1bdf4a2f8bda084287d3.jpg,https://qubaglass.pl/pl/p/Drzwi-przesuwne-w-kasecie-chowane-w-sciane-kaseta-bezoscieznicowa-Estima-KOL061-czarne-szklo/601,Dveře posuvné w kasecie chowane w ścianę kaseta bezościeżnicowa Estima KOL/061 + černé szkło. Cena zahrnuje systém a kování.
Dveře posuvné w kasecie chowane w ścianę kaseta bezościeżnicowa Estima KOL/062 + černé szkło,Posuvné dveře do pouzdra,23548,2800.0,https://qubaglass.pl/environment/cache/images/productGfx_1544_700_700/kaseta_estima_kol_062_czarna_folia.jpg,https://qubaglass.pl/pl/p/Drzwi-przesuwne-w-kasecie-chowane-w-sciane-kaseta-bezoscieznicowa-Estima-KOL062-czarne-szklo/604,Dveře posuvné w kasecie chowane w ścianę kaseta bezościeżnicowa Estima KOL/062 + černé szkło. Cena zahrnuje systém a kování.
Dveře skleněné otevírané samozamykacz loft szprosy biała ramka,Otočné dveře,26071,3100.0,https://qubaglass.pl/environment/cache/images/productGfx_10979_700_700/drzwi_szklane_z_bialymi_okuciami_qubaglass.jpg,https://qubaglass.pl/pl/p/Drzwi-szklane-otwierane-samozamykacz-loft-szprosy-biala-ramka/1642,Dveře skleněné otevírané samozamykacz loft szprosy biała ramka. Cena zahrnuje systém a kování.
Dveře skleněné otevírané samozamykacz loft szprosy czarna ramka,Otočné dveře,24389,2900.0,https://qubaglass.pl/environment/cache/images/productGfx_7028_700_700/Beztytulu.jpg,https://qubaglass.pl/pl/p/Drzwi-szklane-otwierane-samozamykacz-loft-szprosy-czarna-ramka/1261,Dveře skleněné otevírané samozamykacz loft szprosy czarna ramka. Cena zahrnuje systém a kování.
Dveře skleněné samozamykacz otočné otevírané bílé+ loft nadruk szprosy,Otočné dveře,25230,3000.0,https://qubaglass.pl/environment/cache/images/productGfx_8538_700_700/IMG_6828x2.jpg,https://qubaglass.pl/pl/p/Drzwi-szklane-samozamykacz-wahadlowe-otwierane-biale-loft-nadruk-szprosy/1422,Dveře skleněné samozamykacz otočné otevírané bílé+ loft nadruk szprosy. Cena zahrnuje systém a kování.
Dveře skleněné otočné na samozamykaczu podwójne samozamykacz na míru,Otočné dveře,31958,3800.0,https://qubaglass.pl/environment/cache/images/productGfx_11037_700_700/drzwi_szklane_na_samzoamykaczu_qubaglass_podwojne.jpg,https://qubaglass.pl/pl/p/Drzwi-szklane-wahadlowe-na-samozamykaczu-podwojne-samozamykacz-na-wymiar/1646,Dveře skleněné otočné na samozamykaczu podwójne samozamykacz na míru. Cena zahrnuje systém a kování.
Dveře skleněné otočné otevírané samozamykacz na míru matné,Otočné dveře,15979,1900.0,https://qubaglass.pl/environment/cache/images/productGfx_1462_700_700/4f5cdd43be17c03347c1142e94267bf5.jpg,https://qubaglass.pl/pl/p/Drzwi-szklane-wahadlowe-otwierane-samozamykacz-na-wymiar-matowe/573,Dveře skleněné otočné otevírané samozamykacz na míru matné. Cena zahrnuje systém a kování.
Dveře skleněné otočné otevírané samozamykacz černé okucia szkło matné,Otočné dveře,18502,2200.0,https://qubaglass.pl/environment/cache/images/productGfx_7857_700_700/prawe_matowe_drzwi_szklane_na_samozamykaczu_czarne_okucia.jpg,https://qubaglass.pl/pl/p/Drzwi-szklane-wahadlowe-otwierane-samozamykacz-czarne-okucia-szklo-matowe/1361,Dveře skleněné otočné otevírané samozamykacz černé okucia szkło matné. Cena zahrnuje systém a kování.
Dveře skleněné otočné otevírané samozamykacz černé okucia szkło przezroczyste,Otočné dveře,18502,2200.0,https://qubaglass.pl/environment/cache/images/productGfx_7863_700_700/prawe_drzwi_Szklane_na_samozamykaczu_czarne_okucia.jpg,https://qubaglass.pl/pl/p/Drzwi-szklane-wahadlowe-otwierane-samozamykacz-czarne-okucia-szklo-przezroczyste/1362,Dveře skleněné otočné otevírané samozamykacz černé okucia szkło przezroczyste. Cena zahrnuje systém a kování.
Dveře skleněné otevírané samozamykacz vzor piaskowany Q-111,Otočné dveře,35322,4200.0,https://qubaglass.pl/environment/cache/images/productGfx_1784_700_700/11807d4010d9e943b8303f716f5ff851.jpg,https://qubaglass.pl/pl/p/Drzwi-szklane-otwierane-samozamykacz-wzor-piaskowany-Q-111/683,Dveře skleněné otevírané samozamykacz vzor piaskowany Q-111. Cena zahrnuje systém a kování.
Dveře skleněné otevírané otočné na míru szkło matné,Otočné dveře,10681,1270.0,https://qubaglass.pl/environment/cache/images/productGfx_1829_700_700/4ef0ff75c2b80cb07026d3d57be85a42.jpg,https://qubaglass.pl/pl/p/Drzwi-szklane-otwierane-wahadlowe-na-wymiar-szklo-matowe/416,Dveře skleněné otevírané otočné na míru szkło matné. Cena zahrnuje systém a kování.
Dveře skleněné podwójne samozamykacz grafika KOL/058,Otočné dveře,37004,4400.0,https://qubaglass.pl/environment/cache/images/productGfx_1836_700_700/5cbf7a70aec4aa1af15655633908bcaf.jpg,https://qubaglass.pl/pl/p/Drzwi-szklane-podwojne-samozamykacz-grafika-KOL058/579,Dveře skleněné podwójne samozamykacz grafika KOL/058. Cena zahrnuje systém a kování.
Dveře skleněné otočné otevírané hnědé matné,Otočné dveře,15138,1800.0,https://qubaglass.pl/environment/cache/images/productGfx_7730_700_700/drzwi_wahadlowe_matowe_brazowe_prawe.jpg,https://qubaglass.pl/pl/p/Drzwi-szklane-wahadlowe-otwierane-brazowe-matowe/1346,Dveře skleněné otočné otevírané hnědé matné. Cena zahrnuje systém a kování.
Dveře skleněné otočné otevírané černé okucia szkło čiré,Otočné dveře,11774,1400.0,https://qubaglass.pl/environment/cache/images/productGfx_8203_700_700/drzwi_wahadlowe_szklane_qubaglass-Bezbarwne-Czarnezawiasy-%E2%80%94-kopia.jpg,https://qubaglass.pl/pl/p/Drzwi-szklane-wahadlowe-otwierane-czarne-okucia-szklo-bezbarwne/1371,Dveře skleněné otočné otevírané černé okucia szkło čiré. Cena zahrnuje systém a kování.
Dveře skleněné otočné otevírané grafika KOL/141,Otočné dveře,18082,2150.0,https://qubaglass.pl/environment/cache/images/productGfx_9008_700_700/drzwi_szklane_grafika_zlote_okucia_wahadlowe.jpg,https://qubaglass.pl/pl/p/Drzwi-szklane-wahadlowe-otwierane-grafika-KOL141/1476,Dveře skleněné otočné otevírané grafika KOL/141. Cena zahrnuje systém a kování.
Dveře skleněné otočné otevírané grafitové matné,Otočné dveře,15138,1800.0,https://qubaglass.pl/environment/cache/images/productGfx_7742_700_700/drzwi_grafitowe_matowe_prawe.jpg,https://qubaglass.pl/pl/p/Drzwi-szklane-wahadlowe-otwierane-grafitowe-matowe/1348,Dveře skleněné otočné otevírané grafitové matné. Cena zahrnuje systém a kování.
Dveře skleněné otočné otevírané laminované černé,Otočné dveře,13456,1600.0,https://qubaglass.pl/environment/cache/images/productGfx_8195_700_700/drzwi_wahadlowe_szklane_qubaglass-PolyskCzarne-Czarnezawiasy-%E2%80%94-kopia.jpg,https://qubaglass.pl/pl/p/Drzwi-szklane-wahadlowe-otwierane-laminowane-czarne/1370,Dveře skleněné otočné otevírané laminované černé. Cena zahrnuje systém a kování.
Dveře skleněné otočné otevírané laminované černé podwójne,Otočné dveře,26912,3200.0,https://qubaglass.pl/environment/cache/images/productGfx_13952_700_700/drzwi-z-pochwytem-cale-czarne-podwojne-wiatroplap-%E2%80%94-kopia.jpg,https://qubaglass.pl/pl/p/Drzwi-szklane-wahadlowe-otwierane-laminowane-czarne-podwojne/1839,Dveře skleněné otočné otevírané laminované černé podwójne. Cena zahrnuje systém a kování.
Dveře skleněné otočné otevírané loft nadruk szprosy ramka czarna,Otočné dveře,14297,1700.0,https://qubaglass.pl/environment/cache/images/productGfx_7269_700_700/drzwi_szklane_wahadlowe_nadruk_szprosy_czarne.jpg,https://qubaglass.pl/pl/p/Drzwi-szklane-wahadlowe-otwierane-loft-nadruk-szprosy-ramka-czarna/1299,Dveře skleněné otočné otevírané loft nadruk szprosy ramka czarna. Cena zahrnuje systém a kování.
Dveře skleněné otočné otevírané na míru grafika GRAF/105,Otočné dveře,15138,1800.0,https://qubaglass.pl/environment/cache/images/productGfx_8179_700_700/drzwi_szklane_na_zawiasach_otwierane_uchylne.jpg,https://qubaglass.pl/pl/p/Drzwi-szklane-wahadlowe-otwierane-na-wymiar-grafika-GRAF105/1368,Dveře skleněné otočné otevírané na míru grafika GRAF/105. Cena zahrnuje systém a kování.
Dveře skleněné otočné otevírané na míru grafika KOL/114,Otočné dveře,12363,1470.0,https://qubaglass.pl/environment/cache/images/productGfx_7680_700_700/grafika_KOL_114.jpg,https://qubaglass.pl/pl/p/drzwi-szklane-wahadlowe-otwierane-na-wymiar-grafika-KOL114/1340,Dveře skleněné otočné otevírané na míru grafika KOL/114. Cena zahrnuje systém a kování.
Dveře skleněné otočné otevírané na míru grafika KOL/133,Otočné dveře,12363,1470.0,https://qubaglass.pl/environment/cache/images/productGfx_7687_700_700/grafika_KOL_133.jpg,https://qubaglass.pl/pl/p/Drzwi-szklane-wahadlowe-otwierane-na-wymiar-grafika-KOL133/1341,Dveře skleněné otočné otevírané na míru grafika KOL/133. Cena zahrnuje systém a kování.
Dveře skleněné otočné otevírané na míru grafika KOL/134,Otočné dveře,12363,1470.0,https://qubaglass.pl/environment/cache/images/productGfx_7695_700_700/grafika_KOL_134.jpg,https://qubaglass.pl/pl/p/Drzwi-szklane-wahadlowe-otwierane-na-wymiar-grafika-KOL134/1342,Dveře skleněné otočné otevírané na míru grafika KOL/134. Cena zahrnuje systém a kování.
Dveře skleněné otočné otevírané na míru grafika KOL/140,Otočné dveře,12363,1470.0,https://qubaglass.pl/environment/cache/images/productGfx_7703_700_700/grafika_KOL_140.jpg,https://qubaglass.pl/pl/p/Drzwi-szklane-wahadlowe-otwierane-na-wymiar-grafika-KOL140/1343,Dveře skleněné otočné otevírané na míru grafika KOL/140. Cena zahrnuje systém a kování.
Dveře skleněné otočné otevírané na míru grafitové čiré,Otočné dveře,14297,1700.0,https://qubaglass.pl/environment/cache/images/productGfx_7736_700_700/drzwi_grafitowe_bezbarwne_prawe.jpg,https://qubaglass.pl/pl/p/Drzwi-szklane-wahadlowe-otwierane-na-wymiar-grafitowe-bezbarwne/1347,Dveře skleněné otočné otevírané na míru grafitové čiré. Cena zahrnuje systém a kování.
Dveře skleněné otočné otevírané na míru przezroczyste,Otočné dveře,9840,1170.0,https://qubaglass.pl/environment/cache/images/productGfx_7256_700_700/drzwi_wahadlowe_szklane_qubaglass.jpg,https://qubaglass.pl/pl/p/Drzwi-szklane-wahadlowe-otwierane-na-wymiar-przezroczyste/1298,Dveře skleněné otočné otevírané na míru przezroczyste. Cena zahrnuje systém a kování.
Dveře skleněné otočné otevírané na míru szkło hnědé čiré,Otočné dveře,14297,1700.0,https://qubaglass.pl/environment/cache/images/productGfx_7722_700_700/drzwi_wahadlowe_brazowe_bezbarwne_prawe.jpg,https://qubaglass.pl/pl/p/Drzwi-szklane-wahadlowe-otwierane-na-wymiar-szklo-brazowe-bezbarwne/1345,Dveře skleněné otočné otevírané na míru szkło hnědé čiré. Cena zahrnuje systém a kování.
Dveře skleněné otočné otevírané na míru szkło laminované bílé,Otočné dveře,15138,1800.0,https://qubaglass.pl/environment/cache/images/productGfx_8189_700_700/drzwi_szklane_qubaglass_biale_wahadlowe.jpg,https://qubaglass.pl/pl/p/Drzwi-szklane-wahadlowe-otwierane-na-wymiar-szklo-laminowane-biale/1369,Dveře skleněné otočné otevírané na míru szkło laminované bílé. Cena zahrnuje systém a kování.
Dveře skleněné otočné otevírané podwójne na míru szkło matné,Otočné dveře,21361,2540.0,https://qubaglass.pl/environment/cache/images/productGfx_1830_700_700/421bd5ee740cae810d0ab2c3cbf27bd9.jpg,https://qubaglass.pl/pl/p/Drzwi-szklane-wahadlowe-otwierane-podwojne-na-wymiar-szklo-matowe/417,Dveře skleněné otočné otevírané podwójne na míru szkło matné. Cena zahrnuje systém a kování.
Dveře skleněné otočné otevírané samozamykacz podwójne černé,Otočné dveře,37004,4400.0,https://qubaglass.pl/environment/cache/images/productGfx_1466_700_700/0f50d970e553fc5a1685e423d10ca8fb.jpg,https://qubaglass.pl/pl/p/Drzwi-szklane-wahadlowe-otwierane-samozamykacz-podwojne-czarne/578,Dveře skleněné otočné otevírané samozamykacz podwójne černé. Cena zahrnuje systém a kování.
Dveře skleněné otočné otevírané z grafiką KOL/086 złote okucia,Otočné dveře,18082,2150.0,https://qubaglass.pl/environment/cache/images/productGfx_8998_700_700/prawe_wahadlowe_kol_086_zlote_okucia.jpg,https://qubaglass.pl/pl/p/Drzwi-szklane-wahadlowe-otwierane-z-grafika-KOL086-zlote-okucia/1475,Dveře skleněné otočné otevírané z grafiką KOL/086 złote okucia. Cena zahrnuje systém a kování.
Dveře skleněné otočné otevírané z grafiką KOL/142,Otočné dveře,18082,2150.0,https://qubaglass.pl/environment/cache/images/productGfx_9014_700_700/drzwi_szklane_wahadlowe_prawe_grafika_kol_142.jpg,https://qubaglass.pl/pl/p/Drzwi-szklane-wahadlowe-otwierane-z-grafika-KOL142/1477,Dveře skleněné otočné otevírané z grafiką KOL/142. Cena zahrnuje systém a kování.
Dveře skleněné otočné otevírané złote okucia grafika KOL/143,Otočné dveře,18082,2150.0,https://qubaglass.pl/environment/cache/images/productGfx_9020_700_700/wahadlowe_drzwi_z_grafika_zlote_okucia_qubaglass.jpg,https://qubaglass.pl/pl/p/Drzwi-szklane-wahadlowe-otwierane-zlote-okucia-grafika-KOL143/1478,Dveře skleněné otočné otevírané złote okucia grafika KOL/143. Cena zahrnuje systém a kování.
Dveře skleněné otočné otevírané złote okucia grafika KOL/144,Otočné dveře,18082,2150.0,https://qubaglass.pl/environment/cache/images/productGfx_9026_700_700/prawe_drzwi_wahadlowe_KOL_144_qubaglass.jpg,https://qubaglass.pl/pl/p/Drzwi-szklane-wahadlowe-otwierane-zlote-okucia-grafika-KOL144/1479,Dveře skleněné otočné otevírané złote okucia grafika KOL/144. Cena zahrnuje systém a kování.
Dveře skleněné otočné otevírané złote okucia grafika KOL/145,Otočné dveře,18082,2150.0,https://qubaglass.pl/environment/cache/images/productGfx_9032_700_700/kol_145_drzwi_wahadlowe_szklane.jpg,https://qubaglass.pl/pl/p/Drzwi-szklane-wahadlowe-otwierane-zlote-okucia-grafika-KOL145/1480,Dveře skleněné otočné otevírané złote okucia grafika KOL/145. Cena zahrnuje systém a kování.
Dveře skleněné otočné otevírané złote okucia grafika KOL/146,Otočné dveře,18082,2150.0,https://qubaglass.pl/environment/cache/images/productGfx_9038_700_700/kol_146_wahadlowe_drzwi_szklane_z_grafika.jpg,https://qubaglass.pl/pl/p/Drzwi-szklane-wahadlowe-otwierane-zlote-okucia-grafika-KOL146/1481,Dveře skleněné otočné otevírané złote okucia grafika KOL/146. Cena zahrnuje systém a kování.
Dveře skleněné otočné podwójne na míru vzor piaskowany paski 1.2,Otočné dveře,22202,2640.0,https://qubaglass.pl/environment/cache/images/productGfx_1832_700_700/29794cc95340393011111dd5ef4e7853.jpg,https://qubaglass.pl/pl/p/Drzwi-szklane-wahadlowe-podwojne-na-wymiar-wzor-piaskowany-paski-1.2/607,Dveře skleněné otočné podwójne na míru vzor piaskowany paski 1.2. Cena zahrnuje systém a kování.
Dveře skleněné otočné podwójne otevírané vzor pasy 1.1,Otočné dveře,22202,2640.0,https://qubaglass.pl/environment/cache/images/productGfx_1831_700_700/ef1a3282d9a32b0cfb6d7893d4b0db43.jpg,https://qubaglass.pl/pl/p/Drzwi-szklane-wahadlowe-podwojne-otwierane-wzor-pasy-1.1/419,Dveře skleněné otočné podwójne otevírané vzor pasy 1.1. Cena zahrnuje systém a kování.
Dveře skleněné otočné samozamykacz laminované černé,Otočné dveře,18502,2200.0,https://qubaglass.pl/environment/cache/images/productGfx_1467_700_700/69e829338a93bc472cca0866f1d743c2.jpg,https://qubaglass.pl/pl/p/Drzwi-szklane-wahadlowe-samozamykacz-laminowane-czarne/574,Dveře skleněné otočné samozamykacz laminované černé. Cena zahrnuje systém a kování.
Dveře skleněné otočné z zawiasami hydraulicznymi z regulacją zamykania čiré,Otočné dveře,12447,1480.0,https://qubaglass.pl/environment/cache/images/productGfx_13744_700_700/drzwi-z-zawiasem-hydraulicznym-samozamykacz.jpg,https://qubaglass.pl/pl/p/Drzwi-szklane-wahadlowe-z-zawiasami-hydraulicznymi-z-regulacja-zamykania-bezbarwne/1825,Dveře skleněné otočné z zawiasami hydraulicznymi z regulacją zamykania čiré. Cena zahrnuje systém a kování.
Dveře skleněné otevírané mocowane góra dół z zamkiem bez ościeżnicy bílé,Otevírané dveře,16812,1999.0,https://qubaglass.pl/environment/cache/images/productGfx_10018_700_700/drzwi_szklane_mocowane_gora_dol_biale_okucia_czarne.jpg,https://qubaglass.pl/pl/p/Drzwi-szklane-otwierane-mocowane-gora-dol-z-zamkiem-bez-oscieznicy-biale/1597,Dveře skleněné otevírané mocowane góra dół z zamkiem bez ościeżnicy bílé. Cena zahrnuje systém a kování.
Dveře skleněné otevírané mocowane góra dół z zamkiem bez ościeżnicy mocowane do ściany,Otevírané dveře,13448,1599.0,https://qubaglass.pl/environment/cache/images/productGfx_6867_700_700/drzwi_mocowane_gora_dol_trawione.jpg,https://qubaglass.pl/pl/p/Drzwi-szklane-otwierane-mocowane-gora-dol-z-zamkiem-bez-oscieznicy-mocowane-do-sciany/576,Dveře skleněné otevírané mocowane góra dół z zamkiem bez ościeżnicy mocowane do ściany. Cena zahrnuje systém a kování.
Dveře skleněné otevírané mocowane góra dół z zamkiem bez ościeżnicy mocowane do ściany,Otevírané dveře,12607,1499.0,https://qubaglass.pl/environment/cache/images/productGfx_9689_700_700/drzwi_szklane_z_zamkiem_qubaglass.jpg,https://qubaglass.pl/pl/p/Drzwi-szklane-otwierane-mocowane-gora-dol-z-zamkiem-bez-oscieznicy-mocowane-do-sciany/1571,Dveře skleněné otevírané mocowane góra dół z zamkiem bez ościeżnicy mocowane do ściany. Cena zahrnuje systém a kování.
Dveře skleněné otevírané mocowane góra dół z zamkiem bez ościeżnicy mocowane do ściany čiré,Otevírané dveře,14289,1699.0,https://qubaglass.pl/environment/cache/images/productGfx_10055_700_700/drzwi_szklane_z_zamkiem_mocowane_gora_dol_bezbarwne.jpg,https://qubaglass.pl/pl/p/Drzwi-szklane-otwierane-mocowane-gora-dol-z-zamkiem-bez-oscieznicy-mocowane-do-sciany-bezbarwne/1600,Dveře skleněné otevírané mocowane góra dół z zamkiem bez ościeżnicy mocowane do ściany čiré. Cena zahrnuje systém a kování.
Dveře skleněné otevírané mocowane góra dół z zamkiem bez ościeżnicy mocowane do ściany bílé,Otevírané dveře,15130,1799.0,https://qubaglass.pl/environment/cache/images/productGfx_9706_700_700/biale_drzwi_otwierane_okucia_satyna.jpg,https://qubaglass.pl/pl/p/Drzwi-szklane-otwierane-mocowane-gora-dol-z-zamkiem-bez-oscieznicy-mocowane-do-sciany-biale/1573,Dveře skleněné otevírané mocowane góra dół z zamkiem bez ościeżnicy mocowane do ściany bílé. Cena zahrnuje systém a kování.
Dveře skleněné otevírané mocowane góra dół z zamkiem bez ościeżnicy mocowane do ściany černé,Otevírané dveře,13448,1599.0,https://qubaglass.pl/environment/cache/images/productGfx_9698_700_700/drzwi_z_zamkiem_szklane_czarne.jpg,https://qubaglass.pl/pl/p/Drzwi-szklane-otwierane-mocowane-gora-dol-z-zamkiem-bez-oscieznicy-mocowane-do-sciany-czarne/1572,Dveře skleněné otevírané mocowane góra dół z zamkiem bez ościeżnicy mocowane do ściany černé. Cena zahrnuje systém a kování.
Dveře skleněné otevírané mocowane góra dół z zamkiem bez ościeżnicy mocowane do ściany černé,Otevírané dveře,15130,1799.0,https://qubaglass.pl/environment/cache/images/productGfx_10044_700_700/mocowane_gora_dol_drzwi__z_zamkiem_czarne.jpg,https://qubaglass.pl/pl/p/Drzwi-szklane-otwierane-mocowane-gora-dol-z-zamkiem-bez-oscieznicy-mocowane-do-sciany-czarne/1599,Dveře skleněné otevírané mocowane góra dół z zamkiem bez ościeżnicy mocowane do ściany černé. Cena zahrnuje systém a kování.
Dveře skleněné otevírané mocowane góra dół z zamkiem bez ościeżnicy mocowane do ściany černé SZPROSY LOFT,Otevírané dveře,18502,2200.0,https://qubaglass.pl/environment/cache/images/productGfx_10789_700_700/mocowane_gora_dol_szprosy_prawe.jpg,https://qubaglass.pl/pl/p/Drzwi-szklane-otwierane-mocowane-gora-dol-z-zamkiem-bez-oscieznicy-mocowane-do-sciany-czarne-SZPROSY-LOFT/1622,Dveře skleněné otevírané mocowane góra dół z zamkiem bez ościeżnicy mocowane do ściany černé SZPROSY LOFT. Cena zahrnuje systém a kování.
Dveře skleněné otevírané mocowane góra dół z zamkiem bez ościeżnicy mocowane do ściany grafika KOL/107,Otevírané dveře,14289,1699.0,https://qubaglass.pl/environment/cache/images/productGfx_6882_700_700/drzwi_mocowane_gora_dol_kol_107.jpg,https://qubaglass.pl/pl/p/Drzwi-szklane-otwierane-mocowane-gora-dol-z-zamkiem-bez-oscieznicy-mocowane-do-sciany-grafika-KOL107/1246,Dveře skleněné otevírané mocowane góra dół z zamkiem bez ościeżnicy mocowane do ściany grafika KOL/107. Cena zahrnuje systém a kování.
Dveře skleněné otevírané mocowane góra dół z zamkiem bez ościeżnicy mocowane do ściany grafika KOL/108,Otevírané dveře,14289,1699.0,https://qubaglass.pl/environment/cache/images/productGfx_6869_700_700/drzwi_mocowane_gora_dol_kol_108.jpg,https://qubaglass.pl/pl/p/Drzwi-szklane-otwierane-mocowane-gora-dol-z-zamkiem-bez-oscieznicy-mocowane-do-sciany-grafika-KOL108/972,Dveře skleněné otevírané mocowane góra dół z zamkiem bez ościeżnicy mocowane do ściany grafika KOL/108. Cena zahrnuje systém a kování.
Dveře skleněné otevírané mocowane góra dół z zamkiem bez ościeżnicy mocowane do ściany grafitové,Otevírané dveře,15130,1799.0,https://qubaglass.pl/environment/cache/images/productGfx_9679_700_700/drzwi_otwierane_z_zamkiem_satyna_okucia.jpg,https://qubaglass.pl/pl/p/Drzwi-szklane-otwierane-mocowane-gora-dol-z-zamkiem-bez-oscieznicy-mocowane-do-sciany-grafitowe/1570,Dveře skleněné otevírané mocowane góra dół z zamkiem bez ościeżnicy mocowane do ściany grafitové. Cena zahrnuje systém a kování.
Dveře skleněné otevírané mocowane góra dół z zamkiem bez ościeżnicy mocowane do ściany grafitové,Otevírané dveře,16812,1999.0,https://qubaglass.pl/environment/cache/images/productGfx_10031_700_700/drzwi_szklane_mocowane_gora_dol_grafit_czarne_okucia.jpg,https://qubaglass.pl/pl/p/Drzwi-szklane-otwierane-mocowane-gora-dol-z-zamkiem-bez-oscieznicy-mocowane-do-sciany-grafitowe/1598,Dveře skleněné otevírané mocowane góra dół z zamkiem bez ościeżnicy mocowane do ściany grafitové. Cena zahrnuje systém a kování.
Dveře skleněné otevírané z zamkiem system bez ościeżnic grafika KOL/071,Otevírané dveře,13036,1550.0,https://qubaglass.pl/environment/cache/images/productGfx_6866_700_700/drzwi_system_bez_oscieznic_grafika_kol_71.jpg,https://qubaglass.pl/pl/p/Drzwi-szklane-otwierane-z-zamkiem-system-bez-oscieznic-grafika-KOL071/1245,Dveře skleněné otevírané z zamkiem system bez ościeżnic grafika KOL/071. Cena zahrnuje systém a kování.
Dveře skleněné otevírané z zamkiem system bez ościeżnic grafika KOL/106,Otevírané dveře,13036,1550.0,https://qubaglass.pl/environment/cache/images/productGfx_6837_700_700/drzwi_system_bez_oscieznic_kol_106.jpg,https://qubaglass.pl/pl/p/Drzwi-szklane-otwierane-z-zamkiem-system-bez-oscieznic-grafika-KOL106/1242,Dveře skleněné otevírané z zamkiem system bez ościeżnic grafika KOL/106. Cena zahrnuje systém a kování.
Dveře skleněné otevírané z zamkiem system bez ościeżnic mocowane do ściany,Otevírané dveře,10512,1250.0,https://qubaglass.pl/environment/cache/images/productGfx_6825_700_700/drzwi_system_bez_oscieznic_trawione.jpg,https://qubaglass.pl/pl/p/Drzwi-szklane-otwierane-z-zamkiem-system-bez-oscieznic-mocowane-do-sciany/577,Dveře skleněné otevírané z zamkiem system bez ościeżnic mocowane do ściany. Cena zahrnuje systém a kování.
Dveře skleněné otevírané z zamkiem system bez ościeżnic mocowane do ściany,Otevírané dveře,9672,1150.0,https://qubaglass.pl/environment/cache/images/productGfx_15467_700_700/drzwi-szklane-otwierane-na-zawiasach-z--zamkiem-bezbawrne.png,https://qubaglass.pl/pl/p/Drzwi-szklane-otwierane-z-zamkiem-system-bez-oscieznic-mocowane-do-sciany/1861,Dveře skleněné otevírané z zamkiem system bez ościeżnic mocowane do ściany. Cena zahrnuje systém a kování.
Dveře skleněné otevírané z zamkiem system bez ościeżnic mocowane do ściany hnědé,Otevírané dveře,12194,1450.0,https://qubaglass.pl/environment/cache/images/productGfx_15485_700_700/drzwi-brazowe-szklane-ze-szkla-mocowane-do-sciany.png,https://qubaglass.pl/pl/p/Drzwi-szklane-otwierane-z-zamkiem-system-bez-oscieznic-mocowane-do-sciany-brazowe/1864,Dveře skleněné otevírané z zamkiem system bez ościeżnic mocowane do ściany hnědé. Cena zahrnuje systém a kování.
Dveře skleněné otevírané z zamkiem system bez ościeżnic mocowane do ściany grafitové,Otevírané dveře,12194,1450.0,https://qubaglass.pl/environment/cache/images/productGfx_15473_700_700/drzwi-szklane-system-bez-oscieznic-grafitowe.png,https://qubaglass.pl/pl/p/Drzwi-szklane-otwierane-z-zamkiem-system-bez-oscieznic-mocowane-do-sciany-grafitowe/1862,Dveře skleněné otevírané z zamkiem system bez ościeżnic mocowane do ściany grafitové. Cena zahrnuje systém a kování.
Dveře skleněné otevírané z zamkiem system bez ościeżnic mocowane do ściany KOL/110,Otevírané dveře,13036,1550.0,https://qubaglass.pl/environment/cache/images/productGfx_6848_700_700/drzwi_system_bez_oscieznic_grafika_kol_110.jpg,https://qubaglass.pl/pl/p/Drzwi-szklane-otwierane-z-zamkiem-system-bez-oscieznic-mocowane-do-sciany-KOL110/1243,Dveře skleněné otevírané z zamkiem system bez ościeżnic mocowane do ściany KOL/110. Cena zahrnuje systém a kování.
Dveře skleněné otevírané z zamkiem system bez ościeżnic na míru,Otevírané dveře,14465,1720.0,https://qubaglass.pl/environment/cache/images/productGfx_6826_700_700/drzwi_szklane_system_bez_oscieznic_czarne_okucia-mat.jpg,https://qubaglass.pl/pl/p/Drzwi-szklane-otwierane-z-zamkiem-system-bez-oscieznic-na-wymiar/989,Dveře skleněné otevírané z zamkiem system bez ościeżnic na míru. Cena zahrnuje systém a kování.
Dveře skleněné otevírané z zamkiem system bez ościeżnic na míru bílé,Otevírané dveře,16988,2020.0,https://qubaglass.pl/environment/cache/images/productGfx_6831_700_700/drzwi_szklane_system_bez_oscieznic_czarne_okucia-biale.jpg,https://qubaglass.pl/pl/p/Drzwi-szklane-otwierane-z-zamkiem-system-bez-oscieznic-na-wymiar-biale/1241,Dveře skleněné otevírané z zamkiem system bez ościeżnic na míru bílé. Cena zahrnuje systém a kování.
Dveře skleněné otevírané z zamkiem system bez ościeżnic SZPROSY,Otevírané dveře,16812,1999.0,https://qubaglass.pl/environment/cache/images/productGfx_10781_700_700/drzwi_szklane_system_bez_oscieznic_szprosy_prawe.jpg,https://qubaglass.pl/pl/p/Drzwi-szklane-otwierane-z-zamkiem-system-bez-oscieznic-SZPROSY/1621,Dveře skleněné otevírané z zamkiem system bez ościeżnic SZPROSY. Cena zahrnuje systém a kování.
Dveře skleněné z zamkiem system bez ościeżnic mocowane do ściany hnědé matné,Otevírané dveře,13876,1650.0,https://qubaglass.pl/environment/cache/images/productGfx_15491_700_700/drzwi-brazowe-szklane-ze-szkla-na-zawiasach.png,https://qubaglass.pl/pl/p/Drzwi-szklane-z-zamkiem-system-bez-oscieznic-mocowane-do-sciany-brazowe-matowe-/1865,Dveře skleněné z zamkiem system bez ościeżnic mocowane do ściany hnědé matné. Cena zahrnuje systém a kování.
Dveře skleněné z zamkiem system bez ościeżnic mocowane do ściany grafitové matné,Otevírané dveře,13876,1650.0,https://qubaglass.pl/environment/cache/images/productGfx_15479_700_700/drzwi-ze-szkla-szklane-grafitowe-matowe.png,https://qubaglass.pl/pl/p/Drzwi-szklane-z-zamkiem-system-bez-oscieznic-mocowane-do-sciany-grafitowe-matowe/1863,Dveře skleněné z zamkiem system bez ościeżnic mocowane do ściany grafitové matné. Cena zahrnuje systém a kování.
Dveře skleněné otevírané z futryną stałą grafika KOL/001,Dveře s pevnou zárubní,13456,1600.0,https://qubaglass.pl/environment/cache/images/productGfx_0f7579483fa6e4b97c4f0509d7c0c0c1_700_700.jpg,https://qubaglass.pl/pl/p/Drzwi-szklane-otwierane-z-futryna-stala-grafika-KOL001/1089,Dveře skleněné otevírané z futryną stałą grafika KOL/001. Cena zahrnuje systém a kování.
Dveře skleněné otevírané z futryną stałą grafika KOL/006,Dveře s pevnou zárubní,13456,1600.0,https://qubaglass.pl/environment/cache/images/productGfx_24cacc8a338628bb3c7ec007b4674497_700_700.jpg,https://qubaglass.pl/pl/p/Drzwi-szklane-otwierane-z-futryna-stala-grafika-KOL006/1065,Dveře skleněné otevírané z futryną stałą grafika KOL/006. Cena zahrnuje systém a kování.
Dveře skleněné otevírané z futryną stałą grafika KOL/010,Dveře s pevnou zárubní,13456,1600.0,https://qubaglass.pl/environment/cache/images/productGfx_85a76f44fa995aac0d106873cae6bd35_700_700.jpg,https://qubaglass.pl/pl/p/Drzwi-szklane-otwierane-z-futryna-stala-grafika-KOL010/1090,Dveře skleněné otevírané z futryną stałą grafika KOL/010. Cena zahrnuje systém a kování.
Dveře skleněné otevírané z futryną stałą grafika KOL/072,Dveře s pevnou zárubní,13456,1600.0,https://qubaglass.pl/environment/cache/images/productGfx_4c81db59007d8e8420bc9970e51f876e_700_700.jpg,https://qubaglass.pl/pl/p/Drzwi-szklane-otwierane-z-futryna-stala-grafika-KOL072/1091,Dveře skleněné otevírané z futryną stałą grafika KOL/072. Cena zahrnuje systém a kování.
Dveře skleněné otevírané z futryną stałą grafika KOL/075,Dveře s pevnou zárubní,13456,1600.0,https://qubaglass.pl/environment/cache/images/productGfx_279c66719ba8fdc8a7a17ace0303b8c6_700_700.jpg,https://qubaglass.pl/pl/p/Drzwi-szklane-otwierane-z-futryna-stala-grafika-KOL075/1092,Dveře skleněné otevírané z futryną stałą grafika KOL/075. Cena zahrnuje systém a kování.
Dveře skleněné otevírané z futryną stałą grafika KOL/102,Dveře s pevnou zárubní,13456,1600.0,https://qubaglass.pl/environment/cache/images/productGfx_3788_700_700/b4670fe2de66567b0f8e5eedf638ee4b.jpg,https://qubaglass.pl/pl/p/Drzwi-szklane-otwierane-z-futryna-stala-grafika-KOL102/954,Dveře skleněné otevírané z futryną stałą grafika KOL/102. Cena zahrnuje systém a kování.
Dveře skleněné otevírané z futryną stałą grafika KOL/103,Dveře s pevnou zárubní,13456,1600.0,https://qubaglass.pl/environment/cache/images/productGfx_3782_700_700/drzwi_futryna_qubaglass_kol_103.jpg,https://qubaglass.pl/pl/p/Drzwi-szklane-otwierane-z-futryna-stala-grafika-KOL103/953,Dveře skleněné otevírané z futryną stałą grafika KOL/103. Cena zahrnuje systém a kování.
Dveře skleněné otevírané z futryną stałą grafika KOL/106,Dveře s pevnou zárubní,13456,1600.0,https://qubaglass.pl/environment/cache/images/productGfx_6341dc0c5df880f0455b82a546fca0d2_700_700.jpg,https://qubaglass.pl/pl/p/Drzwi-szklane-otwierane-z-futryna-stala-grafika-KOL106/1093,Dveře skleněné otevírané z futryną stałą grafika KOL/106. Cena zahrnuje systém a kování.
Dveře skleněné otevírané z futryną stałą laminowane klejone,Dveře s pevnou zárubní,12867,1530.0,https://qubaglass.pl/environment/cache/images/productGfx_6311_700_700/R4AOqKhs-2.jpg,https://qubaglass.pl/pl/p/Drzwi-szklane-otwierane-z-futryna-stala-laminowane-klejone/477,Dveře skleněné otevírané z futryną stałą laminowane klejone. Cena zahrnuje systém a kování.
Dveře skleněné otevírané z futryną stałą matné,Dveře s pevnou zárubní,11774,1400.0,https://qubaglass.pl/environment/cache/images/productGfx_6334_700_700/drzwi_szklane_z_futryna_stala_qubaglass-2.jpg,https://qubaglass.pl/pl/p/Drzwi-szklane-otwierane-z-futryna-stala-matowe/458,Dveře skleněné otevírané z futryną stałą matné. Cena zahrnuje systém a kování.
Dveře skleněné otevírané z futryną stałą przezroczyste,Dveře s pevnou zárubní,10933,1300.0,https://qubaglass.pl/environment/cache/images/productGfx_6335_700_700/DRZWI_FUTRYNA_BEZBARWNE.jpg,https://qubaglass.pl/pl/p/Drzwi-szklane-otwierane-z-futryna-stala-przezroczyste/459,Dveře skleněné otevírané z futryną stałą przezroczyste. Cena zahrnuje systém a kování.
Dveře skleněné otevírané z futryną stałą Q-021,Dveře s pevnou zárubní,14297,1700.0,https://qubaglass.pl/environment/cache/images/productGfx_cf14f8862ff69293fa6608f651677ae2_700_700.jpg,https://qubaglass.pl/pl/p/Drzwi-szklane-otwierane-z-futryna-stala-Q-021/1068,Dveře skleněné otevírané z futryną stałą Q-021. Cena zahrnuje systém a kování.
Dveře skleněné otevírané z futryną stałą Q-022,Dveře s pevnou zárubní,14297,1700.0,https://qubaglass.pl/environment/cache/images/productGfx_8870dabc75de1143a5f0f4573f6c5fa4_700_700.jpg,https://qubaglass.pl/pl/p/Drzwi-szklane-otwierane-z-futryna-stala-Q-022/1069,Dveře skleněné otevírané z futryną stałą Q-022. Cena zahrnuje systém a kování.
Dveře skleněné otevírané z futryną stałą Q-045,Dveře s pevnou zárubní,13876,1650.0,https://qubaglass.pl/environment/cache/images/productGfx_9859610ee3bbda7da2cc842951e15cfe_700_700.jpg,https://qubaglass.pl/pl/p/Drzwi-szklane-otwierane-z-futryna-stala-Q-045/1070,Dveře skleněné otevírané z futryną stałą Q-045. Cena zahrnuje systém a kování.
Dveře skleněné otevírané z futryną stałą Q-074,Dveře s pevnou zárubní,15138,1800.0,https://qubaglass.pl/environment/cache/images/productGfx_415a3bf893fbae98441fef15cfb42f11_700_700.jpg,https://qubaglass.pl/pl/p/Drzwi-szklane-otwierane-z-futryna-stala-Q-074/1066,Dveře skleněné otevírané z futryną stałą Q-074. Cena zahrnuje systém a kování.
Dveře skleněné otevírané z futryną stałą Q-081,Dveře s pevnou zárubní,13876,1650.0,https://qubaglass.pl/environment/cache/images/productGfx_47695f042a7be7b4efd0bcfbf20b960b_700_700.jpg,https://qubaglass.pl/pl/p/Drzwi-szklane-otwierane-z-futryna-stala-Q-081/1067,Dveře skleněné otevírané z futryną stałą Q-081. Cena zahrnuje systém a kování.
Dveře skleněné otevírané z futryną stałą Q-097,Dveře s pevnou zárubní,13876,1650.0,https://qubaglass.pl/environment/cache/images/productGfx_b2fea5de85f188979a6823ab1cb808d7_700_700.jpg,https://qubaglass.pl/pl/p/Drzwi-szklane-otwierane-z-futryna-stala-Q-097/468,Dveře skleněné otevírané z futryną stałą Q-097. Cena zahrnuje systém a kování.
Dveře skleněné otevírané z futryną stałą Q-105 parzenica,Dveře s pevnou zárubní,14297,1700.0,https://qubaglass.pl/environment/cache/images/productGfx_6312_700_700/futryna_wzor_matowy_q-105_2.jpg,https://qubaglass.pl/pl/p/Drzwi-szklane-otwierane-z-futryna-stala-Q-105-parzenica/462,Dveře skleněné otevírané z futryną stałą Q-105 parzenica. Cena zahrnuje systém a kování.
Dveře skleněné otevírané z futryną stałą vzor GRAF/049b,Dveře s pevnou zárubní,16400,1950.0,https://qubaglass.pl/environment/cache/images/productGfx_b3d7f898f30b85b74790f30063500855_700_700.jpg,https://qubaglass.pl/pl/p/Drzwi-szklane-otwierane-z-futryna-stala-wzor-GRAF049b/1064,Dveře skleněné otevírané z futryną stałą vzor GRAF/049b. Cena zahrnuje systém a kování.
Dveře skleněné otevírané z futryną stałą vzor GRAF/106b,Dveře s pevnou zárubní,16400,1950.0,https://qubaglass.pl/environment/cache/images/productGfx_df071219a6e97abb8ea00f135f3d4a7c_700_700.jpg,https://qubaglass.pl/pl/p/Drzwi-szklane-otwierane-z-futryna-stala-wzor-GRAF106b/937,Dveře skleněné otevírané z futryną stałą vzor GRAF/106b. Cena zahrnuje systém a kování.
Dveře skleněné otevírané z futryną stałą vzor paski 1.2,Dveře s pevnou zárubní,12194,1450.0,https://qubaglass.pl/environment/cache/images/productGfx_6316_700_700/drzwi_futryna_wzor_matowy_paski.jpg,https://qubaglass.pl/pl/p/Drzwi-szklane-otwierane-z-futryna-stala-wzor-paski-1.2/460,Dveře skleněné otevírané z futryną stałą vzor paski 1.2. Cena zahrnuje systém a kování.
Dveře skleněné otevírané z futryną stałą vzor pasy 1.1,Dveře s pevnou zárubní,12194,1450.0,https://qubaglass.pl/environment/cache/images/productGfx_6318_700_700/drzwi_zamek_futryna_wzor_pasy_1.1.jpg,https://qubaglass.pl/pl/p/Drzwi-szklane-otwierane-z-futryna-stala-wzor-pasy-1.1/461,Dveře skleněné otevírané z futryną stałą vzor pasy 1.1. Cena zahrnuje systém a kování.
Dveře skleněné otevírané z futryną regulowaną TOP nadruk loft szprosy,Dveře s nastavitelnou zárubní,18502,2200.0,https://qubaglass.pl/environment/cache/images/productGfx_9493_700_700/drzwi_szklane_nadruk_szprosy_prawe_z_futryna.jpg,https://qubaglass.pl/pl/p/Drzwi-szklane-otwierane-z-futryna-regulowana-TOP-nadruk-loft-szprosy/1547,Dveře skleněné otevírané z futryną regulowaną TOP nadruk loft szprosy. Cena zahrnuje systém a kování.
Dveře skleněné otevírané z futryną regulowaną TOP nadruk loft szprosy bílé,Dveře s nastavitelnou zárubní,20184,2400.0,https://qubaglass.pl/environment/cache/images/productGfx_9501_700_700/drzwi_szklane_z_nadrukiem_loft_szprosy_qubaglass.jpg,https://qubaglass.pl/pl/p/Drzwi-szklane-otwierane-z-futryna-regulowana-TOP-nadruk-loft-szprosy-biale/1548,Dveře skleněné otevírané z futryną regulowaną TOP nadruk loft szprosy bílé. Cena zahrnuje systém a kování.
Dveře skleněné otevírané laminowane klejone z futryną regulowaną TOP,Dveře s nastavitelnou zárubní,18754,2230.0,https://qubaglass.pl/environment/cache/images/productGfx_1b9745c7fefaac5940b587aafe8231b1_700_700.jpg,https://qubaglass.pl/pl/p/Drzwi-szklane-otwierane-laminowane-klejone-z-futryna-regulowana-TOP/938,Dveře skleněné otevírané laminowane klejone z futryną regulowaną TOP. Cena zahrnuje systém a kování.
Dveře skleněné otevírané matné z futryną regulowaną TOP,Dveře s nastavitelnou zárubní,13456,1600.0,https://qubaglass.pl/environment/cache/images/productGfx_6332_700_700/drzwi_szklane_z_futryna_stala_qubaglass-2.jpg,https://qubaglass.pl/pl/p/Drzwi-szklane-otwierane-matowe-z-futryna-regulowana-TOP/1079,Dveře skleněné otevírané matné z futryną regulowaną TOP. Cena zahrnuje systém a kování.
Dveře skleněné otevírané przezroczyste z futryną regulowaną TOP,Dveře s nastavitelnou zárubní,15138,1800.0,https://qubaglass.pl/environment/cache/images/productGfx_fab3b8416cfd4e133655f89d469054ba_700_700.jpg,https://qubaglass.pl/pl/p/Drzwi-szklane-otwierane-przezroczyste-z-futryna-regulowana-TOP/1077,Dveře skleněné otevírané przezroczyste z futryną regulowaną TOP. Cena zahrnuje systém a kování.
Dveře skleněné otevírané z futryną regulowaną TOP grafika KOL/014,Dveře s nastavitelnou zárubní,15138,1800.0,https://qubaglass.pl/environment/cache/images/productGfx_cb33ab6a867e5f061dc7a492d4ecc2d5_700_700.jpg,https://qubaglass.pl/pl/p/Drzwi-szklane-otwierane-z-futryna-regulowana-TOP-grafika-KOL014/1074,Dveře skleněné otevírané z futryną regulowaną TOP grafika KOL/014. Cena zahrnuje systém a kování.
Dveře skleněné otevírané z futryną regulowaną TOP grafika KOL/015,Dveře s nastavitelnou zárubní,15138,1800.0,https://qubaglass.pl/environment/cache/images/productGfx_01bbd9520205816562dee900546bccde_700_700.jpg,https://qubaglass.pl/pl/p/Drzwi-szklane-otwierane-z-futryna-regulowana-TOP-grafika-KOL015/1073,Dveře skleněné otevírané z futryną regulowaną TOP grafika KOL/015. Cena zahrnuje systém a kování.
Dveře skleněné otevírané z futryną regulowaną TOP grafika KOL/044,Dveře s nastavitelnou zárubní,15138,1800.0,https://qubaglass.pl/environment/cache/images/productGfx_e36f748435a222846584698a95915e59_700_700.jpg,https://qubaglass.pl/pl/p/Drzwi-szklane-otwierane-z-futryna-regulowana-TOP-grafika-KOL044/1075,Dveře skleněné otevírané z futryną regulowaną TOP grafika KOL/044. Cena zahrnuje systém a kování.
Dveře skleněné otevírané z futryną regulowaną TOP grafika KOL/050,Dveře s nastavitelnou zárubní,15138,1800.0,https://qubaglass.pl/environment/cache/images/productGfx_eef0b6105abad1a0e828311d89716e4c_700_700.jpg,https://qubaglass.pl/pl/p/Drzwi-szklane-otwierane-z-futryna-regulowana-TOP-grafika-KOL050/1111,Dveře skleněné otevírané z futryną regulowaną TOP grafika KOL/050. Cena zahrnuje systém a kování.
Dveře skleněné otevírané z futryną regulowaną TOP grafika KOL/055,Dveře s nastavitelnou zárubní,15138,1800.0,https://qubaglass.pl/environment/cache/images/productGfx_c84f3aef538bf0ef5a0497b04246ce77_700_700.jpg,https://qubaglass.pl/pl/p/Drzwi-szklane-otwierane-z-futryna-regulowana-TOP-grafika-KOL055/537,Dveře skleněné otevírané z futryną regulowaną TOP grafika KOL/055. Cena zahrnuje systém a kování.
Dveře skleněné otevírané z futryną regulowaną TOP grafika KOL/067,Dveře s nastavitelnou zárubní,15138,1800.0,https://qubaglass.pl/environment/cache/images/productGfx_16cc73e23f2b538fc825282d9160a014_700_700.jpg,https://qubaglass.pl/pl/p/Drzwi-szklane-otwierane-z-futryna-regulowana-TOP-grafika-KOL067/1084,Dveře skleněné otevírané z futryną regulowaną TOP grafika KOL/067. Cena zahrnuje systém a kování.
Dveře skleněné otevírané z futryną regulowaną TOP grafika KOL/083,Dveře s nastavitelnou zárubní,15138,1800.0,https://qubaglass.pl/environment/cache/images/productGfx_2a6cd1cef858087e448624ad9a14c5c3_700_700.jpg,https://qubaglass.pl/pl/p/Drzwi-szklane-otwierane-z-futryna-regulowana-TOP-grafika-KOL083/1085,Dveře skleněné otevírané z futryną regulowaną TOP grafika KOL/083. Cena zahrnuje systém a kování.
Dveře skleněné otevírané z futryną regulowaną TOP grafika KOL/084,Dveře s nastavitelnou zárubní,15138,1800.0,https://qubaglass.pl/environment/cache/images/productGfx_dce9f04cc35163134bb059f30b334b87_700_700.jpg,https://qubaglass.pl/pl/p/Drzwi-szklane-otwierane-z-futryna-regulowana-TOP-grafika-KOL084/1087,Dveře skleněné otevírané z futryną regulowaną TOP grafika KOL/084. Cena zahrnuje systém a kování.
Dveře skleněné otevírané z futryną regulowaną TOP grafika KOL/088,Dveře s nastavitelnou zárubní,15138,1800.0,https://qubaglass.pl/environment/cache/images/productGfx_9d35615e23969f43acb212beb3b54ea7_700_700.jpg,https://qubaglass.pl/pl/p/Drzwi-szklane-otwierane-z-futryna-regulowana-TOP-grafika-KOL088/1072,Dveře skleněné otevírané z futryną regulowaną TOP grafika KOL/088. Cena zahrnuje systém a kování.
Dveře skleněné otevírané z futryną regulowaną TOP grafika KOL/098,Dveře s nastavitelnou zárubní,15138,1800.0,https://qubaglass.pl/environment/cache/images/productGfx_280442e0025b012b3939d49798826333_700_700.jpg,https://qubaglass.pl/pl/p/Drzwi-szklane-otwierane-z-futryna-regulowana-TOP-grafika-KOL098/1086,Dveře skleněné otevírané z futryną regulowaną TOP grafika KOL/098. Cena zahrnuje systém a kování.
Dveře skleněné otevírané z futryną regulowaną TOP grafika KOL/099,Dveře s nastavitelnou zárubní,15138,1800.0,https://qubaglass.pl/environment/cache/images/productGfx_ee0b25fbd2dcd0cbba68f09d31c5308d_700_700.jpg,https://qubaglass.pl/pl/p/Drzwi-szklane-otwierane-z-futryna-regulowana-TOP-grafika-KOL099/1088,Dveře skleněné otevírané z futryną regulowaną TOP grafika KOL/099. Cena zahrnuje systém a kování.
Dveře skleněné otevírané z futryną regulowaną TOP laminované černé,Dveře s nastavitelnou zárubní,14549,1730.0,https://qubaglass.pl/environment/cache/images/productGfx_1100_700_700/drzwi_futryna_qubaglass_czarne.jpg,https://qubaglass.pl/pl/p/Drzwi-szklane-otwierane-z-futryna-regulowana-TOP-laminowane-czarne/480,Dveře skleněné otevírané z futryną regulowaną TOP laminované černé. Cena zahrnuje systém a kování.
Dveře skleněné otevírané z futryną regulowaną TOP laminowane klejone,Dveře s nastavitelnou zárubní,14549,1730.0,https://qubaglass.pl/environment/cache/images/productGfx_6333_700_700/R4AOqKhs-2.jpg,https://qubaglass.pl/pl/p/Drzwi-szklane-otwierane-z-futryna-regulowana-TOP-laminowane-klejone/479,Dveře skleněné otevírané z futryną regulowaną TOP laminowane klejone. Cena zahrnuje systém a kování.
Dveře skleněné otevírané z futryną regulowaną TOP matné,Dveře s nastavitelnou zárubní,15979,1900.0,https://qubaglass.pl/environment/cache/images/productGfx_c431d6e3bf3d097997a3938e2dec64c1_700_700.jpg,https://qubaglass.pl/pl/p/Drzwi-szklane-otwierane-z-futryna-regulowana-TOP-matowe/945,Dveře skleněné otevírané z futryną regulowaną TOP matné. Cena zahrnuje systém a kování.
Dveře skleněné otevírané z futryną regulowaną TOP przezroczyste,Dveře s nastavitelnou zárubní,12615,1500.0,https://qubaglass.pl/environment/cache/images/productGfx_6331_700_700/FUTRYNA_BEZBARWNE_FLOAT_bez_bialego_tla_allegro-2.jpg,https://qubaglass.pl/pl/p/Drzwi-szklane-otwierane-z-futryna-regulowana-TOP-przezroczyste/671,Dveře skleněné otevírané z futryną regulowaną TOP przezroczyste. Cena zahrnuje systém a kování.
Dveře skleněné otevírané z futryną regulowaną TOP vzor GRAF/035b,Dveře s nastavitelnou zárubní,18082,2150.0,https://qubaglass.pl/environment/cache/images/productGfx_16dc90247297c68edcf1150ce5b1baf0_700_700.jpg,https://qubaglass.pl/pl/p/Drzwi-szklane-otwierane-z-futryna-regulowana-TOP-wzor-GRAF035b/934,Dveře skleněné otevírané z futryną regulowaną TOP vzor GRAF/035b. Cena zahrnuje systém a kování.
Dveře skleněné otevírané z futryną regulowaną TOP vzor GRAF/108b,Dveře s nastavitelnou zárubní,18082,2150.0,https://qubaglass.pl/environment/cache/images/productGfx_be4a6de235f4461e862021b477292a45_700_700.jpg,https://qubaglass.pl/pl/p/Drzwi-szklane-otwierane-z-futryna-regulowana-TOP-wzor-GRAF108b/1076,Dveře skleněné otevírané z futryną regulowaną TOP vzor GRAF/108b. Cena zahrnuje systém a kování.
Dveře skleněné otevírané z futryną regulowaną TOP vzor paski 1.2,Dveře s nastavitelnou zárubní,13876,1650.0,https://qubaglass.pl/environment/cache/images/productGfx_6320_700_700/drzwi_futryna_wzor_matowy_paski.jpg,https://qubaglass.pl/pl/p/Drzwi-szklane-otwierane-z-futryna-regulowana-TOP-wzor-paski-1.2/486,Dveře skleněné otevírané z futryną regulowaną TOP vzor paski 1.2. Cena zahrnuje systém a kování.
Dveře skleněné otevírané z futryną regulowaną TOP vzor Pasy 1.1,Dveře s nastavitelnou zárubní,16400,1950.0,https://qubaglass.pl/environment/cache/images/productGfx_8778640873b77591050555de6f130d7d_700_700.jpg,https://qubaglass.pl/pl/p/Drzwi-szklane-otwierane-z-futryna-regulowana-TOP-wzor-Pasy-1.1/1078,Dveře skleněné otevírané z futryną regulowaną TOP vzor Pasy 1.1. Cena zahrnuje systém a kování.
Dveře skleněné otevírané z futryną regulowaną TOP vzor pasy 1.1,Dveře s nastavitelnou zárubní,13876,1650.0,https://qubaglass.pl/environment/cache/images/productGfx_6329_700_700/drzwi_zamek_futryna_wzor_pasy_1.1.jpg,https://qubaglass.pl/pl/p/Drzwi-szklane-otwierane-z-futryna-regulowana-TOP-wzor-pasy-1.1/1185,Dveře skleněné otevírané z futryną regulowaną TOP vzor pasy 1.1. Cena zahrnuje systém a kování.
Dveře skleněné otevírané z ościeżnicą aluminiową przezroczyste,Dveře s hliníkovou zárubní,24389,2900.0,https://qubaglass.pl/environment/cache/images/productGfx_14853_700_700/drzwi-z-oscieznica-alumniowa-szklane-bezbarwne.jpg,https://qubaglass.pl/pl/p/Drzwi-szklane-otwierane-z-oscieznica-aluminiowa-przezroczyste/1835,Dveře skleněné otevírané z ościeżnicą aluminiową przezroczyste. Cena zahrnuje systém a kování.
Dveře skleněné otevírané do biura z ościeżnicą aluminiową szkło matné,Dveře s hliníkovou zárubní,26071,3100.0,https://qubaglass.pl/environment/cache/images/productGfx_14852_700_700/matowe-drzwi-z-futryna-alumniowa.jpg,https://qubaglass.pl/pl/p/Drzwi-szklane-otwierane-do-biura-z-oscieznica-aluminiowa-szklo-matowe/1512,Dveře skleněné otevírané do biura z ościeżnicą aluminiową szkło matné. Cena zahrnuje systém a kování.
Dveře skleněné otevírané do biura z ościeżnicą aluminiową szkło przezroczyste grafitové,Dveře s hliníkovou zárubní,26071,3100.0,https://qubaglass.pl/environment/cache/images/productGfx_14851_700_700/grafitowe-bezbarwne-alumniowa-futryna.jpg,https://qubaglass.pl/pl/p/Drzwi-szklane-otwierane-do-biura-z-oscieznica-aluminiowa-szklo-przezroczyste-grafitowe/1830,Dveře skleněné otevírané do biura z ościeżnicą aluminiową szkło przezroczyste grafitové. Cena zahrnuje systém a kování.
Dveře skleněné otevírané do biura z ościeżnicą aluminiową szkło matné grafitové,Dveře s hliníkovou zárubní,28594,3400.0,https://qubaglass.pl/environment/cache/images/productGfx_14850_700_700/grafitowe-matowe-drzwi-szklane.jpg,https://qubaglass.pl/pl/p/Drzwi-szklane-otwierane-do-biura-z-oscieznica-aluminiowa-szklo-matowe-grafitowe/1831,Dveře skleněné otevírané do biura z ościeżnicą aluminiową szkło matné grafitové. Cena zahrnuje systém a kování.
Dveře skleněné otevírané do biura z ościeżnicą aluminiową hnědé przezroczyste,Dveře s hliníkovou zárubní,26071,3100.0,https://qubaglass.pl/environment/cache/images/productGfx_14849_700_700/drzwi-szklane-brazowe-w-futrynie-aluminiowej-futryna-aluminiowa.jpg,https://qubaglass.pl/pl/p/Drzwi-szklane-otwierane-do-biura-z-oscieznica-aluminiowa-brazowe-przezroczyste/1832,Dveře skleněné otevírané do biura z ościeżnicą aluminiową hnědé przezroczyste. Cena zahrnuje systém a kování.
Dveře skleněné otevírané do biura z ościeżnicą aluminiową hnědé matné,Dveře s hliníkovou zárubní,28594,3400.0,https://qubaglass.pl/environment/cache/images/productGfx_14848_700_700/drzwi-szklane-brazowe-matowe-w-futrynie.jpg,https://qubaglass.pl/pl/p/Drzwi-szklane-otwierane-do-biura-z-oscieznica-aluminiowa-brazowe-matowe/1833,Dveře skleněné otevírané do biura z ościeżnicą aluminiową hnědé matné. Cena zahrnuje systém a kování.
Dveře skleněné otevírané do biura z ościeżnicą aluminiową przezroczyste czarna rama,Dveře s hliníkovou zárubní,27753,3300.0,https://qubaglass.pl/environment/cache/images/productGfx_14818_700_700/drzwi-szklane-z-futryna-alumniowa-bezbarwne.png,https://qubaglass.pl/pl/p/Drzwi-szklane-otwierane-do-biura-z-oscieznica-aluminiowa-przezroczyste-czarna-rama/1511,Dveře skleněné otevírané do biura z ościeżnicą aluminiową przezroczyste czarna rama. Cena zahrnuje systém a kování.
Dveře skleněné otevírané do biura z ościeżnicą aluminiową matné czarna futryna,Dveře s hliníkovou zárubní,29435,3500.0,https://qubaglass.pl/environment/cache/images/productGfx_14845_700_700/drzwi-ze-szkla-szklane-czarna-futryna.jpg,https://qubaglass.pl/pl/p/Drzwi-szklane-otwierane-do-biura-z-oscieznica-aluminiowa-matowe-czarna-futryna/1834,Dveře skleněné otevírané do biura z ościeżnicą aluminiową matné czarna futryna. Cena zahrnuje systém a kování.
Dveře skleněné otevírané do biura z ościeżnicą aluminiową szkło bílé,Dveře s hliníkovou zárubní,27753,3300.0,https://qubaglass.pl/environment/cache/images/productGfx_14844_700_700/drzwi-szklane-biale-aluminiowa-futryna.jpg,https://qubaglass.pl/pl/p/Drzwi-szklane-otwierane-do-biura-z-oscieznica-aluminiowa-szklo-biale/1514,Dveře skleněné otevírané do biura z ościeżnicą aluminiową szkło bílé. Cena zahrnuje systém a kování.
Dveře skleněné otevírané z ościeżnicą aluminiową szkło bílé futryna czarna,Dveře s hliníkovou zárubní,31117,3700.0,https://qubaglass.pl/environment/cache/images/productGfx_14847_700_700/drzwi-szklane-biale-w-futrynie-czarnej.jpg,https://qubaglass.pl/pl/p/Drzwi-szklane-otwierane-z-oscieznica-aluminiowa-szklo-biale-futryna-czarna/1836,Dveře skleněné otevírané z ościeżnicą aluminiową szkło bílé futryna czarna. Cena zahrnuje systém a kování.
Dveře skleněné otevírané do biura z ościeżnicą aluminiową loft szprosy czarna rama,Dveře s hliníkovou zárubní,35322,4200.0,https://qubaglass.pl/environment/cache/images/productGfx_14842_700_700/drzwi-szklane-z-futryna-alumniowa-szprosy.jpg,https://qubaglass.pl/pl/p/Drzwi-szklane-otwierane-do-biura-z-oscieznica-aluminiowa-loft-szprosy-czarna-rama/1837,Dveře skleněné otevírané do biura z ościeżnicą aluminiową loft szprosy czarna rama. Cena zahrnuje systém a kování.
Dveře skleněné otevírané do biura z ościeżnicą aluminiową loft szprosy czarna rama,Dveře s hliníkovou zárubní,36163,4300.0,https://qubaglass.pl/environment/cache/images/productGfx_14841_700_700/drzwi-szklane-qubaglass-w-futrynie-alumniowej-szprosy.jpg,https://qubaglass.pl/pl/p/Drzwi-szklane-otwierane-do-biura-z-oscieznica-aluminiowa-loft-szprosy-czarna-rama/1838,Dveře skleněné otevírané do biura z ościeżnicą aluminiową loft szprosy czarna rama. Cena zahrnuje systém a kování.
Dveře skleněné otevírané do biura z ościeżnicą aluminiową szkło černé,Dveře s hliníkovou zárubní,26912,3200.0,https://qubaglass.pl/environment/cache/images/productGfx_14854_700_700/drzwi-szklane-futryna-alumniowa-czarne.jpg,https://qubaglass.pl/pl/p/Drzwi-szklane-otwierane-do-biura-z-oscieznica-aluminiowa-szklo-czarne/1513,Dveře skleněné otevírané do biura z ościeżnicą aluminiową szkło černé. Cena zahrnuje systém a kování.
Dveře skleněné otevírané do biura z ościeżnicą aluminiową LUSTRO,Dveře s hliníkovou zárubní,31117,3700.0,https://qubaglass.pl/environment/cache/images/productGfx_14855_700_700/drzwi-ze-szkla-fenickie-lustrzane-qubaglass.jpg,https://qubaglass.pl/pl/p/Drzwi-szklane-otwierane-do-biura-z-oscieznica-aluminiowa-LUSTRO/1680,Dveře skleněné otevírané do biura z ościeżnicą aluminiową LUSTRO. Cena zahrnuje systém a kování.
Dveře skleněné otevírané do sauny z ościeżnicą aluminiową przezroczyste,Dveře s hliníkovou zárubní,39527,4700.0,https://qubaglass.pl/environment/cache/images/productGfx_14834_700_700/drzwi-bezbarwne-do-sauny-w-futrynie-alumniowej.png,https://qubaglass.pl/pl/p/Drzwi-szklane-otwierane-do-sauny-z-oscieznica-aluminiowa-przezroczyste/1612,Dveře skleněné otevírané do sauny z ościeżnicą aluminiową przezroczyste. Cena zahrnuje systém a kování.
Dveře skleněné otevírané do sauny z ościeżnicą aluminiową grafitové,Dveře s hliníkovou zárubní,41714,4960.0,https://qubaglass.pl/environment/cache/images/productGfx_14833_700_700/grafitowe-drzwi-do-sauny.png,https://qubaglass.pl/pl/p/Drzwi-szklane-otwierane-do-sauny-z-oscieznica-aluminiowa-grafitowe/1614,Dveře skleněné otevírané do sauny z ościeżnicą aluminiową grafitové. Cena zahrnuje systém a kování.
Dveře skleněné otevírané do sauny z ościeżnicą aluminiową hnědé,Dveře s hliníkovou zárubní,41714,4960.0,https://qubaglass.pl/environment/cache/images/productGfx_14832_700_700/brazowe-szklane-drzwi-w-futrynie-aluminiowej.png,https://qubaglass.pl/pl/p/Drzwi-szklane-otwierane-do-sauny-z-oscieznica-aluminiowa-brazowe/1613,Dveře skleněné otevírané do sauny z ościeżnicą aluminiową hnědé. Cena zahrnuje systém a kování.
Dveře skleněné LUXE - Rurowe szkło lodowe,Linie Luxe,42050,5000.0,https://qubaglass.pl/environment/cache/images/productGfx_1046_700_700/5627ef74720cc2eadb442f3c2f25c3de.jpg,https://qubaglass.pl/pl/p/Drzwi-szklane-LUXE-Rurowe-szklo-lodowe/457,Dveře skleněné LUXE - Rurowe szkło lodowe. Cena zahrnuje systém a kování.
Dveře skleněné posuvné LUXE - Rurowe lustro fenickie,Linie Luxe,26912,3200.0,https://qubaglass.pl/environment/cache/images/productGfx_1042_700_700/8c28833bdd64db7811fd48124e9d4f6e.jpg,https://qubaglass.pl/pl/p/Drzwi-szklane-przesuwne-przesuwane-LUXE-Rurowe-lustro-fenickie/456,Dveře skleněné posuvné LUXE - Rurowe lustro fenickie. Cena zahrnuje systém a kování.
Dveře skleněné posuvné ROCK GLASS szkło čiré na míru,Rock Glass – industriální linie,11522,1370.0,https://qubaglass.pl/environment/cache/images/productGfx_15099_700_700/drzwi-szklane-rock-glass-bezbarwne.jpg,https://qubaglass.pl/pl/p/Drzwi-szklane-przesuwne-ROCK-GLASS-szklo-bezbarwne-na-wymiar/1615,Dveře skleněné posuvné ROCK GLASS szkło čiré na míru. Cena zahrnuje systém a kování.
Dveře skleněné posuvné ROCK GLASS szkło laminované černé na míru,Rock Glass – industriální linie,13456,1600.0,https://qubaglass.pl/environment/cache/images/productGfx_15103_700_700/czarne-drzwi-szklane-rock-glass-laminowane.jpg,https://qubaglass.pl/pl/p/Drzwi-szklane-przesuwne-ROCK-GLASS-szklo-laminowane-czarne-na-wymiar/1618,Dveře skleněné posuvné ROCK GLASS szkło laminované černé na míru. Cena zahrnuje systém a kování.
Dveře skleněné posuvné ROCK GLASS LOFT loftowe czarna rama SZPROSY,Rock Glass – industriální linie,15558,1850.0,https://qubaglass.pl/environment/cache/images/productGfx_15102_700_700/drzwi-szklane-ze-szprosami-rock-glass-loft.jpg,https://qubaglass.pl/pl/p/Drzwi-szklane-przesuwne-ROCK-GLASS-LOFT-loftowe-czarna-rama-SZPROSY/1619,Dveře skleněné posuvné ROCK GLASS LOFT loftowe czarna rama SZPROSY. Cena zahrnuje systém a kování.
Dveře skleněné posuvné ROCK GLASS szkło laminované bílé na míru,Rock Glass – industriální linie,14675,1745.0,https://qubaglass.pl/environment/cache/images/productGfx_15115_700_700/biale-drzwi-szklane-rock-glass-laminowane.jpg,https://qubaglass.pl/pl/p/Drzwi-szklane-przesuwne-ROCK-GLASS-szklo-laminowane-biale-na-wymiar/1617,Dveře skleněné posuvné ROCK GLASS szkło laminované bílé na míru. Cena zahrnuje systém a kování.
Dveře skleněné posuvné ROCK GLASS szkło matné na míru,Rock Glass – industriální linie,12279,1460.0,https://qubaglass.pl/environment/cache/images/productGfx_15104_700_700/drzwi-szklane-matowe-rock-glass-przesuwne.jpg,https://qubaglass.pl/pl/p/Drzwi-szklane-przesuwne-ROCK-GLASS-szklo-matowe-na-wymiar/1616,Dveře skleněné posuvné ROCK GLASS szkło matné na míru. Cena zahrnuje systém a kování.
Dveře skleněné posuvné ROCK GLASS podwójne bílé,Rock Glass – industriální linie,30318,3605.0,https://qubaglass.pl/environment/cache/images/productGfx_15151_700_700/drzwi-szklane-podwojne-rock-glass-biale.jpg,https://qubaglass.pl/pl/p/Drzwi-szklane-przesuwne-ROCK-GLASS-podwojne-biale/1855,Dveře skleněné posuvné ROCK GLASS podwójne bílé. Cena zahrnuje systém a kování.
Dveře skleněné posuvné ROCK GLASS podwójne černé,Rock Glass – industriální linie,27921,3320.0,https://qubaglass.pl/environment/cache/images/productGfx_15135_700_700/drzwi-szklane-podwojne-czarne-rock-glass.jpg,https://qubaglass.pl/pl/p/Drzwi-szklane-przesuwne-ROCK-GLASS-podwojne-czarne/1854,Dveře skleněné posuvné ROCK GLASS podwójne černé. Cena zahrnuje systém a kování.
Dveře skleněné posuvné ROCK GLASS podwójne loft loftowe szprosy,Rock Glass – industriální linie,32126,3820.0,https://qubaglass.pl/environment/cache/images/productGfx_15107_700_700/e.jpg,https://qubaglass.pl/pl/p/Drzwi-szklane-przesuwne-ROCK-GLASS-podwojne-loft-loftowe-szprosy/1620,Dveře skleněné posuvné ROCK GLASS podwójne loft loftowe szprosy. Cena zahrnuje systém a kování.
Dveře skleněné posuvné ROCK GLASS podwójne matné,Rock Glass – industriální linie,21193,2520.0,https://qubaglass.pl/environment/cache/images/productGfx_15161_700_700/drzwi-szklane-rock-glass-matowe-podwojne.jpg,https://qubaglass.pl/pl/p/Drzwi-szklane-przesuwne-ROCK-GLASS-podwojne-matowe/1856,Dveře skleněné posuvné ROCK GLASS podwójne matné. Cena zahrnuje systém a kování.
Zabudowa szklana dveře otočné + 2x ścianka stała,Skleněné příčky a zabudování,27753,3300.0,https://qubaglass.pl/environment/cache/images/productGfx_15418_700_700/zabudowa-szklana-ze-sciankami-stalymi-qubaglass.png,https://qubaglass.pl/pl/p/Zabudowa-szklana-drzwi-wahadlowe-2x-scianka-stala/1772,Zabudowa szklana dveře otočné + 2x ścianka stała. Cena zahrnuje systém a kování.
Zabudowa szklana dveře otočné ze ściankami stałymi,Skleněné příčky a zabudování,51301,6100.0,https://qubaglass.pl/environment/cache/images/productGfx_15420_700_700/zabudowa-szklana-drzwi-szklane-scianki-stale-qubaglass-na-wymiar.png,https://qubaglass.pl/pl/p/Zabudowa-szklana-drzwi-wahadlowe-ze-sciankami-stalymi/1774,Zabudowa szklana dveře otočné ze ściankami stałymi. Cena zahrnuje systém a kování.
Zabudowa szklana dveře otočné ze ściankami stałymi,Skleněné příčky a zabudování,73167,8700.0,https://qubaglass.pl/environment/cache/images/productGfx_15422_700_700/zabudowa-ze-szkla-sciany-szklane-scianki-ze-szkla.png,https://qubaglass.pl/pl/p/Zabudowa-szklana-drzwi-wahadlowe-ze-sciankami-stalymi/1775,Zabudowa szklana dveře otočné ze ściankami stałymi. Cena zahrnuje systém a kování.
Zabudowa szklana ze szkła černégo dveře podwójne na samozamykaczu + 2 szt ścianek stałych,Skleněné příčky a zabudování,8,1.0,https://qubaglass.pl/environment/cache/images/productGfx_15430_700_700/zabudowa-szklana-zabudowy-szklane-czarne-szklo-czarne-drzwi.png,https://qubaglass.pl/pl/p/Zabudowa-szklana-ze-szkla-czarnego-drzwi-podwojne-na-samozamykaczu-2-szt-scianek-stalych/1694,Zabudowa szklana ze szkła černégo dveře podwójne na samozamykaczu + 2 szt ścianek stałych. Cena zahrnuje systém a kování.
Zabudowa szklana ścianka stała + dveře otočné,Skleněné příčky a zabudování,21025,2500.0,https://qubaglass.pl/environment/cache/images/productGfx_15417_700_700/drzwi-szklane-w-zabudowie-szklanej-scianka-stala.png,https://qubaglass.pl/pl/p/Zabudowa-szklana-scianka-stala-drzwi-wahadlowe/1771,Zabudowa szklana ścianka stała + dveře otočné. Cena zahrnuje systém a kování.
Zabudowa szklana z dveřeami zamykanymi na zamek,Skleněné příčky a zabudování,8,1.0,https://qubaglass.pl/environment/cache/images/productGfx_15428_700_700/zabudowa-szklana-zabudowa-sypialni-przeszklenie.png,https://qubaglass.pl/pl/p/Zabudowa-szklana-z-drzwiami-zamykanymi-na-zamek/1695,Zabudowa szklana z dveřeami zamykanymi na zamek. Cena zahrnuje systém a kování.
Sauna przeszklenie sauny,Skleněné příčky a zabudování,8,1.0,https://qubaglass.pl/environment/cache/images/productGfx_15432_700_700/przeszklenie-sauny-sauna-zabudowa-szklana.png,https://qubaglass.pl/pl/p/Sauna-przeszklenie-sauny/1711,Skleněné dveře Sauna przeszklenie sauny. Cena zahrnuje systém a kování.
Dveře skleněné posuvné design-Lux čiré,Skladem – rychlá expedice,7561,899.0,https://qubaglass.pl/environment/cache/images/productGfx_15274_700_700/bezbarwne-drzwi-szklane-qubaglass.jpg,https://qubaglass.pl/pl/p/Drzwi-szklane-przesuwne-przesuwane-design-Lux-bezbarwne/1170,Dveře skleněné posuvné design-Lux čiré. Cena zahrnuje systém a kování.
Dveře skleněné posuvné design-lux matné skladem,Skladem – rychlá expedice,9251,1100.0,https://qubaglass.pl/environment/cache/images/productGfx_15182_700_700/drzwi-szklane-przesuwne-matowe-design-lux.jpg,https://qubaglass.pl/pl/p/Drzwi-szklane-przesuwne-przesuwane-design-lux-matowe-OD-REKI/1178,Dveře skleněné posuvné design-lux matné skladem. Cena zahrnuje systém a kování.
Dveře skleněné posuvné Design-Lux vzor pasy 1.1,Skladem – rychlá expedice,9663,1149.0,https://qubaglass.pl/environment/cache/images/productGfx_15276_700_700/drzwi-szklane-design-lux-z-pasami-matowy-wzor.jpg,https://qubaglass.pl/pl/p/Drzwi-szklane-przesuwne-przesuwane-Design-Lux-wzor-pasy-1.1/73,Dveře skleněné posuvné Design-Lux vzor pasy 1.1. Cena zahrnuje systém a kování.
Dveře skleněné posuvné Design-Lux vzor paski 1.2 skladem,Skladem – rychlá expedice,9663,1149.0,https://qubaglass.pl/environment/cache/images/productGfx_15277_700_700/drzwi-szklane-design-lux-paski-zwezajace-sie-qubaglass.jpg,https://qubaglass.pl/pl/p/Drzwi-szklane-przesuwne-przesuwane-Design-Lux-wzor-paski-1.2-OD-REKI/1106,Dveře skleněné posuvné Design-Lux vzor paski 1.2 skladem. Cena zahrnuje systém a kování.
Dveře skleněné posuvné Design-Lux czarny vzor PASY 1.1,Skladem – rychlá expedice,12026,1430.0,https://qubaglass.pl/environment/cache/images/productGfx_15278_700_700/drzwi-z-pasami-czarny-system-qubaglass.jpg,https://qubaglass.pl/pl/p/Drzwi-szklane-przesuwne-przesuwane-Design-Lux-czarny-wzor-PASY-1.1/1166,Dveře skleněné posuvné Design-Lux czarny vzor PASY 1.1. Cena zahrnuje systém a kování.
Dveře skleněné posuvné Design-Lux černý systém PASKI 1.2,Skladem – rychlá expedice,12026,1430.0,https://qubaglass.pl/environment/cache/images/productGfx_15181_700_700/drzwi-design-z-paskami-matowymi.jpg,https://qubaglass.pl/pl/p/Drzwi-szklane-przesuwne-przesuwane-Design-Lux-system-czarny-PASKI-1.2/870,Dveře skleněné posuvné Design-Lux černý systém PASKI 1.2. Cena zahrnuje systém a kování.
Dveře skleněné posuvné design-lux bílý matné,Skladem – rychlá expedice,10933,1300.0,https://qubaglass.pl/environment/cache/images/productGfx_15279_700_700/matowe-drzwi-design-z-bialym-systemem-qg.jpg,https://qubaglass.pl/pl/p/Drzwi-szklane-przesuwne-przesuwane-design-lux-BIALY-MATOWE/1207,Dveře skleněné posuvné design-lux bílý matné. Cena zahrnuje systém a kování.
Dveře posuvné w kasecie chowane w ścianę kaseta bezościeżnicowa Estima Q-110,Skladem – rychlá expedice,21446,2550.0,https://qubaglass.pl/environment/cache/images/productGfx_4372_700_700/drzwi_szklane_w_kasecie_kol_110.jpg,https://qubaglass.pl/pl/p/Drzwi-przesuwne-w-kasecie-chowane-w-sciane-kaseta-bezoscieznicowa-Estima-Q-110/829,Dveře posuvné w kasecie chowane w ścianę kaseta bezościeżnicowa Estima Q-110. Cena zahrnuje systém a kování.
Dveře posuvné w kasecie chowane w ścianę kaseta bezościeżnicowa Estima Q-006,Skladem – rychlá expedice,22286,2650.0,https://qubaglass.pl/environment/cache/images/productGfx_4369_700_700/kaseta_estima_wzor_matowy_q-06.jpg,https://qubaglass.pl/pl/p/Drzwi-przesuwne-w-kasecie-chowane-w-sciane-kaseta-bezoscieznicowa-Estima-Q-006/823,Dveře posuvné w kasecie chowane w ścianę kaseta bezościeżnicowa Estima Q-006. Cena zahrnuje systém a kování.
Dveře posuvné w kasecie chowane w ścianę kaseta bezościeżnicowa Estima Q-106,Skladem – rychlá expedice,21446,2550.0,https://qubaglass.pl/environment/cache/images/productGfx_4371_700_700/drzwi_w_kasecie_estima_wzor_q_106.jpg,https://qubaglass.pl/pl/p/Drzwi-przesuwne-w-kasecie-chowane-w-sciane-kaseta-bezoscieznicowa-Estima-Q-106/825,Dveře posuvné w kasecie chowane w ścianę kaseta bezościeżnicowa Estima Q-106. Cena zahrnuje systém a kování.
Dveře skleněné posuvné Design-Lux vzor Q-109,Skladem – rychlá expedice,10084,1199.0,https://qubaglass.pl/environment/cache/images/productGfx_15235_700_700/drzwi-szklane-z-wzorem-matowym-qubaglass.jpg,https://qubaglass.pl/pl/p/Drzwi-szklane-przesuwne-przesuwane-Design-Lux-wzor-Q-109/1231,Dveře skleněné posuvné Design-Lux vzor Q-109. Cena zahrnuje systém a kování.
Dveře skleněné posuvné Design-Lux vzor Q-110 skladem,Skladem – rychlá expedice,9663,1149.0,https://qubaglass.pl/environment/cache/images/productGfx_15236_700_700/Q-110-drzwi-design-z-lux-z-wzorem.jpg,https://qubaglass.pl/pl/p/Drzwi-szklane-przesuwne-przesuwane-Design-Lux-wzor-Q-110-OD-REKI/1230,Dveře skleněné posuvné Design-Lux vzor Q-110 skladem. Cena zahrnuje systém a kování.
Dveře skleněné posuvné design-lux z wzorem Q-108 skladem,Skladem – rychlá expedice,10084,1199.0,https://qubaglass.pl/environment/cache/images/productGfx_15234_700_700/drzwi-szklane-z-wzorem-matowym.jpg,https://qubaglass.pl/pl/p/Drzwi-szklane-przesuwne-przesuwane-design-lux-z-wzorem-Q-108-OD-REKI/1169,Dveře skleněné posuvné design-lux z wzorem Q-108 skladem. Cena zahrnuje systém a kování.
Dveře skleněné posuvné desing-lux vzor Q-106 skladem,Skladem – rychlá expedice,10084,1199.0,https://qubaglass.pl/environment/cache/images/productGfx_15233_700_700/Q-106-drzwi-szklane-z-wzorem-matowym.jpg,https://qubaglass.pl/pl/p/Drzwi-szklane-przesuwne-przesuwane-desing-lux-wzor-Q-106-OD-REKI/1167,Dveře skleněné posuvné desing-lux vzor Q-106 skladem. Cena zahrnuje systém a kování.
