code;pairCode;name;price;purchasePrice;currency;includingVat;percentVat;shortDescription;description;image;defaultCategory;supplier;manufacturer;visibility;unit;itemType;seoTitle;metaDescription;externalId
QG-0001;;Dveře skleněné posuvné Design-Lux se zrcadlem dveře lustro;24389;16820;CZK;1;21;Dveře skleněné posuvné Design-Lux se zrcadlem dveře lustro. Cena zahrnuje systém a kování;Dveře skleněné posuvné Design-Lux se zrcadlem dveře lustro. Kategorie: Posuvné dveře Design-Lux. Orientační cena — finální nabídka podle rozměrů a provedení.;https://qubaglass.pl/environment/cache/images/productGfx_15212_700_700/drzwi-szklane-design-z-lustrem.jpg;Skleněné dveře|Posuvné dveře Design-Lux;Quba Glass;Quba Glass;visible;ks;product;Dveře skleněné posuvné Design-Lux se zrcadlem dveře lustro;Dveře skleněné posuvné Design-Lux se zrcadlem dveře lustro. Cena zahrnuje systém a kování;DRZWISZKLANEPRZESUWNEPRZESUWANEDESIGNLUXZLUSTREMDRZWILUSTRO
QG-0002;;Dveře skleněné posuvné Design-Lux vzor PASKI 1.3 skladem;10092;6960;CZK;1;21;Dveře skleněné posuvné Design-Lux vzor PASKI 1.3 skladem. Cena zahrnuje systém a kování;Dveře skleněné posuvné Design-Lux vzor PASKI 1.3 skladem. Kategorie: Posuvné dveře Design-Lux. Orientační cena — finální nabídka podle rozměrů a provedení.;https://qubaglass.pl/environment/cache/images/productGfx_15213_700_700/drzwi-szklane-design-lux-paski-pionowe.jpg;Skleněné dveře|Posuvné dveře Design-Lux;Quba Glass;Quba Glass;visible;ks;product;Dveře skleněné posuvné Design-Lux vzor PASKI 1.3 skladem;Dveře skleněné posuvné Design-Lux vzor PASKI 1.3 skladem. Cena zahrnuje systém a kování;DRZWISZKLANEPRZESUWNEPRZESUWANEDESIGNLUXWZORPASKI13ODREKI
QG-0003;;Dveře skleněné posuvné Design-Lux čiré na míru;11774;8120;CZK;1;21;Dveře skleněné posuvné Design-Lux čiré na míru. Cena zahrnuje systém a kování;Dveře skleněné posuvné Design-Lux čiré na míru. Kategorie: Posuvné dveře Design-Lux. Orientační cena — finální nabídka podle rozměrů a provedení.;https://qubaglass.pl/environment/cache/images/productGfx_15177_700_700/drzwi-szklane-przesuwne-bezbarwne-szklane.jpg;Skleněné dveře|Posuvné dveře Design-Lux;Quba Glass;Quba Glass;visible;ks;product;Dveře skleněné posuvné Design-Lux čiré na míru;Dveře skleněné posuvné Design-Lux čiré na míru. Cena zahrnuje systém a kování;DRZWISZKLANEPRZESUWNEPRZESUWANEDESIGNLUXBEZBARWNENAWYMIAR
QG-0004;;Dveře skleněné posuvné Design-Lux leptané na míru;10933;7540;CZK;1;21;Dveře skleněné posuvné Design-Lux leptané na míru. Cena zahrnuje systém a kování;Dveře skleněné posuvné Design-Lux leptané na míru. Kategorie: Posuvné dveře Design-Lux. Orientační cena — finální nabídka podle rozměrů a provedení.;https://qubaglass.pl/environment/cache/images/productGfx_15214_700_700/drzwi-szklane-design-lux-matowe.jpg;Skleněné dveře|Posuvné dveře Design-Lux;Quba Glass;Quba Glass;visible;ks;product;Dveře skleněné posuvné Design-Lux leptané na míru;Dveře skleněné posuvné Design-Lux leptané na míru. Cena zahrnuje systém a kování;DRZWISZKLANEPRZESUWNEPRZESUWANEDESIGNLUXTRAWIONENAWYMIAR
QG-0005;;Dveře skleněné posuvné Design-Lux vzor pasy 1.1 na míru;12615;8700;CZK;1;21;Dveře skleněné posuvné Design-Lux vzor pasy 1.1 na míru. Cena zahrnuje systém a kování;Dveře skleněné posuvné Design-Lux vzor pasy 1.1 na míru. Kategorie: Posuvné dveře Design-Lux. Orientační cena — finální nabídka podle rozměrů a provedení.;https://qubaglass.pl/environment/cache/images/productGfx_15215_700_700/drzwi-szklane-design-lux-pasy.jpg;Skleněné dveře|Posuvné dveře Design-Lux;Quba Glass;Quba Glass;visible;ks;product;Dveře skleněné posuvné Design-Lux vzor pasy 1.1 na míru;Dveře skleněné posuvné Design-Lux vzor pasy 1.1 na míru. Cena zahrnuje systém a kování;DRZWISZKLANEPRZESUWNEPRZESUWANEDESIGNLUXWZORPASY11NAWYMIAR
QG-0006;;Dveře skleněné posuvné Design-Lux grafitové matné;13456;9280;CZK;1;21;Dveře skleněné posuvné Design-Lux grafitové matné. Cena zahrnuje systém a kování;Dveře skleněné posuvné Design-Lux grafitové matné. Kategorie: Posuvné dveře Design-Lux. Orientační cena — finální nabídka podle rozměrů a provedení.;https://qubaglass.pl/environment/cache/images/productGfx_15216_700_700/drzwi-szklane-design-grafitowe.jpg;Skleněné dveře|Posuvné dveře Design-Lux;Quba Glass;Quba Glass;visible;ks;product;Dveře skleněné posuvné Design-Lux grafitové matné;Dveře skleněné posuvné Design-Lux grafitové matné. Cena zahrnuje systém a kování;DRZWISZKLANEPRZESUWNEPRZESUWANEDESIGNLUXGRAFITOWEMATOWE
QG-0007;;Dveře skleněné posuvné hnědé matné;13456;9280;CZK;1;21;Dveře skleněné posuvné hnědé matné. Cena zahrnuje systém a kování;Dveře skleněné posuvné hnědé matné. Kategorie: Posuvné dveře Design-Lux. Orientační cena — finální nabídka podle rozměrů a provedení.;https://qubaglass.pl/environment/cache/images/productGfx_15217_700_700/drzwi-szklane-design-lux-brazowe.jpg;Skleněné dveře|Posuvné dveře Design-Lux;Quba Glass;Quba Glass;visible;ks;product;Dveře skleněné posuvné hnědé matné;Dveře skleněné posuvné hnědé matné. Cena zahrnuje systém a kování;DRZWISZKLANEPRZESUWNEPRZESUWANEBRAZOWEMATOWE
QG-0008;;Dveře skleněné posuvné Design-Lux laminované černé;11690;8062;CZK;1;21;Dveře skleněné posuvné Design-Lux laminované černé. Cena zahrnuje systém a kování;Dveře skleněné posuvné Design-Lux laminované černé. Kategorie: Posuvné dveře Design-Lux. Orientační cena — finální nabídka podle rozměrů a provedení.;https://qubaglass.pl/environment/cache/images/productGfx_15179_700_700/drzwi-szklane-czaene-deisn.jpg;Skleněné dveře|Posuvné dveře Design-Lux;Quba Glass;Quba Glass;visible;ks;product;Dveře skleněné posuvné Design-Lux laminované černé;Dveře skleněné posuvné Design-Lux laminované černé. Cena zahrnuje systém a kování;DRZWISZKLANEPRZESUWNEPRZESUWANEDESIGNLUXLAMINOWANECZARNE
QG-0009;;Dveře skleněné posuvné Design-Lux laminované bílé;13372;9222;CZK;1;21;Dveře skleněné posuvné Design-Lux laminované bílé. Cena zahrnuje systém a kování;Dveře skleněné posuvné Design-Lux laminované bílé. Kategorie: Posuvné dveře Design-Lux. Orientační cena — finální nabídka podle rozměrů a provedení.;https://qubaglass.pl/environment/cache/images/productGfx_15178_700_700/biale-drzwi-szklane-design.jpg;Skleněné dveře|Posuvné dveře Design-Lux;Quba Glass;Quba Glass;visible;ks;product;Dveře skleněné posuvné Design-Lux laminované bílé;Dveře skleněné posuvné Design-Lux laminované bílé. Cena zahrnuje systém a kování;DRZWISZKLANEPRZESUWNEPRZESUWANEDESIGNLUXLAMINOWANEBIALE
QG-0010;;Dveře skleněné posuvné Design-Lux czarny system vzor PASKI 1.3;12026;8294;CZK;1;21;Dveře skleněné posuvné Design-Lux czarny system vzor PASKI 1.3. Cena zahrnuje systém a kování;Dveře skleněné posuvné Design-Lux czarny system vzor PASKI 1.3. Kategorie: Posuvné dveře Design-Lux. Orientační cena — finální nabídka podle rozměrů a provedení.;https://qubaglass.pl/environment/cache/images/productGfx_15180_700_700/paski-pionowe-drzwi-szklane.jpg;Skleněné dveře|Posuvné dveře Design-Lux;Quba Glass;Quba Glass;visible;ks;product;Dveře skleněné posuvné Design-Lux czarny system vzor PASKI 1.3;Dveře skleněné posuvné Design-Lux czarny system vzor PASKI 1.3. Cena zahrnuje systém a kování;DRZWISZKLANEPRZESUWNEPRZESUWANEDESIGNLUXCZARNYSYSTEMWZORPASKI13
QG-0011;;Dveře skleněné posuvné Design-Lux czarny vzor GRAF/006B;13961;9628;CZK;1;21;Dveře skleněné posuvné Design-Lux czarny vzor GRAF/006B. Cena zahrnuje systém a kování;Dveře skleněné posuvné Design-Lux czarny vzor GRAF/006B. Kategorie: Posuvné dveře Design-Lux. Orientační cena — finální nabídka podle rozměrů a provedení.;https://qubaglass.pl/environment/cache/images/productGfx_15163_700_700/aaz.jpg;Skleněné dveře|Posuvné dveře Design-Lux;Quba Glass;Quba Glass;visible;ks;product;Dveře skleněné posuvné Design-Lux czarny vzor GRAF/006B;Dveře skleněné posuvné Design-Lux czarny vzor GRAF/006B. Cena zahrnuje systém a kování;DRZWISZKLANEPRZESUWNEPRZESUWANEDESIGNLUXCZARNYWZORGRAF006B
QG-0012;;Dveře skleněné posuvné Design-Lux czarny grafika KOL/131;13961;9628;CZK;1;21;Dveře skleněné posuvné Design-Lux czarny grafika KOL/131. Cena zahrnuje systém a kování;Dveře skleněné posuvné Design-Lux czarny grafika KOL/131. Kategorie: Posuvné dveře Design-Lux. Orientační cena — finální nabídka podle rozměrů a provedení.;https://qubaglass.pl/environment/cache/images/productGfx_15218_700_700/drzwi-szklane-design-lux--131.jpg;Skleněné dveře|Posuvné dveře Design-Lux;Quba Glass;Quba Glass;visible;ks;product;Dveře skleněné posuvné Design-Lux czarny grafika KOL/131;Dveře skleněné posuvné Design-Lux czarny grafika KOL/131. Cena zahrnuje systém a kování;DRZWISZKLANEPRZESUWNEPRZESUWANEDESIGNLUXCZARNYGRAFIKAKOL131
QG-0013;;Dveře skleněné posuvné Design-Lux czarny grafika KOL/132;13961;9628;CZK;1;21;Dveře skleněné posuvné Design-Lux czarny grafika KOL/132. Cena zahrnuje systém a kování;Dveře skleněné posuvné Design-Lux czarny grafika KOL/132. Kategorie: Posuvné dveře Design-Lux. Orientační cena — finální nabídka podle rozměrů a provedení.;https://qubaglass.pl/environment/cache/images/productGfx_15219_700_700/drzwi-szklane-design-lux-kol132.jpg;Skleněné dveře|Posuvné dveře Design-Lux;Quba Glass;Quba Glass;visible;ks;product;Dveře skleněné posuvné Design-Lux czarny grafika KOL/132;Dveře skleněné posuvné Design-Lux czarny grafika KOL/132. Cena zahrnuje systém a kování;DRZWISZKLANEPRZESUWNEPRZESUWANEDESIGNLUXCZARNYGRAFIKAKOL132
QG-0014;;Dveře skleněné posuvné Design-Lux czarny vzor GRAF/009b;13961;9628;CZK;1;21;Dveře skleněné posuvné Design-Lux czarny vzor GRAF/009b. Cena zahrnuje systém a kování;Dveře skleněné posuvné Design-Lux czarny vzor GRAF/009b. Kategorie: Posuvné dveře Design-Lux. Orientační cena — finální nabídka podle rozměrů a provedení.;https://qubaglass.pl/environment/cache/images/productGfx_15165_700_700/drzwi-szklane-z-wzorem-Q-009C.jpg;Skleněné dveře|Posuvné dveře Design-Lux;Quba Glass;Quba Glass;visible;ks;product;Dveře skleněné posuvné Design-Lux czarny vzor GRAF/009b;Dveře skleněné posuvné Design-Lux czarny vzor GRAF/009b. Cena zahrnuje systém a kování;DRZWISZKLANEPRZESUWNEPRZESUWANEDESIGNLUXCZARNYWZORGRAF009B
QG-0015;;Dveře skleněné posuvné Design-Lux czarny vzor GRAF/011b;13961;9628;CZK;1;21;Dveře skleněné posuvné Design-Lux czarny vzor GRAF/011b. Cena zahrnuje systém a kování;Dveře skleněné posuvné Design-Lux czarny vzor GRAF/011b. Kategorie: Posuvné dveře Design-Lux. Orientační cena — finální nabídka podle rozměrů a provedení.;https://qubaglass.pl/environment/cache/images/productGfx_15166_700_700/drzwi-szklane-z-wzorem-graficznym-011B.jpg;Skleněné dveře|Posuvné dveře Design-Lux;Quba Glass;Quba Glass;visible;ks;product;Dveře skleněné posuvné Design-Lux czarny vzor GRAF/011b;Dveře skleněné posuvné Design-Lux czarny vzor GRAF/011b. Cena zahrnuje systém a kování;DRZWISZKLANEPRZESUWNEPRZESUWANEDESIGNLUXCZARNYWZORGRAF011B
QG-0016;;Dveře skleněné posuvné design-lux grafika KOL/092;13818;9529;CZK;1;21;Dveře skleněné posuvné design-lux grafika KOL/092. Cena zahrnuje systém a kování;Dveře skleněné posuvné design-lux grafika KOL/092. Kategorie: Posuvné dveře Design-Lux. Orientační cena — finální nabídka podle rozměrů a provedení.;https://qubaglass.pl/environment/cache/images/productGfx_15172_700_700/092-drzwi-z-nadrukiem-qubaglass-przesuwne.jpg;Skleněné dveře|Posuvné dveře Design-Lux;Quba Glass;Quba Glass;visible;ks;product;Dveře skleněné posuvné design-lux grafika KOL/092;Dveře skleněné posuvné design-lux grafika KOL/092. Cena zahrnuje systém a kování;DRZWISZKLANEPRZESUWNEPRZESUWANEDESIGNLUXGRAFIKAKOL092
QG-0017;;Dveře skleněné posuvné design-lux grafika KOL/091;13818;9529;CZK;1;21;Dveře skleněné posuvné design-lux grafika KOL/091. Cena zahrnuje systém a kování;Dveře skleněné posuvné design-lux grafika KOL/091. Kategorie: Posuvné dveře Design-Lux. Orientační cena — finální nabídka podle rozměrů a provedení.;https://qubaglass.pl/environment/cache/images/productGfx_15171_700_700/091-drzwi-szklane-z-nadrukiem-przesuwne.jpg;Skleněné dveře|Posuvné dveře Design-Lux;Quba Glass;Quba Glass;visible;ks;product;Dveře skleněné posuvné design-lux grafika KOL/091;Dveře skleněné posuvné design-lux grafika KOL/091. Cena zahrnuje systém a kování;DRZWISZKLANEPRZESUWNEPRZESUWANEDESIGNLUXGRAFIKAKOL091
QG-0018;;Dveře skleněné posuvné Design-Lux bílý vzor GRAF/010c;13456;9280;CZK;1;21;Dveře skleněné posuvné Design-Lux bílý vzor GRAF/010c. Cena zahrnuje systém a kování;Dveře skleněné posuvné Design-Lux bílý vzor GRAF/010c. Kategorie: Posuvné dveře Design-Lux. Orientační cena — finální nabídka podle rozměrů a provedení.;https://qubaglass.pl/environment/cache/images/productGfx_15220_700_700/010C-drzwi.jpg;Skleněné dveře|Posuvné dveře Design-Lux;Quba Glass;Quba Glass;visible;ks;product;Dveře skleněné posuvné Design-Lux bílý vzor GRAF/010c;Dveře skleněné posuvné Design-Lux bílý vzor GRAF/010c. Cena zahrnuje systém a kování;DRZWISZKLANEPRZESUWNEPRZESUWANEDESIGNLUXBIALYWZORGRAF010C
QG-0019;;Dveře skleněné posuvné Design-Lux bílý vzor GRAF/011c;13456;9280;CZK;1;21;Dveře skleněné posuvné Design-Lux bílý vzor GRAF/011c. Cena zahrnuje systém a kování;Dveře skleněné posuvné Design-Lux bílý vzor GRAF/011c. Kategorie: Posuvné dveře Design-Lux. Orientační cena — finální nabídka podle rozměrů a provedení.;https://qubaglass.pl/environment/cache/images/productGfx_15221_700_700/011C-drzwi.jpg;Skleněné dveře|Posuvné dveře Design-Lux;Quba Glass;Quba Glass;visible;ks;product;Dveře skleněné posuvné Design-Lux bílý vzor GRAF/011c;Dveře skleněné posuvné Design-Lux bílý vzor GRAF/011c. Cena zahrnuje systém a kování;DRZWISZKLANEPRZESUWNEPRZESUWANEDESIGNLUXBIALYWZORGRAF011C
QG-0020;;Dveře skleněné posuvné Design-Lux bílý vzor GRAF/013c;13456;9280;CZK;1;21;Dveře skleněné posuvné Design-Lux bílý vzor GRAF/013c. Cena zahrnuje systém a kování;Dveře skleněné posuvné Design-Lux bílý vzor GRAF/013c. Kategorie: Posuvné dveře Design-Lux. Orientační cena — finální nabídka podle rozměrů a provedení.;https://qubaglass.pl/environment/cache/images/productGfx_15222_700_700/013C-drzwi.jpg;Skleněné dveře|Posuvné dveře Design-Lux;Quba Glass;Quba Glass;visible;ks;product;Dveře skleněné posuvné Design-Lux bílý vzor GRAF/013c;Dveře skleněné posuvné Design-Lux bílý vzor GRAF/013c. Cena zahrnuje systém a kování;DRZWISZKLANEPRZESUWNEPRZESUWANEDESIGNLUXBIALYWZORGRAF013C
QG-0021;;Dveře skleněné posuvné Design-Lux bílý vzor GRAF/026C;13456;9280;CZK;1;21;Dveře skleněné posuvné Design-Lux bílý vzor GRAF/026C. Cena zahrnuje systém a kování;Dveře skleněné posuvné Design-Lux bílý vzor GRAF/026C. Kategorie: Posuvné dveře Design-Lux. Orientační cena — finální nabídka podle rozměrů a provedení.;https://qubaglass.pl/environment/cache/images/productGfx_15223_700_700/026C-drzwi.jpg;Skleněné dveře|Posuvné dveře Design-Lux;Quba Glass;Quba Glass;visible;ks;product;Dveře skleněné posuvné Design-Lux bílý vzor GRAF/026C;Dveře skleněné posuvné Design-Lux bílý vzor GRAF/026C. Cena zahrnuje systém a kování;DRZWISZKLANEPRZESUWNEPRZESUWANEDESIGNLUXBIALYWZORGRAF026C
QG-0022;;Dveře skleněné posuvné Design-Lux bílý grafika KOL/055;13456;9280;CZK;1;21;Dveře skleněné posuvné Design-Lux bílý grafika KOL/055. Cena zahrnuje systém a kování;Dveře skleněné posuvné Design-Lux bílý grafika KOL/055. Kategorie: Posuvné dveře Design-Lux. Orientační cena — finální nabídka podle rozměrů a provedení.;https://qubaglass.pl/environment/cache/images/productGfx_15224_700_700/055.png;Skleněné dveře|Posuvné dveře Design-Lux;Quba Glass;Quba Glass;visible;ks;product;Dveře skleněné posuvné Design-Lux bílý grafika KOL/055;Dveře skleněné posuvné Design-Lux bílý grafika KOL/055. Cena zahrnuje systém a kování;DRZWISZKLANEPRZESUWNEPRZESUWANEDESIGNLUXBIALYGRAFIKAKOL055
QG-0023;;Dveře skleněné posuvné Design-Lux vzor GRAF/010c;12405;8555;CZK;1;21;Dveře skleněné posuvné Design-Lux vzor GRAF/010c. Cena zahrnuje systém a kování;Dveře skleněné posuvné Design-Lux vzor GRAF/010c. Kategorie: Posuvné dveře Design-Lux. Orientační cena — finální nabídka podle rozměrů a provedení.;https://qubaglass.pl/environment/cache/images/productGfx_15225_700_700/010C-drzwi-szklane-przesuwne-system-w-satynie.jpg;Skleněné dveře|Posuvné dveře Design-Lux;Quba Glass;Quba Glass;visible;ks;product;Dveře skleněné posuvné Design-Lux vzor GRAF/010c;Dveře skleněné posuvné Design-Lux vzor GRAF/010c. Cena zahrnuje systém a kování;DRZWISZKLANEPRZESUWNEPRZESUWANEDESIGNLUXWZORGRAF010C
QG-0024;;Dveře skleněné posuvné Design-Lux vzor GRAF/011c;12405;8555;CZK;1;21;Dveře skleněné posuvné Design-Lux vzor GRAF/011c. Cena zahrnuje systém a kování;Dveře skleněné posuvné Design-Lux vzor GRAF/011c. Kategorie: Posuvné dveře Design-Lux. Orientační cena — finální nabídka podle rozměrů a provedení.;https://qubaglass.pl/environment/cache/images/productGfx_15226_700_700/011C-drzwi-szklane-design-srebrna-maskownica.jpg;Skleněné dveře|Posuvné dveře Design-Lux;Quba Glass;Quba Glass;visible;ks;product;Dveře skleněné posuvné Design-Lux vzor GRAF/011c;Dveře skleněné posuvné Design-Lux vzor GRAF/011c. Cena zahrnuje systém a kování;DRZWISZKLANEPRZESUWNEPRZESUWANEDESIGNLUXWZORGRAF011C
QG-0025;;Dveře skleněné posuvné Design-Lux vzor GRAF/013c;12405;8555;CZK;1;21;Dveře skleněné posuvné Design-Lux vzor GRAF/013c. Cena zahrnuje systém a kování;Dveře skleněné posuvné Design-Lux vzor GRAF/013c. Kategorie: Posuvné dveře Design-Lux. Orientační cena — finální nabídka podle rozměrů a provedení.;https://qubaglass.pl/environment/cache/images/productGfx_15227_700_700/GRAF013c-DRZWI-SZKLANE-design-lux.jpg;Skleněné dveře|Posuvné dveře Design-Lux;Quba Glass;Quba Glass;visible;ks;product;Dveře skleněné posuvné Design-Lux vzor GRAF/013c;Dveře skleněné posuvné Design-Lux vzor GRAF/013c. Cena zahrnuje systém a kování;DRZWISZKLANEPRZESUWNEPRZESUWANEDESIGNLUXWZORGRAF013C
QG-0026;;Dveře skleněné posuvné Design-Lux vzor GRAF/026c;12405;8555;CZK;1;21;Dveře skleněné posuvné Design-Lux vzor GRAF/026c. Cena zahrnuje systém a kování;Dveře skleněné posuvné Design-Lux vzor GRAF/026c. Kategorie: Posuvné dveře Design-Lux. Orientační cena — finální nabídka podle rozměrů a provedení.;https://qubaglass.pl/environment/cache/images/productGfx_15228_700_700/026C-drzwi-szklane-design-drzwi.jpg;Skleněné dveře|Posuvné dveře Design-Lux;Quba Glass;Quba Glass;visible;ks;product;Dveře skleněné posuvné Design-Lux vzor GRAF/026c;Dveře skleněné posuvné Design-Lux vzor GRAF/026c. Cena zahrnuje systém a kování;DRZWISZKLANEPRZESUWNEPRZESUWANEDESIGNLUXWZORGRAF026C
QG-0027;;Dveře skleněné posuvné Design-Lux vzor GRAF/006b;12405;8555;CZK;1;21;Dveře skleněné posuvné Design-Lux vzor GRAF/006b. Cena zahrnuje systém a kování;Dveře skleněné posuvné Design-Lux vzor GRAF/006b. Kategorie: Posuvné dveře Design-Lux. Orientační cena — finální nabídka podle rozměrů a provedení.;https://qubaglass.pl/environment/cache/images/productGfx_15229_700_700/006B-drzwi-szklane-qubaglass.jpg;Skleněné dveře|Posuvné dveře Design-Lux;Quba Glass;Quba Glass;visible;ks;product;Dveře skleněné posuvné Design-Lux vzor GRAF/006b;Dveře skleněné posuvné Design-Lux vzor GRAF/006b. Cena zahrnuje systém a kování;DRZWISZKLANEPRZESUWNEPRZESUWANEDESIGNLUXWZORGRAF006B
QG-0028;;Dveře skleněné posuvné Design-Lux vzor GRAF/009b;12405;8555;CZK;1;21;Dveře skleněné posuvné Design-Lux vzor GRAF/009b. Cena zahrnuje systém a kování;Dveře skleněné posuvné Design-Lux vzor GRAF/009b. Kategorie: Posuvné dveře Design-Lux. Orientační cena — finální nabídka podle rozměrů a provedení.;https://qubaglass.pl/environment/cache/images/productGfx_15230_700_700/wzor-graficzny-009B.jpg;Skleněné dveře|Posuvné dveře Design-Lux;Quba Glass;Quba Glass;visible;ks;product;Dveře skleněné posuvné Design-Lux vzor GRAF/009b;Dveře skleněné posuvné Design-Lux vzor GRAF/009b. Cena zahrnuje systém a kování;DRZWISZKLANEPRZESUWNEPRZESUWANEDESIGNLUXWZORGRAF009B
QG-0029;;Dveře skleněné posuvné Design-Lux vzor GRAF/011b;12405;8555;CZK;1;21;Dveře skleněné posuvné Design-Lux vzor GRAF/011b. Cena zahrnuje systém a kování;Dveře skleněné posuvné Design-Lux vzor GRAF/011b. Kategorie: Posuvné dveře Design-Lux. Orientační cena — finální nabídka podle rozměrů a provedení.;https://qubaglass.pl/environment/cache/images/productGfx_15231_700_700/011B-drzwi-szklane-qubaglass.jpg;Skleněné dveře|Posuvné dveře Design-Lux;Quba Glass;Quba Glass;visible;ks;product;Dveře skleněné posuvné Design-Lux vzor GRAF/011b;Dveře skleněné posuvné Design-Lux vzor GRAF/011b. Cena zahrnuje systém a kování;DRZWISZKLANEPRZESUWNEPRZESUWANEDESIGNLUXWZORGRAF011B
QG-0030;;Dveře skleněné posuvné design-lux grafika KOL/083;12405;8555;CZK;1;21;Dveře skleněné posuvné design-lux grafika KOL/083. Cena zahrnuje systém a kování;Dveře skleněné posuvné design-lux grafika KOL/083. Kategorie: Posuvné dveře Design-Lux. Orientační cena — finální nabídka podle rozměrů a provedení.;https://qubaglass.pl/environment/cache/images/productGfx_15169_700_700/drzwi-przesuwne-z-nadrukiem-083.jpg;Skleněné dveře|Posuvné dveře Design-Lux;Quba Glass;Quba Glass;visible;ks;product;Dveře skleněné posuvné design-lux grafika KOL/083;Dveře skleněné posuvné design-lux grafika KOL/083. Cena zahrnuje systém a kování;DRZWISZKLANEPRZESUWNEPRZESUWANEDESIGNLUXGRAFIKAKOL083
QG-0031;;Dveře skleněné posuvné design-lux grafika KOL/104;12405;8555;CZK;1;21;Dveře skleněné posuvné design-lux grafika KOL/104. Cena zahrnuje systém a kování;Dveře skleněné posuvné design-lux grafika KOL/104. Kategorie: Posuvné dveře Design-Lux. Orientační cena — finální nabídka podle rozměrů a provedení.;https://qubaglass.pl/environment/cache/images/productGfx_15175_700_700/drzwi-szklane-z-nadrukiem-KOL104-drzwi-przesuwne.jpg;Skleněné dveře|Posuvné dveře Design-Lux;Quba Glass;Quba Glass;visible;ks;product;Dveře skleněné posuvné design-lux grafika KOL/104;Dveře skleněné posuvné design-lux grafika KOL/104. Cena zahrnuje systém a kování;DRZWISZKLANEPRZESUWNEPRZESUWANEDESIGNLUXGRAFIKAKOL104
QG-0032;;Dveře skleněné posuvné design-lux KOL/088;12405;8555;CZK;1;21;Dveře skleněné posuvné design-lux KOL/088. Cena zahrnuje systém a kování;Dveře skleněné posuvné design-lux KOL/088. Kategorie: Posuvné dveře Design-Lux. Orientační cena — finální nabídka podle rozměrů a provedení.;https://qubaglass.pl/environment/cache/images/productGfx_15170_700_700/088-drzwi-szklane-z-nadrukiem-przesuwne.jpg;Skleněné dveře|Posuvné dveře Design-Lux;Quba Glass;Quba Glass;visible;ks;product;Dveře skleněné posuvné design-lux KOL/088;Dveře skleněné posuvné design-lux KOL/088. Cena zahrnuje systém a kování;DRZWISZKLANEPRZESUWNEPRZESUWANEDESIGNLUXKOL088
QG-0033;;Dveře skleněné posuvné Design-Lux vzor Q-107;11269;7772;CZK;1;21;Dveře skleněné posuvné Design-Lux vzor Q-107. Cena zahrnuje systém a kování;Dveře skleněné posuvné Design-Lux vzor Q-107. Kategorie: Posuvné dveře Design-Lux. Orientační cena — finální nabídka podle rozměrů a provedení.;https://qubaglass.pl/environment/cache/images/productGfx_15232_700_700/drzwi-szklane-z-wzorem-matowym.jpg;Skleněné dveře|Posuvné dveře Design-Lux;Quba Glass;Quba Glass;visible;ks;product;Dveře skleněné posuvné Design-Lux vzor Q-107;Dveře skleněné posuvné Design-Lux vzor Q-107. Cena zahrnuje systém a kování;DRZWISZKLANEPRZESUWNEPRZESUWANEDESIGNLUXWZORQ107
QG-0034;;Dveře skleněné posuvné Design-Lux bílý grafika KOL/055;12405;8555;CZK;1;21;Dveře skleněné posuvné Design-Lux bílý grafika KOL/055. Cena zahrnuje systém a kování;Dveře skleněné posuvné Design-Lux bílý grafika KOL/055. Kategorie: Posuvné dveře Design-Lux. Orientační cena — finální nabídka podle rozměrů a provedení.;https://qubaglass.pl/environment/cache/images/productGfx_15237_700_700/KOL055-drzwi-szklane-z-w-grafika.jpg;Skleněné dveře|Posuvné dveře Design-Lux;Quba Glass;Quba Glass;visible;ks;product;Dveře skleněné posuvné Design-Lux bílý grafika KOL/055;Dveře skleněné posuvné Design-Lux bílý grafika KOL/055. Cena zahrnuje systém a kování;DRZWISZKLANEPRZESUWNEPRZESUWANEDESIGNLUXBIALYGRAFIKAKOL055
QG-0035;;Dveře skleněné posuvné Design-Lux czarny podwójne laminované bílé;31538;21750;CZK;1;21;Dveře skleněné posuvné Design-Lux czarny podwójne laminované bílé. Cena zahrnuje systém a kování;Dveře skleněné posuvné Design-Lux czarny podwójne laminované bílé. Kategorie: Posuvné dveře Design-Lux. Orientační cena — finální nabídka podle rozměrů a provedení.;https://qubaglass.pl/environment/cache/images/productGfx_15273_700_700/drzwi-laminowane-biale-podwojne-czarny-system.jpg;Skleněné dveře|Posuvné dveře Design-Lux;Quba Glass;Quba Glass;visible;ks;product;Dveře skleněné posuvné Design-Lux czarny podwójne laminované bílé;Dveře skleněné posuvné Design-Lux czarny podwójne laminované bílé. Cena zahrnuje systém a kování;DRZWISZKLANEPRZESUWNEPRZESUWANEDESIGNLUXCZARNYPODWOJNELAMINOWANE
QG-0036;;Dveře skleněné posuvné Design-Lux grafika KOL/007;12405;8555;CZK;1;21;Dveře skleněné posuvné Design-Lux grafika KOL/007. Cena zahrnuje systém a kování;Dveře skleněné posuvné Design-Lux grafika KOL/007. Kategorie: Posuvné dveře Design-Lux. Orientační cena — finální nabídka podle rozměrů a provedení.;https://qubaglass.pl/environment/cache/images/productGfx_15238_700_700/KOL007-drzwi-z-nadrukiem-szklane.jpg;Skleněné dveře|Posuvné dveře Design-Lux;Quba Glass;Quba Glass;visible;ks;product;Dveře skleněné posuvné Design-Lux grafika KOL/007;Dveře skleněné posuvné Design-Lux grafika KOL/007. Cena zahrnuje systém a kování;DRZWISZKLANEPRZESUWNEPRZESUWANEDESIGNLUXGRAFIKAKOL007
QG-0037;;Dveře skleněné posuvné Design-Lux grafika KOL/008;12531;8642;CZK;1;21;Dveře skleněné posuvné Design-Lux grafika KOL/008. Cena zahrnuje systém a kování;Dveře skleněné posuvné Design-Lux grafika KOL/008. Kategorie: Posuvné dveře Design-Lux. Orientační cena — finální nabídka podle rozměrů a provedení.;https://qubaglass.pl/environment/cache/images/productGfx_15239_700_700/KOL008-drzwi-szklane-design.jpg;Skleněné dveře|Posuvné dveře Design-Lux;Quba Glass;Quba Glass;visible;ks;product;Dveře skleněné posuvné Design-Lux grafika KOL/008;Dveře skleněné posuvné Design-Lux grafika KOL/008. Cena zahrnuje systém a kování;DRZWISZKLANEPRZESUWNEPRZESUWANEDESIGNLUXGRAFIKAKOL008
QG-0038;;Dveře skleněné posuvné Design-Lux grafika KOL/009;12405;8555;CZK;1;21;Dveře skleněné posuvné Design-Lux grafika KOL/009. Cena zahrnuje systém a kování;Dveře skleněné posuvné Design-Lux grafika KOL/009. Kategorie: Posuvné dveře Design-Lux. Orientační cena — finální nabídka podle rozměrů a provedení.;https://qubaglass.pl/environment/cache/images/productGfx_15241_700_700/drzwi-szklane.jpg;Skleněné dveře|Posuvné dveře Design-Lux;Quba Glass;Quba Glass;visible;ks;product;Dveře skleněné posuvné Design-Lux grafika KOL/009;Dveře skleněné posuvné Design-Lux grafika KOL/009. Cena zahrnuje systém a kování;DRZWISZKLANEPRZESUWNEPRZESUWANEDESIGNLUXGRAFIKAKOL009
QG-0039;;Dveře skleněné posuvné Design-Lux grafika KOL/010;12405;8555;CZK;1;21;Dveře skleněné posuvné Design-Lux grafika KOL/010. Cena zahrnuje systém a kování;Dveře skleněné posuvné Design-Lux grafika KOL/010. Kategorie: Posuvné dveře Design-Lux. Orientační cena — finální nabídka podle rozměrů a provedení.;https://qubaglass.pl/environment/cache/images/productGfx_15242_700_700/drzwi-szklane-qubaglass-z-grafika.jpg;Skleněné dveře|Posuvné dveře Design-Lux;Quba Glass;Quba Glass;visible;ks;product;Dveře skleněné posuvné Design-Lux grafika KOL/010;Dveře skleněné posuvné Design-Lux grafika KOL/010. Cena zahrnuje systém a kování;DRZWISZKLANEPRZESUWNEPRZESUWANEDESIGNLUXGRAFIKAKOL010
QG-0040;;Dveře skleněné posuvné Design-Lux grafika KOL/011;12405;8555;CZK;1;21;Dveře skleněné posuvné Design-Lux grafika KOL/011. Cena zahrnuje systém a kování;Dveře skleněné posuvné Design-Lux grafika KOL/011. Kategorie: Posuvné dveře Design-Lux. Orientační cena — finální nabídka podle rozměrů a provedení.;https://qubaglass.pl/environment/cache/images/productGfx_15243_700_700/KOL011-drzwi-szklane-qubaglass.jpg;Skleněné dveře|Posuvné dveře Design-Lux;Quba Glass;Quba Glass;visible;ks;product;Dveře skleněné posuvné Design-Lux grafika KOL/011;Dveře skleněné posuvné Design-Lux grafika KOL/011. Cena zahrnuje systém a kování;DRZWISZKLANEPRZESUWNEPRZESUWANEDESIGNLUXGRAFIKAKOL011
QG-0041;;Dveře skleněné posuvné Design-Lux grafika KOL/012;12405;8555;CZK;1;21;Dveře skleněné posuvné Design-Lux grafika KOL/012. Cena zahrnuje systém a kování;Dveře skleněné posuvné Design-Lux grafika KOL/012. Kategorie: Posuvné dveře Design-Lux. Orientační cena — finální nabídka podle rozměrů a provedení.;https://qubaglass.pl/environment/cache/images/productGfx_15244_700_700/KOL012-drzwi-szklane.jpg;Skleněné dveře|Posuvné dveře Design-Lux;Quba Glass;Quba Glass;visible;ks;product;Dveře skleněné posuvné Design-Lux grafika KOL/012;Dveře skleněné posuvné Design-Lux grafika KOL/012. Cena zahrnuje systém a kování;DRZWISZKLANEPRZESUWNEPRZESUWANEDESIGNLUXGRAFIKAKOL012
QG-0042;;Dveře skleněné posuvné Design-Lux grafika KOL/013;12405;8555;CZK;1;21;Dveře skleněné posuvné Design-Lux grafika KOL/013. Cena zahrnuje systém a kování;Dveře skleněné posuvné Design-Lux grafika KOL/013. Kategorie: Posuvné dveře Design-Lux. Orientační cena — finální nabídka podle rozměrů a provedení.;https://qubaglass.pl/environment/cache/images/productGfx_15245_700_700/drzwi-szklane-013-z-nadrukiem-qubaglass.jpg;Skleněné dveře|Posuvné dveře Design-Lux;Quba Glass;Quba Glass;visible;ks;product;Dveře skleněné posuvné Design-Lux grafika KOL/013;Dveře skleněné posuvné Design-Lux grafika KOL/013. Cena zahrnuje systém a kování;DRZWISZKLANEPRZESUWNEPRZESUWANEDESIGNLUXGRAFIKAKOL013
QG-0043;;Dveře skleněné posuvné Design-Lux grafika KOL/027;12405;8555;CZK;1;21;Dveře skleněné posuvné Design-Lux grafika KOL/027. Cena zahrnuje systém a kování;Dveře skleněné posuvné Design-Lux grafika KOL/027. Kategorie: Posuvné dveře Design-Lux. Orientační cena — finální nabídka podle rozměrů a provedení.;https://qubaglass.pl/environment/cache/images/productGfx_15246_700_700/drzwi-szklane-z-nadrukiem-qubaglass.jpg;Skleněné dveře|Posuvné dveře Design-Lux;Quba Glass;Quba Glass;visible;ks;product;Dveře skleněné posuvné Design-Lux grafika KOL/027;Dveře skleněné posuvné Design-Lux grafika KOL/027. Cena zahrnuje systém a kování;DRZWISZKLANEPRZESUWNEPRZESUWANEDESIGNLUXGRAFIKAKOL027
QG-0044;;Dveře skleněné posuvné Design-Lux grafika KOL/028;12405;8555;CZK;1;21;Dveře skleněné posuvné Design-Lux grafika KOL/028. Cena zahrnuje systém a kování;Dveře skleněné posuvné Design-Lux grafika KOL/028. Kategorie: Posuvné dveře Design-Lux. Orientační cena — finální nabídka podle rozměrů a provedení.;https://qubaglass.pl/environment/cache/images/productGfx_15247_700_700/drzwi-z-grafika-szklane-design.jpg;Skleněné dveře|Posuvné dveře Design-Lux;Quba Glass;Quba Glass;visible;ks;product;Dveře skleněné posuvné Design-Lux grafika KOL/028;Dveře skleněné posuvné Design-Lux grafika KOL/028. Cena zahrnuje systém a kování;DRZWISZKLANEPRZESUWNEPRZESUWANEDESIGNLUXGRAFIKAKOL028
QG-0045;;Dveře skleněné posuvné Design-Lux grafika KOL/031;12405;8555;CZK;1;21;Dveře skleněné posuvné Design-Lux grafika KOL/031. Cena zahrnuje systém a kování;Dveře skleněné posuvné Design-Lux grafika KOL/031. Kategorie: Posuvné dveře Design-Lux. Orientační cena — finální nabídka podle rozměrů a provedení.;https://qubaglass.pl/environment/cache/images/productGfx_15248_700_700/KOL031-drzwi-szklane-przesuwne-z-nadrukiem.jpg;Skleněné dveře|Posuvné dveře Design-Lux;Quba Glass;Quba Glass;visible;ks;product;Dveře skleněné posuvné Design-Lux grafika KOL/031;Dveře skleněné posuvné Design-Lux grafika KOL/031. Cena zahrnuje systém a kování;DRZWISZKLANEPRZESUWNEPRZESUWANEDESIGNLUXGRAFIKAKOL031
QG-0046;;Dveře skleněné posuvné Design-Lux grafika KOL/032;12405;8555;CZK;1;21;Dveře skleněné posuvné Design-Lux grafika KOL/032. Cena zahrnuje systém a kování;Dveře skleněné posuvné Design-Lux grafika KOL/032. Kategorie: Posuvné dveře Design-Lux. Orientační cena — finální nabídka podle rozměrů a provedení.;https://qubaglass.pl/environment/cache/images/productGfx_15249_700_700/KOL032-drzwi-szklane-przesuwne-z-nadrukiem.jpg;Skleněné dveře|Posuvné dveře Design-Lux;Quba Glass;Quba Glass;visible;ks;product;Dveře skleněné posuvné Design-Lux grafika KOL/032;Dveře skleněné posuvné Design-Lux grafika KOL/032. Cena zahrnuje systém a kování;DRZWISZKLANEPRZESUWNEPRZESUWANEDESIGNLUXGRAFIKAKOL032
QG-0047;;Dveře skleněné posuvné Design-Lux grafika KOL/038;12405;8555;CZK;1;21;Dveře skleněné posuvné Design-Lux grafika KOL/038. Cena zahrnuje systém a kování;Dveře skleněné posuvné Design-Lux grafika KOL/038. Kategorie: Posuvné dveře Design-Lux. Orientační cena — finální nabídka podle rozměrů a provedení.;https://qubaglass.pl/environment/cache/images/productGfx_15250_700_700/drzwi-z-nadrukiem-ze-szkla.jpg;Skleněné dveře|Posuvné dveře Design-Lux;Quba Glass;Quba Glass;visible;ks;product;Dveře skleněné posuvné Design-Lux grafika KOL/038;Dveře skleněné posuvné Design-Lux grafika KOL/038. Cena zahrnuje systém a kování;DRZWISZKLANEPRZESUWNEPRZESUWANEDESIGNLUXGRAFIKAKOL038
QG-0048;;Dveře skleněné posuvné Design-Lux grafika KOL/039;12405;8555;CZK;1;21;Dveře skleněné posuvné Design-Lux grafika KOL/039. Cena zahrnuje systém a kování;Dveře skleněné posuvné Design-Lux grafika KOL/039. Kategorie: Posuvné dveře Design-Lux. Orientační cena — finální nabídka podle rozměrů a provedení.;https://qubaglass.pl/environment/cache/images/productGfx_15251_700_700/drzwi-szklane-z-nadrukiem-qubaglass.jpg;Skleněné dveře|Posuvné dveře Design-Lux;Quba Glass;Quba Glass;visible;ks;product;Dveře skleněné posuvné Design-Lux grafika KOL/039;Dveře skleněné posuvné Design-Lux grafika KOL/039. Cena zahrnuje systém a kování;DRZWISZKLANEPRZESUWNEPRZESUWANEDESIGNLUXGRAFIKAKOL039
QG-0049;;Dveře skleněné posuvné Design-Lux grafika KOL/048;12405;8555;CZK;1;21;Dveře skleněné posuvné Design-Lux grafika KOL/048. Cena zahrnuje systém a kování;Dveře skleněné posuvné Design-Lux grafika KOL/048. Kategorie: Posuvné dveře Design-Lux. Orientační cena — finální nabídka podle rozměrů a provedení.;https://qubaglass.pl/environment/cache/images/productGfx_15198_700_700/048-drzwi-szklane-design-lux-z-nadrukiem.jpg;Skleněné dveře|Posuvné dveře Design-Lux;Quba Glass;Quba Glass;visible;ks;product;Dveře skleněné posuvné Design-Lux grafika KOL/048;Dveře skleněné posuvné Design-Lux grafika KOL/048. Cena zahrnuje systém a kování;DRZWISZKLANEPRZESUWNEPRZESUWANEDESIGNLUXGRAFIKAKOL048
QG-0050;;Dveře skleněné posuvné Design-Lux grafika KOL/050;12405;8555;CZK;1;21;Dveře skleněné posuvné Design-Lux grafika KOL/050. Cena zahrnuje systém a kování;Dveře skleněné posuvné Design-Lux grafika KOL/050. Kategorie: Posuvné dveře Design-Lux. Orientační cena — finální nabídka podle rozměrů a provedení.;https://qubaglass.pl/environment/cache/images/productGfx_15199_700_700/050-grafika-na-drzwiach-szklanych-qubaglass.jpg;Skleněné dveře|Posuvné dveře Design-Lux;Quba Glass;Quba Glass;visible;ks;product;Dveře skleněné posuvné Design-Lux grafika KOL/050;Dveře skleněné posuvné Design-Lux grafika KOL/050. Cena zahrnuje systém a kování;DRZWISZKLANEPRZESUWNEPRZESUWANEDESIGNLUXGRAFIKAKOL050
QG-0051;;Dveře skleněné posuvné Design-Lux grafika KOL/057;12405;8555;CZK;1;21;Dveře skleněné posuvné Design-Lux grafika KOL/057. Cena zahrnuje systém a kování;Dveře skleněné posuvné Design-Lux grafika KOL/057. Kategorie: Posuvné dveře Design-Lux. Orientační cena — finální nabídka podle rozměrů a provedení.;https://qubaglass.pl/environment/cache/images/productGfx_15201_700_700/057-drzwi-szklane-z-nadrukiem-na-szybie.jpg;Skleněné dveře|Posuvné dveře Design-Lux;Quba Glass;Quba Glass;visible;ks;product;Dveře skleněné posuvné Design-Lux grafika KOL/057;Dveře skleněné posuvné Design-Lux grafika KOL/057. Cena zahrnuje systém a kování;DRZWISZKLANEPRZESUWNEPRZESUWANEDESIGNLUXGRAFIKAKOL057
QG-0052;;Dveře skleněné posuvné Design-Lux grafika KOL/067;12405;8555;CZK;1;21;Dveře skleněné posuvné Design-Lux grafika KOL/067. Cena zahrnuje systém a kování;Dveře skleněné posuvné Design-Lux grafika KOL/067. Kategorie: Posuvné dveře Design-Lux. Orientační cena — finální nabídka podle rozměrů a provedení.;https://qubaglass.pl/environment/cache/images/productGfx_15167_700_700/drzwi-szklane-z-wzorem-z-nadrukiem-067.jpg;Skleněné dveře|Posuvné dveře Design-Lux;Quba Glass;Quba Glass;visible;ks;product;Dveře skleněné posuvné Design-Lux grafika KOL/067;Dveře skleněné posuvné Design-Lux grafika KOL/067. Cena zahrnuje systém a kování;DRZWISZKLANEPRZESUWNEPRZESUWANEDESIGNLUXGRAFIKAKOL067
QG-0053;;Dveře skleněné posuvné Design-Lux grafika KOL/071;12405;8555;CZK;1;21;Dveře skleněné posuvné Design-Lux grafika KOL/071. Cena zahrnuje systém a kování;Dveře skleněné posuvné Design-Lux grafika KOL/071. Kategorie: Posuvné dveře Design-Lux. Orientační cena — finální nabídka podle rozměrů a provedení.;https://qubaglass.pl/environment/cache/images/productGfx_15168_700_700/071-drzwi-szklane-z-nadrukiem-producent.jpg;Skleněné dveře|Posuvné dveře Design-Lux;Quba Glass;Quba Glass;visible;ks;product;Dveře skleněné posuvné Design-Lux grafika KOL/071;Dveře skleněné posuvné Design-Lux grafika KOL/071. Cena zahrnuje systém a kování;DRZWISZKLANEPRZESUWNEPRZESUWANEDESIGNLUXGRAFIKAKOL071
QG-0054;;Dveře skleněné posuvné Design-Lux grafika KOL/074;12405;8555;CZK;1;21;Dveře skleněné posuvné Design-Lux grafika KOL/074. Cena zahrnuje systém a kování;Dveře skleněné posuvné Design-Lux grafika KOL/074. Kategorie: Posuvné dveře Design-Lux. Orientační cena — finální nabídka podle rozměrů a provedení.;https://qubaglass.pl/environment/cache/images/productGfx_15202_700_700/074-drzwi-szklane-z-nadrukiem.jpg;Skleněné dveře|Posuvné dveře Design-Lux;Quba Glass;Quba Glass;visible;ks;product;Dveře skleněné posuvné Design-Lux grafika KOL/074;Dveře skleněné posuvné Design-Lux grafika KOL/074. Cena zahrnuje systém a kování;DRZWISZKLANEPRZESUWNEPRZESUWANEDESIGNLUXGRAFIKAKOL074
QG-0055;;Dveře skleněné posuvné Design-Lux grafika KOL/075;12405;8555;CZK;1;21;Dveře skleněné posuvné Design-Lux grafika KOL/075. Cena zahrnuje systém a kování;Dveře skleněné posuvné Design-Lux grafika KOL/075. Kategorie: Posuvné dveře Design-Lux. Orientační cena — finální nabídka podle rozměrů a provedení.;https://qubaglass.pl/environment/cache/images/productGfx_15203_700_700/075-drzwi-szklane-z-nadurkiem-design.jpg;Skleněné dveře|Posuvné dveře Design-Lux;Quba Glass;Quba Glass;visible;ks;product;Dveře skleněné posuvné Design-Lux grafika KOL/075;Dveře skleněné posuvné Design-Lux grafika KOL/075. Cena zahrnuje systém a kování;DRZWISZKLANEPRZESUWNEPRZESUWANEDESIGNLUXGRAFIKAKOL075
QG-0056;;Dveře skleněné posuvné Design-Lux grafika KOL/097;12405;8555;CZK;1;21;Dveře skleněné posuvné Design-Lux grafika KOL/097. Cena zahrnuje systém a kování;Dveře skleněné posuvné Design-Lux grafika KOL/097. Kategorie: Posuvné dveře Design-Lux. Orientační cena — finální nabídka podle rozměrů a provedení.;https://qubaglass.pl/environment/cache/images/productGfx_15204_700_700/097-szklane-drzwi-z-nadrukiem.jpg;Skleněné dveře|Posuvné dveře Design-Lux;Quba Glass;Quba Glass;visible;ks;product;Dveře skleněné posuvné Design-Lux grafika KOL/097;Dveře skleněné posuvné Design-Lux grafika KOL/097. Cena zahrnuje systém a kování;DRZWISZKLANEPRZESUWNEPRZESUWANEDESIGNLUXGRAFIKAKOL097
QG-0057;;Dveře skleněné posuvné Design-Lux grafika KOL/098;12405;8555;CZK;1;21;Dveře skleněné posuvné Design-Lux grafika KOL/098. Cena zahrnuje systém a kování;Dveře skleněné posuvné Design-Lux grafika KOL/098. Kategorie: Posuvné dveře Design-Lux. Orientační cena — finální nabídka podle rozměrů a provedení.;https://qubaglass.pl/environment/cache/images/productGfx_15205_700_700/098-drzwi-szklane-z-nadrukiem.jpg;Skleněné dveře|Posuvné dveře Design-Lux;Quba Glass;Quba Glass;visible;ks;product;Dveře skleněné posuvné Design-Lux grafika KOL/098;Dveře skleněné posuvné Design-Lux grafika KOL/098. Cena zahrnuje systém a kování;DRZWISZKLANEPRZESUWNEPRZESUWANEDESIGNLUXGRAFIKAKOL098
QG-0058;;Dveře skleněné posuvné Design-Lux grafika KOL/099;12405;8555;CZK;1;21;Dveře skleněné posuvné Design-Lux grafika KOL/099. Cena zahrnuje systém a kování;Dveře skleněné posuvné Design-Lux grafika KOL/099. Kategorie: Posuvné dveře Design-Lux. Orientační cena — finální nabídka podle rozměrů a provedení.;https://qubaglass.pl/environment/cache/images/productGfx_15206_700_700/099-drzwi-design-z-nadrukiem.jpg;Skleněné dveře|Posuvné dveře Design-Lux;Quba Glass;Quba Glass;visible;ks;product;Dveře skleněné posuvné Design-Lux grafika KOL/099;Dveře skleněné posuvné Design-Lux grafika KOL/099. Cena zahrnuje systém a kování;DRZWISZKLANEPRZESUWNEPRZESUWANEDESIGNLUXGRAFIKAKOL099
QG-0059;;Dveře skleněné posuvné Design-Lux grafika KOL/108;12405;8555;CZK;1;21;Dveře skleněné posuvné Design-Lux grafika KOL/108. Cena zahrnuje systém a kování;Dveře skleněné posuvné Design-Lux grafika KOL/108. Kategorie: Posuvné dveře Design-Lux. Orientační cena — finální nabídka podle rozměrů a provedení.;https://qubaglass.pl/environment/cache/images/productGfx_15207_700_700/108-DRZWI-SZKLANE-design.jpg;Skleněné dveře|Posuvné dveře Design-Lux;Quba Glass;Quba Glass;visible;ks;product;Dveře skleněné posuvné Design-Lux grafika KOL/108;Dveře skleněné posuvné Design-Lux grafika KOL/108. Cena zahrnuje systém a kování;DRZWISZKLANEPRZESUWNEPRZESUWANEDESIGNLUXGRAFIKAKOL108
QG-0060;;Dveře skleněné posuvné Design-Lux podwójne čiré;22118;15254;CZK;1;21;Dveře skleněné posuvné Design-Lux podwójne čiré. Cena zahrnuje systém a kování;Dveře skleněné posuvné Design-Lux podwójne čiré. Kategorie: Posuvné dveře Design-Lux. Orientační cena — finální nabídka podle rozměrů a provedení.;https://qubaglass.pl/environment/cache/images/productGfx_15270_700_700/bezbarwne-drzwi-szklane-design-lux.jpg;Skleněné dveře|Posuvné dveře Design-Lux;Quba Glass;Quba Glass;visible;ks;product;Dveře skleněné posuvné Design-Lux podwójne čiré;Dveře skleněné posuvné Design-Lux podwójne čiré. Cena zahrnuje systém a kování;DRZWISZKLANEPRZESUWNEPRZESUWANEDESIGNLUXPODWOJNEBEZBARWNE
QG-0061;;Dveře skleněné posuvné Design-Lux podwójne grafika KOL/093;26323;18154;CZK;1;21;Dveře skleněné posuvné Design-Lux podwójne grafika KOL/093. Cena zahrnuje systém a kování;Dveře skleněné posuvné Design-Lux podwójne grafika KOL/093. Kategorie: Posuvné dveře Design-Lux. Orientační cena — finální nabídka podle rozměrů a provedení.;https://qubaglass.pl/environment/cache/images/productGfx_15271_700_700/drzwi-szklane-podowjne-beton-wzor-betonu.jpg;Skleněné dveře|Posuvné dveře Design-Lux;Quba Glass;Quba Glass;visible;ks;product;Dveře skleněné posuvné Design-Lux podwójne grafika KOL/093;Dveře skleněné posuvné Design-Lux podwójne grafika KOL/093. Cena zahrnuje systém a kování;DRZWISZKLANEPRZESUWNEPRZESUWANEDESIGNLUXPODWOJNEGRAFIKAKOL093
QG-0062;;Dveře skleněné posuvné Design-Lux podwójne grafika KOL/094;26323;18154;CZK;1;21;Dveře skleněné posuvné Design-Lux podwójne grafika KOL/094. Cena zahrnuje systém a kování;Dveře skleněné posuvné Design-Lux podwójne grafika KOL/094. Kategorie: Posuvné dveře Design-Lux. Orientační cena — finální nabídka podle rozměrů a provedení.;https://qubaglass.pl/environment/cache/images/productGfx_15272_700_700/drzwi-szklane-podwoje-beton-wzor-betonowy-ciemne.jpg;Skleněné dveře|Posuvné dveře Design-Lux;Quba Glass;Quba Glass;visible;ks;product;Dveře skleněné posuvné Design-Lux podwójne grafika KOL/094;Dveře skleněné posuvné Design-Lux podwójne grafika KOL/094. Cena zahrnuje systém a kování;DRZWISZKLANEPRZESUWNEPRZESUWANEDESIGNLUXPODWOJNEGRAFIKAKOL094
QG-0063;;Dveře skleněné posuvné Design-Lux podwójne laminované bílé;29687;20474;CZK;1;21;Dveře skleněné posuvné Design-Lux podwójne laminované bílé. Cena zahrnuje systém a kování;Dveře skleněné posuvné Design-Lux podwójne laminované bílé. Kategorie: Posuvné dveře Design-Lux. Orientační cena — finální nabídka podle rozměrů a provedení.;https://qubaglass.pl/environment/cache/images/productGfx_15263_700_700/drzwi-biale-podwojne-design-lux.jpg;Skleněné dveře|Posuvné dveře Design-Lux;Quba Glass;Quba Glass;visible;ks;product;Dveře skleněné posuvné Design-Lux podwójne laminované bílé;Dveře skleněné posuvné Design-Lux podwójne laminované bílé. Cena zahrnuje systém a kování;DRZWISZKLANEPRZESUWNEPRZESUWANEDESIGNLUXPODWOJNELAMINOWANEBIALE
QG-0064;;Dveře skleněné posuvné Design-Lux podwójne laminované černé;26323;18154;CZK;1;21;Dveře skleněné posuvné Design-Lux podwójne laminované černé. Cena zahrnuje systém a kování;Dveře skleněné posuvné Design-Lux podwójne laminované černé. Kategorie: Posuvné dveře Design-Lux. Orientační cena — finální nabídka podle rozměrů a provedení.;https://qubaglass.pl/environment/cache/images/productGfx_15267_700_700/drzwi-szklane-design-czarne-podwojne.jpg;Skleněné dveře|Posuvné dveře Design-Lux;Quba Glass;Quba Glass;visible;ks;product;Dveře skleněné posuvné Design-Lux podwójne laminované černé;Dveře skleněné posuvné Design-Lux podwójne laminované černé. Cena zahrnuje systém a kování;DRZWISZKLANEPRZESUWNEPRZESUWANEDESIGNLUXPODWOJNELAMINOWANECZARNE
QG-0065;;Dveře skleněné posuvné Design-Lux podwójne matné;23800;16414;CZK;1;21;Dveře skleněné posuvné Design-Lux podwójne matné. Cena zahrnuje systém a kování;Dveře skleněné posuvné Design-Lux podwójne matné. Kategorie: Posuvné dveře Design-Lux. Orientační cena — finální nabídka podle rozměrů a provedení.;https://qubaglass.pl/environment/cache/images/productGfx_15268_700_700/matowe-drzwi-podojne-design.jpg;Skleněné dveře|Posuvné dveře Design-Lux;Quba Glass;Quba Glass;visible;ks;product;Dveře skleněné posuvné Design-Lux podwójne matné;Dveře skleněné posuvné Design-Lux podwójne matné. Cena zahrnuje systém a kování;DRZWISZKLANEPRZESUWNEPRZESUWANEDESIGNLUXPODWOJNEMATOWE
QG-0066;;Dveře skleněné posuvné Design-Lux podwójne vzor paski 1.2;24641;16994;CZK;1;21;Dveře skleněné posuvné Design-Lux podwójne vzor paski 1.2. Cena zahrnuje systém a kování;Dveře skleněné posuvné Design-Lux podwójne vzor paski 1.2. Kategorie: Posuvné dveře Design-Lux. Orientační cena — finální nabídka podle rozměrů a provedení.;https://qubaglass.pl/environment/cache/images/productGfx_15266_700_700/drzwi-paski-szklane-design.jpg;Skleněné dveře|Posuvné dveře Design-Lux;Quba Glass;Quba Glass;visible;ks;product;Dveře skleněné posuvné Design-Lux podwójne vzor paski 1.2;Dveře skleněné posuvné Design-Lux podwójne vzor paski 1.2. Cena zahrnuje systém a kování;DRZWISZKLANEPRZESUWNEPRZESUWANEDESIGNLUXPODWOJNEWZORPASKI12
QG-0067;;Dveře skleněné posuvné Design-Lux podwójne vzor pasy 1.1;23800;16414;CZK;1;21;Dveře skleněné posuvné Design-Lux podwójne vzor pasy 1.1. Cena zahrnuje systém a kování;Dveře skleněné posuvné Design-Lux podwójne vzor pasy 1.1. Kategorie: Posuvné dveře Design-Lux. Orientační cena — finální nabídka podle rozměrů a provedení.;https://qubaglass.pl/environment/cache/images/productGfx_15261_700_700/drzwi-szklane-podwojne-pasy-qubaglass.jpg;Skleněné dveře|Posuvné dveře Design-Lux;Quba Glass;Quba Glass;visible;ks;product;Dveře skleněné posuvné Design-Lux podwójne vzor pasy 1.1;Dveře skleněné posuvné Design-Lux podwójne vzor pasy 1.1. Cena zahrnuje systém a kování;DRZWISZKLANEPRZESUWNEPRZESUWANEDESIGNLUXPODWOJNEWZORPASY11
QG-0068;;Dveře skleněné posuvné Design-Lux vzor Q-001;15054;10382;CZK;1;21;Dveře skleněné posuvné Design-Lux vzor Q-001. Cena zahrnuje systém a kování;Dveře skleněné posuvné Design-Lux vzor Q-001. Kategorie: Posuvné dveře Design-Lux. Orientační cena — finální nabídka podle rozměrů a provedení.;https://qubaglass.pl/environment/cache/images/productGfx_15183_700_700/drzwi-design-lux-przesuwne-Q-001-wzor.jpg;Skleněné dveře|Posuvné dveře Design-Lux;Quba Glass;Quba Glass;visible;ks;product;Dveře skleněné posuvné Design-Lux vzor Q-001;Dveře skleněné posuvné Design-Lux vzor Q-001. Cena zahrnuje systém a kování;DRZWISZKLANEPRZESUWNEPRZESUWANEDESIGNLUXWZORQ001
QG-0069;;Dveře skleněné posuvné Design-Lux vzor Q-006;12951;8932;CZK;1;21;Dveře skleněné posuvné Design-Lux vzor Q-006. Cena zahrnuje systém a kování;Dveře skleněné posuvné Design-Lux vzor Q-006. Kategorie: Posuvné dveře Design-Lux. Orientační cena — finální nabídka podle rozměrů a provedení.;https://qubaglass.pl/environment/cache/images/productGfx_15184_700_700/drzwi-szklane-przesuwne-design-wzor-q-006.jpg;Skleněné dveře|Posuvné dveře Design-Lux;Quba Glass;Quba Glass;visible;ks;product;Dveře skleněné posuvné Design-Lux vzor Q-006;Dveře skleněné posuvné Design-Lux vzor Q-006. Cena zahrnuje systém a kování;DRZWISZKLANEPRZESUWNEPRZESUWANEDESIGNLUXWZORQ006
QG-0070;;Dveře skleněné posuvné Design-Lux vzor Q-008;15054;10382;CZK;1;21;Dveře skleněné posuvné Design-Lux vzor Q-008. Cena zahrnuje systém a kování;Dveře skleněné posuvné Design-Lux vzor Q-008. Kategorie: Posuvné dveře Design-Lux. Orientační cena — finální nabídka podle rozměrů a provedení.;https://qubaglass.pl/environment/cache/images/productGfx_15185_700_700/drzwi-szklane-design-lux-wzor-Q-008.jpg;Skleněné dveře|Posuvné dveře Design-Lux;Quba Glass;Quba Glass;visible;ks;product;Dveře skleněné posuvné Design-Lux vzor Q-008;Dveře skleněné posuvné Design-Lux vzor Q-008. Cena zahrnuje systém a kování;DRZWISZKLANEPRZESUWNEPRZESUWANEDESIGNLUXWZORQ008
QG-0071;;Dveře skleněné posuvné Design-Lux vzor Q-010;13372;9222;CZK;1;21;Dveře skleněné posuvné Design-Lux vzor Q-010. Cena zahrnuje systém a kování;Dveře skleněné posuvné Design-Lux vzor Q-010. Kategorie: Posuvné dveře Design-Lux. Orientační cena — finální nabídka podle rozměrů a provedení.;https://qubaglass.pl/environment/cache/images/productGfx_15186_700_700/drzwi-szklane-Q-010-przesuwne-design-lux.jpg;Skleněné dveře|Posuvné dveře Design-Lux;Quba Glass;Quba Glass;visible;ks;product;Dveře skleněné posuvné Design-Lux vzor Q-010;Dveře skleněné posuvné Design-Lux vzor Q-010. Cena zahrnuje systém a kování;DRZWISZKLANEPRZESUWNEPRZESUWANEDESIGNLUXWZORQ010
QG-0072;;Dveře skleněné posuvné Design-Lux vzor Q-011;12951;8932;CZK;1;21;Dveře skleněné posuvné Design-Lux vzor Q-011. Cena zahrnuje systém a kování;Dveře skleněné posuvné Design-Lux vzor Q-011. Kategorie: Posuvné dveře Design-Lux. Orientační cena — finální nabídka podle rozměrů a provedení.;https://qubaglass.pl/environment/cache/images/productGfx_15187_700_700/Q-011-drzwi-szklane-design-lux-przesuwne.jpg;Skleněné dveře|Posuvné dveře Design-Lux;Quba Glass;Quba Glass;visible;ks;product;Dveře skleněné posuvné Design-Lux vzor Q-011;Dveře skleněné posuvné Design-Lux vzor Q-011. Cena zahrnuje systém a kování;DRZWISZKLANEPRZESUWNEPRZESUWANEDESIGNLUXWZORQ011
QG-0073;;Dveře skleněné posuvné Design-Lux vzor Q-013;12951;8932;CZK;1;21;Dveře skleněné posuvné Design-Lux vzor Q-013. Cena zahrnuje systém a kování;Dveře skleněné posuvné Design-Lux vzor Q-013. Kategorie: Posuvné dveře Design-Lux. Orientační cena — finální nabídka podle rozměrů a provedení.;https://qubaglass.pl/environment/cache/images/productGfx_15188_700_700/Q-013-drzwi-szklane-z-wzorem-matowym.jpg;Skleněné dveře|Posuvné dveře Design-Lux;Quba Glass;Quba Glass;visible;ks;product;Dveře skleněné posuvné Design-Lux vzor Q-013;Dveře skleněné posuvné Design-Lux vzor Q-013. Cena zahrnuje systém a kování;DRZWISZKLANEPRZESUWNEPRZESUWANEDESIGNLUXWZORQ013
QG-0074;;Dveře skleněné posuvné Design-Lux vzor Q-014;12951;8932;CZK;1;21;Dveře skleněné posuvné Design-Lux vzor Q-014. Cena zahrnuje systém a kování;Dveře skleněné posuvné Design-Lux vzor Q-014. Kategorie: Posuvné dveře Design-Lux. Orientační cena — finální nabídka podle rozměrů a provedení.;https://qubaglass.pl/environment/cache/images/productGfx_15192_700_700/Q-014-drzwi-szklane-przesuwne.jpg;Skleněné dveře|Posuvné dveře Design-Lux;Quba Glass;Quba Glass;visible;ks;product;Dveře skleněné posuvné Design-Lux vzor Q-014;Dveře skleněné posuvné Design-Lux vzor Q-014. Cena zahrnuje systém a kování;DRZWISZKLANEPRZESUWNEPRZESUWANEDESIGNLUXWZORQ014
QG-0075;;Dveře skleněné posuvné Design-Lux vzor Q-017;12951;8932;CZK;1;21;Dveře skleněné posuvné Design-Lux vzor Q-017. Cena zahrnuje systém a kování;Dveře skleněné posuvné Design-Lux vzor Q-017. Kategorie: Posuvné dveře Design-Lux. Orientační cena — finální nabídka podle rozměrů a provedení.;https://qubaglass.pl/environment/cache/images/productGfx_15193_700_700/Q-017-drzwi-szklane-przesuwne-design.jpg;Skleněné dveře|Posuvné dveře Design-Lux;Quba Glass;Quba Glass;visible;ks;product;Dveře skleněné posuvné Design-Lux vzor Q-017;Dveře skleněné posuvné Design-Lux vzor Q-017. Cena zahrnuje systém a kování;DRZWISZKLANEPRZESUWNEPRZESUWANEDESIGNLUXWZORQ017
QG-0076;;Dveře skleněné posuvné Design-Lux vzor Q-019;12951;8932;CZK;1;21;Dveře skleněné posuvné Design-Lux vzor Q-019. Cena zahrnuje systém a kování;Dveře skleněné posuvné Design-Lux vzor Q-019. Kategorie: Posuvné dveře Design-Lux. Orientační cena — finální nabídka podle rozměrů a provedení.;https://qubaglass.pl/environment/cache/images/productGfx_15190_700_700/Q-019-szklane-drzwi-przesuwne.jpg;Skleněné dveře|Posuvné dveře Design-Lux;Quba Glass;Quba Glass;visible;ks;product;Dveře skleněné posuvné Design-Lux vzor Q-019;Dveře skleněné posuvné Design-Lux vzor Q-019. Cena zahrnuje systém a kování;DRZWISZKLANEPRZESUWNEPRZESUWANEDESIGNLUXWZORQ019
QG-0077;;Dveře skleněné posuvné Design-Lux vzor Q-023;12951;8932;CZK;1;21;Dveře skleněné posuvné Design-Lux vzor Q-023. Cena zahrnuje systém a kování;Dveře skleněné posuvné Design-Lux vzor Q-023. Kategorie: Posuvné dveře Design-Lux. Orientační cena — finální nabídka podle rozměrů a provedení.;https://qubaglass.pl/environment/cache/images/productGfx_15191_700_700/Q-023-drzwi-szklane-z-wzorem-matowym-qubaglas.jpg;Skleněné dveře|Posuvné dveře Design-Lux;Quba Glass;Quba Glass;visible;ks;product;Dveře skleněné posuvné Design-Lux vzor Q-023;Dveře skleněné posuvné Design-Lux vzor Q-023. Cena zahrnuje systém a kování;DRZWISZKLANEPRZESUWNEPRZESUWANEDESIGNLUXWZORQ023
QG-0078;;Dveře skleněné posuvné Design-Lux vzor Q-026;12951;8932;CZK;1;21;Dveře skleněné posuvné Design-Lux vzor Q-026. Cena zahrnuje systém a kování;Dveře skleněné posuvné Design-Lux vzor Q-026. Kategorie: Posuvné dveře Design-Lux. Orientační cena — finální nabídka podle rozměrů a provedení.;https://qubaglass.pl/environment/cache/images/productGfx_15195_700_700/Q-026-drzwi.jpg;Skleněné dveře|Posuvné dveře Design-Lux;Quba Glass;Quba Glass;visible;ks;product;Dveře skleněné posuvné Design-Lux vzor Q-026;Dveře skleněné posuvné Design-Lux vzor Q-026. Cena zahrnuje systém a kování;DRZWISZKLANEPRZESUWNEPRZESUWANEDESIGNLUXWZORQ026
QG-0079;;Dveře skleněné posuvné Design-Lux vzor Q-035;12951;8932;CZK;1;21;Dveře skleněné posuvné Design-Lux vzor Q-035. Cena zahrnuje systém a kování;Dveře skleněné posuvné Design-Lux vzor Q-035. Kategorie: Posuvné dveře Design-Lux. Orientační cena — finální nabídka podle rozměrů a provedení.;https://qubaglass.pl/environment/cache/images/productGfx_15196_700_700/Q-035-drzwi-szklane.jpg;Skleněné dveře|Posuvné dveře Design-Lux;Quba Glass;Quba Glass;visible;ks;product;Dveře skleněné posuvné Design-Lux vzor Q-035;Dveře skleněné posuvné Design-Lux vzor Q-035. Cena zahrnuje systém a kování;DRZWISZKLANEPRZESUWNEPRZESUWANEDESIGNLUXWZORQ035
QG-0080;;Dveře skleněné posuvné Design-Lux vzor Q-041;12951;8932;CZK;1;21;Dveře skleněné posuvné Design-Lux vzor Q-041. Cena zahrnuje systém a kování;Dveře skleněné posuvné Design-Lux vzor Q-041. Kategorie: Posuvné dveře Design-Lux. Orientační cena — finální nabídka podle rozměrů a provedení.;https://qubaglass.pl/environment/cache/images/productGfx_15197_700_700/Q-041-drzwi-design-z-wzorem.jpg;Skleněné dveře|Posuvné dveře Design-Lux;Quba Glass;Quba Glass;visible;ks;product;Dveře skleněné posuvné Design-Lux vzor Q-041;Dveře skleněné posuvné Design-Lux vzor Q-041. Cena zahrnuje systém a kování;DRZWISZKLANEPRZESUWNEPRZESUWANEDESIGNLUXWZORQ041
QG-0081;;Dveře skleněné posuvné Ultra Slim dorma MUTO matné do sufitu;17661;12180;CZK;1;21;Dveře skleněné posuvné Ultra Slim dorma MUTO matné do sufitu. Cena zahrnuje systém a kování;Dveře skleněné posuvné Ultra Slim dorma MUTO matné do sufitu. Kategorie: Posuvné dveře Ultra Slim. Orientační cena — finální nabídka podle rozměrů a provedení.;https://qubaglass.pl/environment/cache/images/productGfx_15448_700_700/drzwi-szklane-ultra-slim-matowe-przesuwne.jpg;Skleněné dveře|Posuvné dveře Ultra Slim;Quba Glass;Quba Glass;visible;ks;product;Dveře skleněné posuvné Ultra Slim dorma MUTO matné do sufitu;Dveře skleněné posuvné Ultra Slim dorma MUTO matné do sufitu. Cena zahrnuje systém a kování;DRZWISZKLANEPRZESUWNEPRZESUWANEULTRASLIMDORMAMUTOMATOWEDOSUFITU
QG-0082;;Dveře skleněné posuvné Ultra Slim dorma MUTO čiré do sufitu;16147;11136;CZK;1;21;Dveře skleněné posuvné Ultra Slim dorma MUTO čiré do sufitu. Cena zahrnuje systém a kování;Dveře skleněné posuvné Ultra Slim dorma MUTO čiré do sufitu. Kategorie: Posuvné dveře Ultra Slim. Orientační cena — finální nabídka podle rozměrů a provedení.;https://qubaglass.pl/environment/cache/images/productGfx_15449_700_700/drzwi-szklane-ultra-slim-bezbarwne-qubaglass.jpg;Skleněné dveře|Posuvné dveře Ultra Slim;Quba Glass;Quba Glass;visible;ks;product;Dveře skleněné posuvné Ultra Slim dorma MUTO čiré do sufitu;Dveře skleněné posuvné Ultra Slim dorma MUTO čiré do sufitu. Cena zahrnuje systém a kování;DRZWISZKLANEPRZESUWNEPRZESUWANEULTRASLIMDORMAMUTOBEZBARWNEDOSUFI
QG-0083;;Dveře skleněné posuvné Ultra Slim dorma MUTO DO SUFITU hnědé čiré;18166;12528;CZK;1;21;Dveře skleněné posuvné Ultra Slim dorma MUTO DO SUFITU hnědé čiré. Cena zahrnuje systém a kování;Dveře skleněné posuvné Ultra Slim dorma MUTO DO SUFITU hnědé čiré. Kategorie: Posuvné dveře Ultra Slim. Orientační cena — finální nabídka podle rozměrů a provedení.;https://qubaglass.pl/environment/cache/images/productGfx_15450_700_700/drzwi-szklane-ultra-slim-brazowe-dorma-muto.jpg;Skleněné dveře|Posuvné dveře Ultra Slim;Quba Glass;Quba Glass;visible;ks;product;Dveře skleněné posuvné Ultra Slim dorma MUTO DO SUFITU hnědé čiré;Dveře skleněné posuvné Ultra Slim dorma MUTO DO SUFITU hnědé čiré. Cena zahrnuje systém a kování;DRZWISZKLANEPRZESUWNEPRZESUWANEULTRASLIMDORMAMUTODOSUFITUBRAZOWE
QG-0084;;Dveře skleněné posuvné Ultra Slim dorma MUTO DO SUFITU grafitové čiré;18166;12528;CZK;1;21;Dveře skleněné posuvné Ultra Slim dorma MUTO DO SUFITU grafitové čiré. Cena zahrnuje systém a kování;Dveře skleněné posuvné Ultra Slim dorma MUTO DO SUFITU grafitové čiré. Kategorie: Posuvné dveře Ultra Slim. Orientační cena — finální nabídka podle rozměrů a provedení.;https://qubaglass.pl/environment/cache/images/productGfx_15451_700_700/drzwi-ultra-slim-szklane-grafitowe-bezbarwne-dorma-muto.jpg;Skleněné dveře|Posuvné dveře Ultra Slim;Quba Glass;Quba Glass;visible;ks;product;Dveře skleněné posuvné Ultra Slim dorma MUTO DO SUFITU grafitové čiré;Dveře skleněné posuvné Ultra Slim dorma MUTO DO SUFITU grafitové čiré. Cena zahrnuje systém a kování;DRZWISZKLANEPRZESUWNEPRZESUWANEULTRASLIMDORMAMUTODOSUFITUGRAFITO
QG-0085;;Dveře skleněné posuvné Ultra Slim dorma MUTO TYPOWE čiré naścienne;14886;10266;CZK;1;21;Dveře skleněné posuvné Ultra Slim dorma MUTO TYPOWE čiré naścienne. Cena zahrnuje systém a kování;Dveře skleněné posuvné Ultra Slim dorma MUTO TYPOWE čiré naścienne. Kategorie: Posuvné dveře Ultra Slim. Orientační cena — finální nabídka podle rozměrů a provedení.;https://qubaglass.pl/environment/cache/images/productGfx_15440_700_700/drzwi-dorma-ultra-slim-nascienne.jpg;Skleněné dveře|Posuvné dveře Ultra Slim;Quba Glass;Quba Glass;visible;ks;product;Dveře skleněné posuvné Ultra Slim dorma MUTO TYPOWE čiré naścienne;Dveře skleněné posuvné Ultra Slim dorma MUTO TYPOWE čiré naścienne. Cena zahrnuje systém a kování;DRZWISZKLANEPRZESUWNEULTRASLIMDORMAMUTOTYPOWEBEZBARWNENASCIENNE
QG-0086;;Dveře skleněné posuvné Ultra Slim dorma MUTO TYPOWE matné naścienne;16400;11310;CZK;1;21;Dveře skleněné posuvné Ultra Slim dorma MUTO TYPOWE matné naścienne. Cena zahrnuje systém a kování;Dveře skleněné posuvné Ultra Slim dorma MUTO TYPOWE matné naścienne. Kategorie: Posuvné dveře Ultra Slim. Orientační cena — finální nabídka podle rozměrů a provedení.;https://qubaglass.pl/environment/cache/images/productGfx_15439_700_700/drzwi-szklane-ultra-slim-matowe-qubaglass-dorma.jpg;Skleněné dveře|Posuvné dveře Ultra Slim;Quba Glass;Quba Glass;visible;ks;product;Dveře skleněné posuvné Ultra Slim dorma MUTO TYPOWE matné naścienne;Dveře skleněné posuvné Ultra Slim dorma MUTO TYPOWE matné naścienne. Cena zahrnuje systém a kování;DRZWISZKLANEPRZESUWNEPRZESUWANEULTRASLIMDORMAMUTOTYPOWEMATOWENAS
QG-0087;;Dveře skleněné posuvné Ultra Slim dorma MUTO TYPOWE grafitové naścienne;16904;11658;CZK;1;21;Dveře skleněné posuvné Ultra Slim dorma MUTO TYPOWE grafitové naścienne. Cena zahrnuje systém a kování;Dveře skleněné posuvné Ultra Slim dorma MUTO TYPOWE grafitové naścienne. Kategorie: Posuvné dveře Ultra Slim. Orientační cena — finální nabídka podle rozměrů a provedení.;https://qubaglass.pl/environment/cache/images/productGfx_15438_700_700/drzwi-szklane-ultra-slim-grafitowe-bezbarwne-nascienne.jpg;Skleněné dveře|Posuvné dveře Ultra Slim;Quba Glass;Quba Glass;visible;ks;product;Dveře skleněné posuvné Ultra Slim dorma MUTO TYPOWE grafitové naścienne;Dveře skleněné posuvné Ultra Slim dorma MUTO TYPOWE grafitové naścienne. Cena zahrnuje systém a kování;DRZWISZKLANEPRZESUWNEULTRASLIMDORMAMUTOTYPOWEGRAFITOWENASCIENNE
QG-0088;;Dveře skleněné posuvné Ultra Slim dorma MUTO TYPOWE matné grafitové naścienne;18922;13050;CZK;1;21;Dveře skleněné posuvné Ultra Slim dorma MUTO TYPOWE matné grafitové naścienne. Cena zahrnuje systém a kování;Dveře skleněné posuvné Ultra Slim dorma MUTO TYPOWE matné grafitové naścienne. Kategorie: Posuvné dveře Ultra Slim. Orientační cena — finální nabídka podle rozměrů a provedení.;https://qubaglass.pl/environment/cache/images/productGfx_15437_700_700/drzwi-szklane-grafitowe-ultra-slim-przesuwne.jpg;Skleněné dveře|Posuvné dveře Ultra Slim;Quba Glass;Quba Glass;visible;ks;product;Dveře skleněné posuvné Ultra Slim dorma MUTO TYPOWE matné grafitové naścienne;Dveře skleněné posuvné Ultra Slim dorma MUTO TYPOWE matné grafitové naścienne. Cena zahrnuje systém a kování;DRZWISZKLANEPRZESUWNEULTRASLIMDORMAMUTOTYPOWEMATOWEGRAFITOWENASC
QG-0089;;Dveře skleněné posuvné Ultra Slim dorma MUTO TYPOWE hnědé čiré naścienne;16904;11658;CZK;1;21;Dveře skleněné posuvné Ultra Slim dorma MUTO TYPOWE hnědé čiré naścienne. Cena zahrnuje systém a kování;Dveře skleněné posuvné Ultra Slim dorma MUTO TYPOWE hnědé čiré naścienne. Kategorie: Posuvné dveře Ultra Slim. Orientační cena — finální nabídka podle rozměrů a provedení.;https://qubaglass.pl/environment/cache/images/productGfx_15436_700_700/drzwi-szklane-przesuwne-ultra-slim-brazowe-bezbarwne.jpg;Skleněné dveře|Posuvné dveře Ultra Slim;Quba Glass;Quba Glass;visible;ks;product;Dveře skleněné posuvné Ultra Slim dorma MUTO TYPOWE hnědé čiré naścienne;Dveře skleněné posuvné Ultra Slim dorma MUTO TYPOWE hnědé čiré naścienne. Cena zahrnuje systém a kování;DRZWISZKLANEPRZESUWNEULTRASLIMDORMAMUTOTYPOWEBRAZOWEBEZBARWNENAS
QG-0090;;Dveře skleněné posuvné Ultra Slim dorma MUTO TYPOWE matné hnědé naścienne;18922;13050;CZK;1;21;Dveře skleněné posuvné Ultra Slim dorma MUTO TYPOWE matné hnědé naścienne. Cena zahrnuje systém a kování;Dveře skleněné posuvné Ultra Slim dorma MUTO TYPOWE matné hnědé naścienne. Kategorie: Posuvné dveře Ultra Slim. Orientační cena — finální nabídka podle rozměrů a provedení.;https://qubaglass.pl/environment/cache/images/productGfx_15435_700_700/drzwi-szklane-ultra-slim-szklo-brazowe.jpg;Skleněné dveře|Posuvné dveře Ultra Slim;Quba Glass;Quba Glass;visible;ks;product;Dveře skleněné posuvné Ultra Slim dorma MUTO TYPOWE matné hnědé naścienne;Dveře skleněné posuvné Ultra Slim dorma MUTO TYPOWE matné hnědé naścienne. Cena zahrnuje systém a kování;DRZWISZKLANEPRZESUWNEULTRASLIMDORMAMUTOTYPOWEMATOWEBRAZOWENASCIE
QG-0091;;Dveře skleněné posuvné Ultra Slim dorma MUTO TYPOWE PASY 1.1 naścienne;16147;11136;CZK;1;21;Dveře skleněné posuvné Ultra Slim dorma MUTO TYPOWE PASY 1.1 naścienne. Cena zahrnuje systém a kování;Dveře skleněné posuvné Ultra Slim dorma MUTO TYPOWE PASY 1.1 naścienne. Kategorie: Posuvné dveře Ultra Slim. Orientační cena — finální nabídka podle rozměrů a provedení.;https://qubaglass.pl/environment/cache/images/productGfx_15434_700_700/drzwi-szklane-ultra-slim-z-pasami-pasy-1.jpg;Skleněné dveře|Posuvné dveře Ultra Slim;Quba Glass;Quba Glass;visible;ks;product;Dveře skleněné posuvné Ultra Slim dorma MUTO TYPOWE PASY 1.1 naścienne;Dveře skleněné posuvné Ultra Slim dorma MUTO TYPOWE PASY 1.1 naścienne. Cena zahrnuje systém a kování;DRZWISZKLANEPRZESUWNEULTRASLIMDORMAMUTOTYPOWEPASY11NASCIENNE
QG-0092;;Dveře skleněné posuvné Ultra Slim dorma MUTO TYPOWE LOFTOWE SZPROSY loft;22286;15370;CZK;1;21;Dveře skleněné posuvné Ultra Slim dorma MUTO TYPOWE LOFTOWE SZPROSY loft. Cena zahrnuje systém a kování;Dveře skleněné posuvné Ultra Slim dorma MUTO TYPOWE LOFTOWE SZPROSY loft. Kategorie: Posuvné dveře Ultra Slim. Orientační cena — finální nabídka podle rozměrů a provedení.;https://qubaglass.pl/environment/cache/images/productGfx_15433_700_700/drzwi-szklane-ultra-slim-ze-szprosami.jpg;Skleněné dveře|Posuvné dveře Ultra Slim;Quba Glass;Quba Glass;visible;ks;product;Dveře skleněné posuvné Ultra Slim dorma MUTO TYPOWE LOFTOWE SZPROSY loft;Dveře skleněné posuvné Ultra Slim dorma MUTO TYPOWE LOFTOWE SZPROSY loft. Cena zahrnuje systém a kování;DRZWISZKLANEPRZESUWNEULTRASLIMDORMAMUTOTYPOWELOFTOWESZPROSYLOFT
QG-0093;;Dveře skleněné posuvné Ultra Slim DORMA MUTO TYPOWE bílé naścienne;20176;13914;CZK;1;21;Dveře skleněné posuvné Ultra Slim DORMA MUTO TYPOWE bílé naścienne. Cena zahrnuje systém a kování;Dveře skleněné posuvné Ultra Slim DORMA MUTO TYPOWE bílé naścienne. Kategorie: Posuvné dveře Ultra Slim. Orientační cena — finální nabídka podle rozměrů a provedení.;https://qubaglass.pl/environment/cache/images/productGfx_15442_700_700/drzwi-szklane-dorma-muto-ultra-slim-biale.jpg;Skleněné dveře|Posuvné dveře Ultra Slim;Quba Glass;Quba Glass;visible;ks;product;Dveře skleněné posuvné Ultra Slim DORMA MUTO TYPOWE bílé naścienne;Dveře skleněné posuvné Ultra Slim DORMA MUTO TYPOWE bílé naścienne. Cena zahrnuje systém a kování;DRZWISZKLANEPRZESUWNEULTRASLIMDORMAMUTOTYPOWEBIALENASCIENNE
QG-0094;;Dveře skleněné posuvné Ultra Slim dorma MUTO TYPOWE černé naścienne;18494;12754;CZK;1;21;Dveře skleněné posuvné Ultra Slim dorma MUTO TYPOWE černé naścienne. Cena zahrnuje systém a kování;Dveře skleněné posuvné Ultra Slim dorma MUTO TYPOWE černé naścienne. Kategorie: Posuvné dveře Ultra Slim. Orientační cena — finální nabídka podle rozměrů a provedení.;https://qubaglass.pl/environment/cache/images/productGfx_15441_700_700/drzwi-szklane-czarne-dorma-muto-ultra-slim.jpg;Skleněné dveře|Posuvné dveře Ultra Slim;Quba Glass;Quba Glass;visible;ks;product;Dveře skleněné posuvné Ultra Slim dorma MUTO TYPOWE černé naścienne;Dveře skleněné posuvné Ultra Slim dorma MUTO TYPOWE černé naścienne. Cena zahrnuje systém a kování;DRZWISZKLANEPRZESUWNEULTRASLIMDORMAMUTOTYPOWECZARNENASCIENNE
QG-0095;;Dveře skleněné posuvné Ultra Slim dorma MUTO TYPOWE naścienne vzor Q-106;16988;11716;CZK;1;21;Dveře skleněné posuvné Ultra Slim dorma MUTO TYPOWE naścienne vzor Q-106. Cena zahrnuje systém a kování;Dveře skleněné posuvné Ultra Slim dorma MUTO TYPOWE naścienne vzor Q-106. Kategorie: Posuvné dveře Ultra Slim. Orientační cena — finální nabídka podle rozměrů a provedení.;https://qubaglass.pl/environment/cache/images/productGfx_15443_700_700/Q-106-drzwi-szklane-z-wzorem-matowym.jpg;Skleněné dveře|Posuvné dveře Ultra Slim;Quba Glass;Quba Glass;visible;ks;product;Dveře skleněné posuvné Ultra Slim dorma MUTO TYPOWE naścienne vzor Q-106;Dveře skleněné posuvné Ultra Slim dorma MUTO TYPOWE naścienne vzor Q-106. Cena zahrnuje systém a kování;DRZWISZKLANEPRZESUWNEULTRASLIMDORMAMUTOTYPOWENASCIENNEWZORQ106
QG-0096;;Dveře skleněné posuvné loft loftowe LOFT-ART lustro dveře w ramie;13036;8990;CZK;1;21;Dveře skleněné posuvné loft loftowe LOFT-ART lustro dveře w ramie. Cena zahrnuje systém a kování;Dveře skleněné posuvné loft loftowe LOFT-ART lustro dveře w ramie. Kategorie: Posuvné dveře Loft. Orientační cena — finální nabídka podle rozměrů a provedení.;https://qubaglass.pl/environment/cache/images/productGfx_15280_700_700/drzwi-szklane-loft-art-szklo-lusto-qubaglass.png;Skleněné dveře|Posuvné dveře Loft;Quba Glass;Quba Glass;visible;ks;product;Dveře skleněné posuvné loft loftowe LOFT-ART lustro dveře w ramie;Dveře skleněné posuvné loft loftowe LOFT-ART lustro dveře w ramie. Cena zahrnuje systém a kování;DRZWISZKLANEPRZESUWNELOFTLOFTOWELOFTARTLUSTRODRZWIWRAMIE
QG-0097;;Dveře skleněné posuvné loft loftowe LOFT-ART podwójne lustro dveře w ramie;26071;17980;CZK;1;21;Dveře skleněné posuvné loft loftowe LOFT-ART podwójne lustro dveře w ramie. Cena zahrnuje systém a kování;Dveře skleněné posuvné loft loftowe LOFT-ART podwójne lustro dveře w ramie. Kategorie: Posuvné dveře Loft. Orientační cena — finální nabídka podle rozměrů a provedení.;https://qubaglass.pl/environment/cache/images/productGfx_15281_700_700/drzwi-szklane-loft-art-podwojne-szklo-lustro-lustrzane.png;Skleněné dveře|Posuvné dveře Loft;Quba Glass;Quba Glass;visible;ks;product;Dveře skleněné posuvné loft loftowe LOFT-ART podwójne lustro dveře w ramie;Dveře skleněné posuvné loft loftowe LOFT-ART podwójne lustro dveře w ramie. Cena zahrnuje systém a kování;DRZWISZKLANEPRZESUWNELOFTLOFTOWELOFTARTPODWOJNELUSTRODRZWIWRAMIE
QG-0098;;Dveře skleněné posuvné loft loftowe LOFT-ART dveře w ramie bíléj szkło matné;11354;7830;CZK;1;21;Dveře skleněné posuvné loft loftowe LOFT-ART dveře w ramie bíléj szkło matné. Cena zahrnuje systém a kování;Dveře skleněné posuvné loft loftowe LOFT-ART dveře w ramie bíléj szkło matné. Kategorie: Posuvné dveře Loft. Orientační cena — finální nabídka podle rozměrů a provedení.;https://qubaglass.pl/environment/cache/images/productGfx_15285_700_700/bialy-loft-miniaturkalo.jpg;Skleněné dveře|Posuvné dveře Loft;Quba Glass;Quba Glass;visible;ks;product;Dveře skleněné posuvné loft loftowe LOFT-ART dveře w ramie bíléj szkło matné;Dveře skleněné posuvné loft loftowe LOFT-ART dveře w ramie bíléj szkło matné. Cena zahrnuje systém a kování;DRZWISZKLANEPRZESUWNELOFTLOFTOWELOFTARTDRZWIWRAMIEBIALEJSZKLOMAT
QG-0099;;Dveře skleněné posuvné loft loftowe LOFT-ART ramka czarna szkło matné;10933;7540;CZK;1;21;Dveře skleněné posuvné loft loftowe LOFT-ART ramka czarna szkło matné. Cena zahrnuje systém a kování;Dveře skleněné posuvné loft loftowe LOFT-ART ramka czarna szkło matné. Kategorie: Posuvné dveře Loft. Orientační cena — finální nabídka podle rozměrů a provedení.;https://qubaglass.pl/environment/cache/images/productGfx_6253_700_700/IMG_9735-szpros-ALLEGRO.jpg;Skleněné dveře|Posuvné dveře Loft;Quba Glass;Quba Glass;visible;ks;product;Dveře skleněné posuvné loft loftowe LOFT-ART ramka czarna szkło matné;Dveře skleněné posuvné loft loftowe LOFT-ART ramka czarna szkło matné. Cena zahrnuje systém a kování;DRZWISZKLANEPRZESUWNELOFTLOFTOWELOFTARTRAMKACZARNASZKLOMATOWE
QG-0100;;Dveře skleněné posuvné loft loftowe LOFT-ART szkło przezroczyste;10933;7540;CZK;1;21;Dveře skleněné posuvné loft loftowe LOFT-ART szkło przezroczyste. Cena zahrnuje systém a kování;Dveře skleněné posuvné loft loftowe LOFT-ART szkło przezroczyste. Kategorie: Posuvné dveře Loft. Orientační cena — finální nabídka podle rozměrů a provedení.;https://qubaglass.pl/environment/cache/images/productGfx_15284_700_700/bialy-loft-miniaturka.jpg;Skleněné dveře|Posuvné dveře Loft;Quba Glass;Quba Glass;visible;ks;product;Dveře skleněné posuvné loft loftowe LOFT-ART szkło przezroczyste;Dveře skleněné posuvné loft loftowe LOFT-ART szkło przezroczyste. Cena zahrnuje systém a kování;DRZWISZKLANEPRZESUWNELOFTLOFTOWELOFTARTSZKLOPRZEZROCZYSTE
QG-0101;;Dveře skleněné posuvné loft loftowe LOFT-ART szkło čiré;10512;7250;CZK;1;21;Dveře skleněné posuvné loft loftowe LOFT-ART szkło čiré. Cena zahrnuje systém a kování;Dveře skleněné posuvné loft loftowe LOFT-ART szkło čiré. Kategorie: Posuvné dveře Loft. Orientační cena — finální nabídka podle rozměrů a provedení.;https://qubaglass.pl/environment/cache/images/productGfx_6254_700_700/IMG_9735-bezbarwne-ALLEGRO.jpg;Skleněné dveře|Posuvné dveře Loft;Quba Glass;Quba Glass;visible;ks;product;Dveře skleněné posuvné loft loftowe LOFT-ART szkło čiré;Dveře skleněné posuvné loft loftowe LOFT-ART szkło čiré. Cena zahrnuje systém a kování;DRZWISZKLANEPRZESUWNELOFTLOFTOWELOFTARTSZKLOBEZBARWNE
QG-0102;;Dveře skleněné posuvné loft loftowe LOFT-ART szkło matné;10933;7540;CZK;1;21;Dveře skleněné posuvné loft loftowe LOFT-ART szkło matné. Cena zahrnuje systém a kování;Dveře skleněné posuvné loft loftowe LOFT-ART szkło matné. Kategorie: Posuvné dveře Loft. Orientační cena — finální nabídka podle rozměrů a provedení.;https://qubaglass.pl/environment/cache/images/productGfx_6252_700_700/IMG_9735-ALLEGRO.jpg;Skleněné dveře|Posuvné dveře Loft;Quba Glass;Quba Glass;visible;ks;product;Dveře skleněné posuvné loft loftowe LOFT-ART szkło matné;Dveře skleněné posuvné loft loftowe LOFT-ART szkło matné. Cena zahrnuje systém a kování;DRZWISZKLANEPRZESUWNELOFTLOFTOWELOFTARTSZKLOMATOWE
QG-0103;;Dveře skleněné posuvné loft loftowe LOFT-ART podwójne szkło matné;22286;15370;CZK;1;21;Dveře skleněné posuvné loft loftowe LOFT-ART podwójne szkło matné. Cena zahrnuje systém a kování;Dveře skleněné posuvné loft loftowe LOFT-ART podwójne szkło matné. Kategorie: Posuvné dveře Loft. Orientační cena — finální nabídka podle rozměrů a provedení.;https://qubaglass.pl/environment/cache/images/productGfx_4557_700_700/drzwi_szklane_loftowe_podwojne.jpg;Skleněné dveře|Posuvné dveře Loft;Quba Glass;Quba Glass;visible;ks;product;Dveře skleněné posuvné loft loftowe LOFT-ART podwójne szkło matné;Dveře skleněné posuvné loft loftowe LOFT-ART podwójne szkło matné. Cena zahrnuje systém a kování;DRZWISZKLANEPRZESUWNELOFTLOFTOWELOFTARTPODWOJNESZKLOMATOWE
QG-0104;;Dveře skleněné posuvné loft loftowe LOFT-ART podwójne szkło przezroczyste;21446;14790;CZK;1;21;Dveře skleněné posuvné loft loftowe LOFT-ART podwójne szkło przezroczyste. Cena zahrnuje systém a kování;Dveře skleněné posuvné loft loftowe LOFT-ART podwójne szkło przezroczyste. Kategorie: Posuvné dveře Loft. Orientační cena — finální nabídka podle rozměrů a provedení.;https://qubaglass.pl/environment/cache/images/productGfx_4571_700_700/drzwi_szklane_loftowe_podowjne_bezbarwne.jpg;Skleněné dveře|Posuvné dveře Loft;Quba Glass;Quba Glass;visible;ks;product;Dveře skleněné posuvné loft loftowe LOFT-ART podwójne szkło przezroczyste;Dveře skleněné posuvné loft loftowe LOFT-ART podwójne szkło przezroczyste. Cena zahrnuje systém a kování;DRZWISZKLANEPRZESUWNELOFTLOFTOWELOFTARTPODWOJNESZKLOPRZEZROCZYST
QG-0105;;Dveře skleněné posuvné, čiré podwójne system loft-art;21446;14790;CZK;1;21;Dveře skleněné posuvné, čiré podwójne system loft-art. Cena zahrnuje systém a kování;Dveře skleněné posuvné, čiré podwójne system loft-art. Kategorie: Posuvné dveře Loft. Orientační cena — finální nabídka podle rozměrů a provedení.;https://qubaglass.pl/environment/cache/images/productGfx_4575_700_700/loft_podwojny-transp-szpros.jpg;Skleněné dveře|Posuvné dveře Loft;Quba Glass;Quba Glass;visible;ks;product;Dveře skleněné posuvné, čiré podwójne system loft-art;Dveře skleněné posuvné, čiré podwójne system loft-art. Cena zahrnuje systém a kování;DRZWISZKLANEPRZESUWNE2CBEZBARWNEPODWOJNESYSTEMLOFTART
QG-0106;;Dveře skleněné posuvné rurowe vzor Q-011;15811;10904;CZK;1;21;Dveře skleněné posuvné rurowe vzor Q-011. Cena zahrnuje systém a kování;Dveře skleněné posuvné rurowe vzor Q-011. Kategorie: Posuvné dveře – trubkový systém. Orientační cena — finální nabídka podle rozměrů a provedení.;https://qubaglass.pl/environment/cache/images/productGfx_15298_700_700/drzwi-szklane-z-wzorem-Q-011.jpg;Skleněné dveře|Posuvné dveře – trubkový systém;Quba Glass;Quba Glass;visible;ks;product;Dveře skleněné posuvné rurowe vzor Q-011;Dveře skleněné posuvné rurowe vzor Q-011. Cena zahrnuje systém a kování;DRZWISZKLANEPRZESUWNEPRZESUWANERUROWEWZORQ011
QG-0107;;Dveře skleněné posuvné rurowe vzor Q-051;15811;10904;CZK;1;21;Dveře skleněné posuvné rurowe vzor Q-051. Cena zahrnuje systém a kování;Dveře skleněné posuvné rurowe vzor Q-051. Kategorie: Posuvné dveře – trubkový systém. Orientační cena — finální nabídka podle rozměrů a provedení.;https://qubaglass.pl/environment/cache/images/productGfx_15297_700_700/drzwi-z-wzorem-Q-051-rurowe.jpg;Skleněné dveře|Posuvné dveře – trubkový systém;Quba Glass;Quba Glass;visible;ks;product;Dveře skleněné posuvné rurowe vzor Q-051;Dveře skleněné posuvné rurowe vzor Q-051. Cena zahrnuje systém a kování;DRZWISZKLANEPRZESUWNEPRZESUWANERUROWEWZORQ051
QG-0108;;Dveře skleněné posuvné rurowe vzor Q-058;15811;10904;CZK;1;21;Dveře skleněné posuvné rurowe vzor Q-058. Cena zahrnuje systém a kování;Dveře skleněné posuvné rurowe vzor Q-058. Kategorie: Posuvné dveře – trubkový systém. Orientační cena — finální nabídka podle rozměrů a provedení.;https://qubaglass.pl/environment/cache/images/productGfx_15299_700_700/drzwi-z-wzorem-Q-058-qubaglass.jpg;Skleněné dveře|Posuvné dveře – trubkový systém;Quba Glass;Quba Glass;visible;ks;product;Dveře skleněné posuvné rurowe vzor Q-058;Dveře skleněné posuvné rurowe vzor Q-058. Cena zahrnuje systém a kování;DRZWISZKLANEPRZESUWNEPRZESUWANERUROWEWZORQ058
QG-0109;;Dveře skleněné posuvné rurowe grafika GRAF/001B;15558;10730;CZK;1;21;Dveře skleněné posuvné rurowe grafika GRAF/001B. Cena zahrnuje systém a kování;Dveře skleněné posuvné rurowe grafika GRAF/001B. Kategorie: Posuvné dveře – trubkový systém. Orientační cena — finální nabídka podle rozměrů a provedení.;https://qubaglass.pl/environment/cache/images/productGfx_15300_700_700/Q-001B-drzwi-szklane-rurowe-z-grafika.jpg;Skleněné dveře|Posuvné dveře – trubkový systém;Quba Glass;Quba Glass;visible;ks;product;Dveře skleněné posuvné rurowe grafika GRAF/001B;Dveře skleněné posuvné rurowe grafika GRAF/001B. Cena zahrnuje systém a kování;DRZWISZKLANEPRZESUWNEPRZESUWANERUROWEGRAFIKAGRAF001B
QG-0110;;Dveře skleněné posuvné rurowe grafika GRAF/008B;15558;10730;CZK;1;21;Dveře skleněné posuvné rurowe grafika GRAF/008B. Cena zahrnuje systém a kování;Dveře skleněné posuvné rurowe grafika GRAF/008B. Kategorie: Posuvné dveře – trubkový systém. Orientační cena — finální nabídka podle rozměrů a provedení.;https://qubaglass.pl/environment/cache/images/productGfx_15301_700_700/GRAF008-drzwi-szklane-qubaglass.jpg;Skleněné dveře|Posuvné dveře – trubkový systém;Quba Glass;Quba Glass;visible;ks;product;Dveře skleněné posuvné rurowe grafika GRAF/008B;Dveře skleněné posuvné rurowe grafika GRAF/008B. Cena zahrnuje systém a kování;DRZWISZKLANEPRZESUWNEPRZESUWANERUROWEGRAFIKAGRAF008B
QG-0111;;Dveře skleněné posuvné rurowe grafika GRAF/010B;15558;10730;CZK;1;21;Dveře skleněné posuvné rurowe grafika GRAF/010B. Cena zahrnuje systém a kování;Dveře skleněné posuvné rurowe grafika GRAF/010B. Kategorie: Posuvné dveře – trubkový systém. Orientační cena — finální nabídka podle rozměrů a provedení.;https://qubaglass.pl/environment/cache/images/productGfx_15302_700_700/Q-010B-drzwi-rurowe-przesuwne-szklane.jpg;Skleněné dveře|Posuvné dveře – trubkový systém;Quba Glass;Quba Glass;visible;ks;product;Dveře skleněné posuvné rurowe grafika GRAF/010B;Dveře skleněné posuvné rurowe grafika GRAF/010B. Cena zahrnuje systém a kování;DRZWISZKLANEPRZESUWNEPRZESUWANERUROWEGRAFIKAGRAF010B
QG-0112;;Dveře skleněné posuvné rurowe grafika GRAF/107B;15558;10730;CZK;1;21;Dveře skleněné posuvné rurowe grafika GRAF/107B. Cena zahrnuje systém a kování;Dveře skleněné posuvné rurowe grafika GRAF/107B. Kategorie: Posuvné dveře – trubkový systém. Orientační cena — finální nabídka podle rozměrů a provedení.;https://qubaglass.pl/environment/cache/images/productGfx_15303_700_700/GRAF107B-drzwi-szklane-rurowe-przesuwne.jpg;Skleněné dveře|Posuvné dveře – trubkový systém;Quba Glass;Quba Glass;visible;ks;product;Dveře skleněné posuvné rurowe grafika GRAF/107B;Dveře skleněné posuvné rurowe grafika GRAF/107B. Cena zahrnuje systém a kování;DRZWISZKLANEPRZESUWNEPRZESUWANERUROWEGRAFIKAGRAF107B
QG-0113;;Dveře skleněné posuvné rurowe grafika GRAF/108B;15558;10730;CZK;1;21;Dveře skleněné posuvné rurowe grafika GRAF/108B. Cena zahrnuje systém a kování;Dveře skleněné posuvné rurowe grafika GRAF/108B. Kategorie: Posuvné dveře – trubkový systém. Orientační cena — finální nabídka podle rozměrů a provedení.;https://qubaglass.pl/environment/cache/images/productGfx_15304_700_700/drzwi-przesuwne-qubaglass--108B.jpg;Skleněné dveře|Posuvné dveře – trubkový systém;Quba Glass;Quba Glass;visible;ks;product;Dveře skleněné posuvné rurowe grafika GRAF/108B;Dveře skleněné posuvné rurowe grafika GRAF/108B. Cena zahrnuje systém a kování;DRZWISZKLANEPRZESUWNEPRZESUWANERUROWEGRAFIKAGRAF108B
QG-0114;;Dveře skleněné posuvné rurowe grafika KOL/001;15558;10730;CZK;1;21;Dveře skleněné posuvné rurowe grafika KOL/001. Cena zahrnuje systém a kování;Dveře skleněné posuvné rurowe grafika KOL/001. Kategorie: Posuvné dveře – trubkový systém. Orientační cena — finální nabídka podle rozměrů a provedení.;https://qubaglass.pl/environment/cache/images/productGfx_15305_700_700/KOL001-drzwi-szklane-rurowe.jpg;Skleněné dveře|Posuvné dveře – trubkový systém;Quba Glass;Quba Glass;visible;ks;product;Dveře skleněné posuvné rurowe grafika KOL/001;Dveře skleněné posuvné rurowe grafika KOL/001. Cena zahrnuje systém a kování;DRZWISZKLANEPRZESUWNEPRZESUWANERUROWEGRAFIKAKOL001
QG-0115;;Dveře skleněné posuvné rurowe grafika KOL/002;15558;10730;CZK;1;21;Dveře skleněné posuvné rurowe grafika KOL/002. Cena zahrnuje systém a kování;Dveře skleněné posuvné rurowe grafika KOL/002. Kategorie: Posuvné dveře – trubkový systém. Orientační cena — finální nabídka podle rozměrů a provedení.;https://qubaglass.pl/environment/cache/images/productGfx_15306_700_700/KOL002-drzwi-szklane-rurowe-qubaglass.jpg;Skleněné dveře|Posuvné dveře – trubkový systém;Quba Glass;Quba Glass;visible;ks;product;Dveře skleněné posuvné rurowe grafika KOL/002;Dveře skleněné posuvné rurowe grafika KOL/002. Cena zahrnuje systém a kování;DRZWISZKLANEPRZESUWNEPRZESUWANERUROWEGRAFIKAKOL002
QG-0116;;Dveře skleněné posuvné rurowe grafika KOL/003;15558;10730;CZK;1;21;Dveře skleněné posuvné rurowe grafika KOL/003. Cena zahrnuje systém a kování;Dveře skleněné posuvné rurowe grafika KOL/003. Kategorie: Posuvné dveře – trubkový systém. Orientační cena — finální nabídka podle rozměrů a provedení.;https://qubaglass.pl/environment/cache/images/productGfx_15307_700_700/KOL003-drzwi-szklane-przesuwne-z-wzorem.jpg;Skleněné dveře|Posuvné dveře – trubkový systém;Quba Glass;Quba Glass;visible;ks;product;Dveře skleněné posuvné rurowe grafika KOL/003;Dveře skleněné posuvné rurowe grafika KOL/003. Cena zahrnuje systém a kování;DRZWISZKLANEPRZESUWNEPRZESUWANERUROWEGRAFIKAKOL003
QG-0117;;Dveře skleněné posuvné rurowe grafika KOL/004;15558;10730;CZK;1;21;Dveře skleněné posuvné rurowe grafika KOL/004. Cena zahrnuje systém a kování;Dveře skleněné posuvné rurowe grafika KOL/004. Kategorie: Posuvné dveře – trubkový systém. Orientační cena — finální nabídka podle rozměrů a provedení.;https://qubaglass.pl/environment/cache/images/productGfx_15308_700_700/KOL004-drzwi-rurowe-szklane.jpg;Skleněné dveře|Posuvné dveře – trubkový systém;Quba Glass;Quba Glass;visible;ks;product;Dveře skleněné posuvné rurowe grafika KOL/004;Dveře skleněné posuvné rurowe grafika KOL/004. Cena zahrnuje systém a kování;DRZWISZKLANEPRZESUWNEPRZESUWANERUROWEGRAFIKAKOL004
QG-0118;;Dveře skleněné posuvné rurowe grafika KOL/018;15558;10730;CZK;1;21;Dveře skleněné posuvné rurowe grafika KOL/018. Cena zahrnuje systém a kování;Dveře skleněné posuvné rurowe grafika KOL/018. Kategorie: Posuvné dveře – trubkový systém. Orientační cena — finální nabídka podle rozměrů a provedení.;https://qubaglass.pl/environment/cache/images/productGfx_15309_700_700/KOL018-drzwi-szklane-rurowe.jpg;Skleněné dveře|Posuvné dveře – trubkový systém;Quba Glass;Quba Glass;visible;ks;product;Dveře skleněné posuvné rurowe grafika KOL/018;Dveře skleněné posuvné rurowe grafika KOL/018. Cena zahrnuje systém a kování;DRZWISZKLANEPRZESUWNEPRZESUWANERUROWEGRAFIKAKOL018
QG-0119;;Dveře skleněné posuvné rurowe grafika KOL/019;15558;10730;CZK;1;21;Dveře skleněné posuvné rurowe grafika KOL/019. Cena zahrnuje systém a kování;Dveře skleněné posuvné rurowe grafika KOL/019. Kategorie: Posuvné dveře – trubkový systém. Orientační cena — finální nabídka podle rozměrů a provedení.;https://qubaglass.pl/environment/cache/images/productGfx_15310_700_700/KOL019-drzwi-szklane-rurowe-z-grafika.jpg;Skleněné dveře|Posuvné dveře – trubkový systém;Quba Glass;Quba Glass;visible;ks;product;Dveře skleněné posuvné rurowe grafika KOL/019;Dveře skleněné posuvné rurowe grafika KOL/019. Cena zahrnuje systém a kování;DRZWISZKLANEPRZESUWNEPRZESUWANERUROWEGRAFIKAKOL019
QG-0120;;Dveře skleněné posuvné rurowe grafika KOL/020;15558;10730;CZK;1;21;Dveře skleněné posuvné rurowe grafika KOL/020. Cena zahrnuje systém a kování;Dveře skleněné posuvné rurowe grafika KOL/020. Kategorie: Posuvné dveře – trubkový systém. Orientační cena — finální nabídka podle rozměrů a provedení.;https://qubaglass.pl/environment/cache/images/productGfx_15311_700_700/KOL020-drzwi-szklane-rurowe-przesuwne-szklane.jpg;Skleněné dveře|Posuvné dveře – trubkový systém;Quba Glass;Quba Glass;visible;ks;product;Dveře skleněné posuvné rurowe grafika KOL/020;Dveře skleněné posuvné rurowe grafika KOL/020. Cena zahrnuje systém a kování;DRZWISZKLANEPRZESUWNEPRZESUWANERUROWEGRAFIKAKOL020
QG-0121;;Dveře skleněné posuvné rurowe grafika KOL/023;15558;10730;CZK;1;21;Dveře skleněné posuvné rurowe grafika KOL/023. Cena zahrnuje systém a kování;Dveře skleněné posuvné rurowe grafika KOL/023. Kategorie: Posuvné dveře – trubkový systém. Orientační cena — finální nabídka podle rozměrů a provedení.;https://qubaglass.pl/environment/cache/images/productGfx_15312_700_700/KOL023-drzwi-szklane-rurowe-qubaglass.jpg;Skleněné dveře|Posuvné dveře – trubkový systém;Quba Glass;Quba Glass;visible;ks;product;Dveře skleněné posuvné rurowe grafika KOL/023;Dveře skleněné posuvné rurowe grafika KOL/023. Cena zahrnuje systém a kování;DRZWISZKLANEPRZESUWNEPRZESUWANERUROWEGRAFIKAKOL023
QG-0122;;Dveře skleněné posuvné rurowe grafika KOL/024;15558;10730;CZK;1;21;Dveře skleněné posuvné rurowe grafika KOL/024. Cena zahrnuje systém a kování;Dveře skleněné posuvné rurowe grafika KOL/024. Kategorie: Posuvné dveře – trubkový systém. Orientační cena — finální nabídka podle rozměrů a provedení.;https://qubaglass.pl/environment/cache/images/productGfx_15313_700_700/KOL024-drzwi-szklane.jpg;Skleněné dveře|Posuvné dveře – trubkový systém;Quba Glass;Quba Glass;visible;ks;product;Dveře skleněné posuvné rurowe grafika KOL/024;Dveře skleněné posuvné rurowe grafika KOL/024. Cena zahrnuje systém a kování;DRZWISZKLANEPRZESUWNEPRZESUWANERUROWEGRAFIKAKOL024
QG-0123;;Dveře skleněné posuvné rurowe grafika KOL/025;15558;10730;CZK;1;21;Dveře skleněné posuvné rurowe grafika KOL/025. Cena zahrnuje systém a kování;Dveře skleněné posuvné rurowe grafika KOL/025. Kategorie: Posuvné dveře – trubkový systém. Orientační cena — finální nabídka podle rozměrů a provedení.;https://qubaglass.pl/environment/cache/images/productGfx_15314_700_700/drzwi-szklane-rurowe-grafika-KOL_025.jpg;Skleněné dveře|Posuvné dveře – trubkový systém;Quba Glass;Quba Glass;visible;ks;product;Dveře skleněné posuvné rurowe grafika KOL/025;Dveře skleněné posuvné rurowe grafika KOL/025. Cena zahrnuje systém a kování;DRZWISZKLANEPRZESUWNEPRZESUWANERUROWEGRAFIKAKOL025
QG-0124;;Dveře skleněné posuvné rurowe grafika KOL/026;15558;10730;CZK;1;21;Dveře skleněné posuvné rurowe grafika KOL/026. Cena zahrnuje systém a kování;Dveře skleněné posuvné rurowe grafika KOL/026. Kategorie: Posuvné dveře – trubkový systém. Orientační cena — finální nabídka podle rozměrů a provedení.;https://qubaglass.pl/environment/cache/images/productGfx_15315_700_700/drzwi-szklane-rurowe-grafika-KOL_026.jpg;Skleněné dveře|Posuvné dveře – trubkový systém;Quba Glass;Quba Glass;visible;ks;product;Dveře skleněné posuvné rurowe grafika KOL/026;Dveře skleněné posuvné rurowe grafika KOL/026. Cena zahrnuje systém a kování;DRZWISZKLANEPRZESUWNEPRZESUWANERUROWEGRAFIKAKOL026
QG-0125;;Dveře skleněné posuvné rurowe grafika KOL/030;15558;10730;CZK;1;21;Dveře skleněné posuvné rurowe grafika KOL/030. Cena zahrnuje systém a kování;Dveře skleněné posuvné rurowe grafika KOL/030. Kategorie: Posuvné dveře – trubkový systém. Orientační cena — finální nabídka podle rozměrů a provedení.;https://qubaglass.pl/environment/cache/images/productGfx_15316_700_700/drzwi-przesuwne-szklane-rurowe-KOL_030.jpg;Skleněné dveře|Posuvné dveře – trubkový systém;Quba Glass;Quba Glass;visible;ks;product;Dveře skleněné posuvné rurowe grafika KOL/030;Dveře skleněné posuvné rurowe grafika KOL/030. Cena zahrnuje systém a kování;DRZWISZKLANEPRZESUWNEPRZESUWANERUROWEGRAFIKAKOL030
QG-0126;;Dveře skleněné posuvné rurowe grafika KOL/033;15558;10730;CZK;1;21;Dveře skleněné posuvné rurowe grafika KOL/033. Cena zahrnuje systém a kování;Dveře skleněné posuvné rurowe grafika KOL/033. Kategorie: Posuvné dveře – trubkový systém. Orientační cena — finální nabídka podle rozměrů a provedení.;https://qubaglass.pl/environment/cache/images/productGfx_15318_700_700/drzwi-szklane-rurowe-qubaglass-KOL_033.jpg;Skleněné dveře|Posuvné dveře – trubkový systém;Quba Glass;Quba Glass;visible;ks;product;Dveře skleněné posuvné rurowe grafika KOL/033;Dveře skleněné posuvné rurowe grafika KOL/033. Cena zahrnuje systém a kování;DRZWISZKLANEPRZESUWNEPRZESUWANERUROWEGRAFIKAKOL033
QG-0127;;Dveře skleněné posuvné rurowe grafika KOL/040;15558;10730;CZK;1;21;Dveře skleněné posuvné rurowe grafika KOL/040. Cena zahrnuje systém a kování;Dveře skleněné posuvné rurowe grafika KOL/040. Kategorie: Posuvné dveře – trubkový systém. Orientační cena — finální nabídka podle rozměrů a provedení.;https://qubaglass.pl/environment/cache/images/productGfx_15319_700_700/drzwi-szklane-rurowe-przesuwne-KOL_040.jpg;Skleněné dveře|Posuvné dveře – trubkový systém;Quba Glass;Quba Glass;visible;ks;product;Dveře skleněné posuvné rurowe grafika KOL/040;Dveře skleněné posuvné rurowe grafika KOL/040. Cena zahrnuje systém a kování;DRZWISZKLANEPRZESUWNEPRZESUWANERUROWEGRAFIKAKOL040
QG-0128;;Dveře skleněné posuvné rurowe grafika KOL/041;15558;10730;CZK;1;21;Dveře skleněné posuvné rurowe grafika KOL/041. Cena zahrnuje systém a kování;Dveře skleněné posuvné rurowe grafika KOL/041. Kategorie: Posuvné dveře – trubkový systém. Orientační cena — finální nabídka podle rozměrů a provedení.;https://qubaglass.pl/environment/cache/images/productGfx_15320_700_700/drzwi-szklane-rurowe-przesuwne-KOL_041.jpg;Skleněné dveře|Posuvné dveře – trubkový systém;Quba Glass;Quba Glass;visible;ks;product;Dveře skleněné posuvné rurowe grafika KOL/041;Dveře skleněné posuvné rurowe grafika KOL/041. Cena zahrnuje systém a kování;DRZWISZKLANEPRZESUWNEPRZESUWANERUROWEGRAFIKAKOL041
QG-0129;;Dveře skleněné posuvné rurowe grafika KOL/046;15558;10730;CZK;1;21;Dveře skleněné posuvné rurowe grafika KOL/046. Cena zahrnuje systém a kování;Dveře skleněné posuvné rurowe grafika KOL/046. Kategorie: Posuvné dveře – trubkový systém. Orientační cena — finální nabídka podle rozměrů a provedení.;https://qubaglass.pl/environment/cache/images/productGfx_15321_700_700/drzwi-szklane-rurowe-KOL_046.jpg;Skleněné dveře|Posuvné dveře – trubkový systém;Quba Glass;Quba Glass;visible;ks;product;Dveře skleněné posuvné rurowe grafika KOL/046;Dveře skleněné posuvné rurowe grafika KOL/046. Cena zahrnuje systém a kování;DRZWISZKLANEPRZESUWNEPRZESUWANERUROWEGRAFIKAKOL046
QG-0130;;Dveře skleněné posuvné rurowe grafika KOL/047;15558;10730;CZK;1;21;Dveře skleněné posuvné rurowe grafika KOL/047. Cena zahrnuje systém a kování;Dveře skleněné posuvné rurowe grafika KOL/047. Kategorie: Posuvné dveře – trubkový systém. Orientační cena — finální nabídka podle rozměrů a provedení.;https://qubaglass.pl/environment/cache/images/productGfx_15322_700_700/drzwi-przesuwne-szklane-z-nadrukiem-KOl_047.jpg;Skleněné dveře|Posuvné dveře – trubkový systém;Quba Glass;Quba Glass;visible;ks;product;Dveře skleněné posuvné rurowe grafika KOL/047;Dveře skleněné posuvné rurowe grafika KOL/047. Cena zahrnuje systém a kování;DRZWISZKLANEPRZESUWNEPRZESUWANERUROWEGRAFIKAKOL047
QG-0131;;Dveře skleněné posuvné rurowe grafika KOL/052;15558;10730;CZK;1;21;Dveře skleněné posuvné rurowe grafika KOL/052. Cena zahrnuje systém a kování;Dveře skleněné posuvné rurowe grafika KOL/052. Kategorie: Posuvné dveře – trubkový systém. Orientační cena — finální nabídka podle rozměrů a provedení.;https://qubaglass.pl/environment/cache/images/productGfx_15323_700_700/drzwin-przesuwne-szklane-KOL_052.jpg;Skleněné dveře|Posuvné dveře – trubkový systém;Quba Glass;Quba Glass;visible;ks;product;Dveře skleněné posuvné rurowe grafika KOL/052;Dveře skleněné posuvné rurowe grafika KOL/052. Cena zahrnuje systém a kování;DRZWISZKLANEPRZESUWNEPRZESUWANERUROWEGRAFIKAKOL052
QG-0132;;Dveře skleněné posuvné rurowe grafika KOL/057;15558;10730;CZK;1;21;Dveře skleněné posuvné rurowe grafika KOL/057. Cena zahrnuje systém a kování;Dveře skleněné posuvné rurowe grafika KOL/057. Kategorie: Posuvné dveře – trubkový systém. Orientační cena — finální nabídka podle rozměrů a provedení.;https://qubaglass.pl/environment/cache/images/productGfx_15324_700_700/drzwi-ze-szkla-KOL_057.jpg;Skleněné dveře|Posuvné dveře – trubkový systém;Quba Glass;Quba Glass;visible;ks;product;Dveře skleněné posuvné rurowe grafika KOL/057;Dveře skleněné posuvné rurowe grafika KOL/057. Cena zahrnuje systém a kování;DRZWISZKLANEPRZESUWNEPRZESUWANERUROWEGRAFIKAKOL057
QG-0133;;Dveře skleněné posuvné rurowe grafika KOL/058;15558;10730;CZK;1;21;Dveře skleněné posuvné rurowe grafika KOL/058. Cena zahrnuje systém a kování;Dveře skleněné posuvné rurowe grafika KOL/058. Kategorie: Posuvné dveře – trubkový systém. Orientační cena — finální nabídka podle rozměrů a provedení.;https://qubaglass.pl/environment/cache/images/productGfx_15325_700_700/drzwi-rurowe-szklane-KOL_058.jpg;Skleněné dveře|Posuvné dveře – trubkový systém;Quba Glass;Quba Glass;visible;ks;product;Dveře skleněné posuvné rurowe grafika KOL/058;Dveře skleněné posuvné rurowe grafika KOL/058. Cena zahrnuje systém a kování;DRZWISZKLANEPRZESUWNEPRZESUWANERUROWEGRAFIKAKOL058
QG-0134;;Dveře skleněné posuvné rurowe grafika KOL/078;15558;10730;CZK;1;21;Dveře skleněné posuvné rurowe grafika KOL/078. Cena zahrnuje systém a kování;Dveře skleněné posuvné rurowe grafika KOL/078. Kategorie: Posuvné dveře – trubkový systém. Orientační cena — finální nabídka podle rozměrů a provedení.;https://qubaglass.pl/environment/cache/images/productGfx_15326_700_700/drzwi-rurowe-szklane-KOL_078.jpg;Skleněné dveře|Posuvné dveře – trubkový systém;Quba Glass;Quba Glass;visible;ks;product;Dveře skleněné posuvné rurowe grafika KOL/078;Dveře skleněné posuvné rurowe grafika KOL/078. Cena zahrnuje systém a kování;DRZWISZKLANEPRZESUWNEPRZESUWANERUROWEGRAFIKAKOL078
QG-0135;;Dveře skleněné posuvné rurowe grafika KOL/089;15558;10730;CZK;1;21;Dveře skleněné posuvné rurowe grafika KOL/089. Cena zahrnuje systém a kování;Dveře skleněné posuvné rurowe grafika KOL/089. Kategorie: Posuvné dveře – trubkový systém. Orientační cena — finální nabídka podle rozměrů a provedení.;https://qubaglass.pl/environment/cache/images/productGfx_15327_700_700/drzwi-szklane-rurowe-przesuwne-KOL_089.jpg;Skleněné dveře|Posuvné dveře – trubkový systém;Quba Glass;Quba Glass;visible;ks;product;Dveře skleněné posuvné rurowe grafika KOL/089;Dveře skleněné posuvné rurowe grafika KOL/089. Cena zahrnuje systém a kování;DRZWISZKLANEPRZESUWNEPRZESUWANERUROWEGRAFIKAKOL089
QG-0136;;Dveře skleněné posuvné rurowe grafika KOL/100;15558;10730;CZK;1;21;Dveře skleněné posuvné rurowe grafika KOL/100. Cena zahrnuje systém a kování;Dveře skleněné posuvné rurowe grafika KOL/100. Kategorie: Posuvné dveře – trubkový systém. Orientační cena — finální nabídka podle rozměrů a provedení.;https://qubaglass.pl/environment/cache/images/productGfx_15328_700_700/drzwi-ze-szkla-rurowe-KOL_100.jpg;Skleněné dveře|Posuvné dveře – trubkový systém;Quba Glass;Quba Glass;visible;ks;product;Dveře skleněné posuvné rurowe grafika KOL/100;Dveře skleněné posuvné rurowe grafika KOL/100. Cena zahrnuje systém a kování;DRZWISZKLANEPRZESUWNEPRZESUWANERUROWEGRAFIKAKOL100
QG-0137;;Dveře skleněné posuvné rurowe grafika KOL/101L;15558;10730;CZK;1;21;Dveře skleněné posuvné rurowe grafika KOL/101L. Cena zahrnuje systém a kování;Dveře skleněné posuvné rurowe grafika KOL/101L. Kategorie: Posuvné dveře – trubkový systém. Orientační cena — finální nabídka podle rozměrů a provedení.;https://qubaglass.pl/environment/cache/images/productGfx_15329_700_700/drzwi-szklane-rurowe-przesuwne-KOL_101L.jpg;Skleněné dveře|Posuvné dveře – trubkový systém;Quba Glass;Quba Glass;visible;ks;product;Dveře skleněné posuvné rurowe grafika KOL/101L;Dveře skleněné posuvné rurowe grafika KOL/101L. Cena zahrnuje systém a kování;DRZWISZKLANEPRZESUWNEPRZESUWANERUROWEGRAFIKAKOL101L
QG-0138;;Dveře skleněné posuvné rurowe grafika KOL/101P;15558;10730;CZK;1;21;Dveře skleněné posuvné rurowe grafika KOL/101P. Cena zahrnuje systém a kování;Dveře skleněné posuvné rurowe grafika KOL/101P. Kategorie: Posuvné dveře – trubkový systém. Orientační cena — finální nabídka podle rozměrů a provedení.;https://qubaglass.pl/environment/cache/images/productGfx_15330_700_700/drzwi-ze-szkla-z-nadrukiem-KOl_101P.jpg;Skleněné dveře|Posuvné dveře – trubkový systém;Quba Glass;Quba Glass;visible;ks;product;Dveře skleněné posuvné rurowe grafika KOL/101P;Dveře skleněné posuvné rurowe grafika KOL/101P. Cena zahrnuje systém a kování;DRZWISZKLANEPRZESUWNEPRZESUWANERUROWEGRAFIKAKOL101P
QG-0139;;Dveře skleněné posuvné rurowe grafika KOL/105;15558;10730;CZK;1;21;Dveře skleněné posuvné rurowe grafika KOL/105. Cena zahrnuje systém a kování;Dveře skleněné posuvné rurowe grafika KOL/105. Kategorie: Posuvné dveře – trubkový systém. Orientační cena — finální nabídka podle rozměrů a provedení.;https://qubaglass.pl/environment/cache/images/productGfx_15331_700_700/drzwi-szklane-rurowe-KOL_105.jpg;Skleněné dveře|Posuvné dveře – trubkový systém;Quba Glass;Quba Glass;visible;ks;product;Dveře skleněné posuvné rurowe grafika KOL/105;Dveře skleněné posuvné rurowe grafika KOL/105. Cena zahrnuje systém a kování;DRZWISZKLANEPRZESUWNEPRZESUWANERUROWEGRAFIKAKOL105
QG-0140;;Dveře skleněné posuvné rurowe grafika KOL/106;15558;10730;CZK;1;21;Dveře skleněné posuvné rurowe grafika KOL/106. Cena zahrnuje systém a kování;Dveře skleněné posuvné rurowe grafika KOL/106. Kategorie: Posuvné dveře – trubkový systém. Orientační cena — finální nabídka podle rozměrů a provedení.;https://qubaglass.pl/environment/cache/images/productGfx_15332_700_700/drzwi-szklane-rurowe-KOL_106.jpg;Skleněné dveře|Posuvné dveře – trubkový systém;Quba Glass;Quba Glass;visible;ks;product;Dveře skleněné posuvné rurowe grafika KOL/106;Dveře skleněné posuvné rurowe grafika KOL/106. Cena zahrnuje systém a kování;DRZWISZKLANEPRZESUWNEPRZESUWANERUROWEGRAFIKAKOL106
QG-0141;;Dveře skleněné posuvné rurowe grafika KOL/120;15558;10730;CZK;1;21;Dveře skleněné posuvné rurowe grafika KOL/120. Cena zahrnuje systém a kování;Dveře skleněné posuvné rurowe grafika KOL/120. Kategorie: Posuvné dveře – trubkový systém. Orientační cena — finální nabídka podle rozměrů a provedení.;https://qubaglass.pl/environment/cache/images/productGfx_15333_700_700/drzwi-rurowe-szklane-KOL_120.jpg;Skleněné dveře|Posuvné dveře – trubkový systém;Quba Glass;Quba Glass;visible;ks;product;Dveře skleněné posuvné rurowe grafika KOL/120;Dveře skleněné posuvné rurowe grafika KOL/120. Cena zahrnuje systém a kování;DRZWISZKLANEPRZESUWNEPRZESUWANERUROWEGRAFIKAKOL120
QG-0142;;Dveře skleněné posuvné rurowe grafika KOL/121;15558;10730;CZK;1;21;Dveře skleněné posuvné rurowe grafika KOL/121. Cena zahrnuje systém a kování;Dveře skleněné posuvné rurowe grafika KOL/121. Kategorie: Posuvné dveře – trubkový systém. Orientační cena — finální nabídka podle rozměrů a provedení.;https://qubaglass.pl/environment/cache/images/productGfx_15334_700_700/drzwi-szklabe-rurowe-KOL_121.jpg;Skleněné dveře|Posuvné dveře – trubkový systém;Quba Glass;Quba Glass;visible;ks;product;Dveře skleněné posuvné rurowe grafika KOL/121;Dveře skleněné posuvné rurowe grafika KOL/121. Cena zahrnuje systém a kování;DRZWISZKLANEPRZESUWNEPRZESUWANERUROWEGRAFIKAKOL121
QG-0143;;Dveře skleněné posuvné rurowe lustro fenickie;26912;18560;CZK;1;21;Dveře skleněné posuvné rurowe lustro fenickie. Cena zahrnuje systém a kování;Dveře skleněné posuvné rurowe lustro fenickie. Kategorie: Posuvné dveře – trubkový systém. Orientační cena — finální nabídka podle rozměrů a provedení.;https://qubaglass.pl/environment/cache/images/productGfx_15335_700_700/drzwi-rurowe-z-lustrem-lustro.jpg;Skleněné dveře|Posuvné dveře – trubkový systém;Quba Glass;Quba Glass;visible;ks;product;Dveře skleněné posuvné rurowe lustro fenickie;Dveře skleněné posuvné rurowe lustro fenickie. Cena zahrnuje systém a kování;DRZWISZKLANEPRZESUWNEPRZESUWANERUROWELUSTROFENICKIE
QG-0144;;Dveře skleněné posuvné rurowe na míru čiré;13036;8990;CZK;1;21;Dveře skleněné posuvné rurowe na míru čiré. Cena zahrnuje systém a kování;Dveře skleněné posuvné rurowe na míru čiré. Kategorie: Posuvné dveře – trubkový systém. Orientační cena — finální nabídka podle rozměrů a provedení.;https://qubaglass.pl/environment/cache/images/productGfx_15336_700_700/drzwi-szklane-rurowe-bezbarwne.jpg;Skleněné dveře|Posuvné dveře – trubkový systém;Quba Glass;Quba Glass;visible;ks;product;Dveře skleněné posuvné rurowe na míru čiré;Dveře skleněné posuvné rurowe na míru čiré. Cena zahrnuje systém a kování;DRZWISZKLANEPRZESUWNEPRZESUWANERUROWENAWYMIARBEZBARWNE
QG-0145;;Dveře skleněné posuvné rurowe na míru matné;13876;9570;CZK;1;21;Dveře skleněné posuvné rurowe na míru matné. Cena zahrnuje systém a kování;Dveře skleněné posuvné rurowe na míru matné. Kategorie: Posuvné dveře – trubkový systém. Orientační cena — finální nabídka podle rozměrů a provedení.;https://qubaglass.pl/environment/cache/images/productGfx_15337_700_700/matowe-drzwi-szklane-rurowe.jpg;Skleněné dveře|Posuvné dveře – trubkový systém;Quba Glass;Quba Glass;visible;ks;product;Dveře skleněné posuvné rurowe na míru matné;Dveře skleněné posuvné rurowe na míru matné. Cena zahrnuje systém a kování;DRZWISZKLANEPRZESUWNEPRZESUWANERUROWENAWYMIARMATOWE
QG-0146;;Dveře skleněné posuvné rurowe na míru vzor PASY 1.1;14297;9860;CZK;1;21;Dveře skleněné posuvné rurowe na míru vzor PASY 1.1. Cena zahrnuje systém a kování;Dveře skleněné posuvné rurowe na míru vzor PASY 1.1. Kategorie: Posuvné dveře – trubkový systém. Orientační cena — finální nabídka podle rozměrů a provedení.;https://qubaglass.pl/environment/cache/images/productGfx_15338_700_700/drzwi-szklane-rurowe-pasy-1.jpg;Skleněné dveře|Posuvné dveře – trubkový systém;Quba Glass;Quba Glass;visible;ks;product;Dveře skleněné posuvné rurowe na míru vzor PASY 1.1;Dveře skleněné posuvné rurowe na míru vzor PASY 1.1. Cena zahrnuje systém a kování;DRZWISZKLANEPRZESUWNEPRZESUWANERUROWENAWYMIARWZORPASY11
QG-0147;;Dveře skleněné posuvné rurowe podwójne na míru čiré;26912;18560;CZK;1;21;Dveře skleněné posuvné rurowe podwójne na míru čiré. Cena zahrnuje systém a kování;Dveře skleněné posuvné rurowe podwójne na míru čiré. Kategorie: Posuvné dveře – trubkový systém. Orientační cena — finální nabídka podle rozměrů a provedení.;https://qubaglass.pl/environment/cache/images/productGfx_15343_700_700/drzwi-szklane-rurowe-podwojne-bezbarwne.jpg;Skleněné dveře|Posuvné dveře – trubkový systém;Quba Glass;Quba Glass;visible;ks;product;Dveře skleněné posuvné rurowe podwójne na míru čiré;Dveře skleněné posuvné rurowe podwójne na míru čiré. Cena zahrnuje systém a kování;DRZWISZKLANEPRZESUWNEPRZESUWANERUROWEPODWOJNENAWYMIARBEZBARWNE
QG-0148;;Dveře skleněné posuvné rurowe podwójne na míru KOL/120;32799;22620;CZK;1;21;Dveře skleněné posuvné rurowe podwójne na míru KOL/120. Cena zahrnuje systém a kování;Dveře skleněné posuvné rurowe podwójne na míru KOL/120. Kategorie: Posuvné dveře – trubkový systém. Orientační cena — finální nabídka podle rozměrů a provedení.;https://qubaglass.pl/environment/cache/images/productGfx_15345_700_700/drzwi-szklane-z-nadrukiem-podwojne.jpg;Skleněné dveře|Posuvné dveře – trubkový systém;Quba Glass;Quba Glass;visible;ks;product;Dveře skleněné posuvné rurowe podwójne na míru KOL/120;Dveře skleněné posuvné rurowe podwójne na míru KOL/120. Cena zahrnuje systém a kování;DRZWISZKLANEPRZESUWNEPRZESUWANERUROWEPODWOJNENAWYMIARKOL120
QG-0149;;Dveře skleněné posuvné rurowe podwójne na míru KOL/121;32799;22620;CZK;1;21;Dveře skleněné posuvné rurowe podwójne na míru KOL/121. Cena zahrnuje systém a kování;Dveře skleněné posuvné rurowe podwójne na míru KOL/121. Kategorie: Posuvné dveře – trubkový systém. Orientační cena — finální nabídka podle rozměrů a provedení.;https://qubaglass.pl/environment/cache/images/productGfx_15346_700_700/drzwi-podwojne-szklane-z-nadrukiem.jpg;Skleněné dveře|Posuvné dveře – trubkový systém;Quba Glass;Quba Glass;visible;ks;product;Dveře skleněné posuvné rurowe podwójne na míru KOL/121;Dveře skleněné posuvné rurowe podwójne na míru KOL/121. Cena zahrnuje systém a kování;DRZWISZKLANEPRZESUWNEPRZESUWANERUROWEPODWOJNENAWYMIARKOL121
QG-0150;;Dveře skleněné posuvné rurowe podwójne na míru matné;29435;20300;CZK;1;21;Dveře skleněné posuvné rurowe podwójne na míru matné. Cena zahrnuje systém a kování;Dveře skleněné posuvné rurowe podwójne na míru matné. Kategorie: Posuvné dveře – trubkový systém. Orientační cena — finální nabídka podle rozměrů a provedení.;https://qubaglass.pl/environment/cache/images/productGfx_15344_700_700/drzwi-szklane-rurowe-matowe-podwojne.jpg;Skleněné dveře|Posuvné dveře – trubkový systém;Quba Glass;Quba Glass;visible;ks;product;Dveře skleněné posuvné rurowe podwójne na míru matné;Dveře skleněné posuvné rurowe podwójne na míru matné. Cena zahrnuje systém a kování;DRZWISZKLANEPRZESUWNEPRZESUWANERUROWEPODWOJNENAWYMIARMATOWE
QG-0151;;Dveře skleněné rurowe laminované černé;14718;10150;CZK;1;21;Dveře skleněné rurowe laminované černé. Cena zahrnuje systém a kování;Dveře skleněné rurowe laminované černé. Kategorie: Posuvné dveře – trubkový systém. Orientační cena — finální nabídka podle rozměrů a provedení.;https://qubaglass.pl/environment/cache/images/productGfx_15339_700_700/czrane-drzwi.jpg;Skleněné dveře|Posuvné dveře – trubkový systém;Quba Glass;Quba Glass;visible;ks;product;Dveře skleněné rurowe laminované černé;Dveře skleněné rurowe laminované černé. Cena zahrnuje systém a kování;DRZWISZKLANERUROWELAMINOWANECZARNE
QG-0152;;Dveře posuvné w kasecie chowane w ścianę kaseta bezościeżnicowa Estima čiré;18082;12470;CZK;1;21;Dveře posuvné w kasecie chowane w ścianę kaseta bezościeżnicowa Estima čiré. Cena zahrnuje systém a kování;Dveře posuvné w kasecie chowane w ścianę kaseta bezościeżnicowa Estima čiré. Kategorie: Posuvné dveře do pouzdra. Orientační cena — finální nabídka podle rozměrů a provedení.;https://qubaglass.pl/environment/cache/images/productGfx_15461_700_700/drzwi-szklane-w-kasecie-przesuwne-ze-szkla.png;Skleněné dveře|Posuvné dveře do pouzdra;Quba Glass;Quba Glass;visible;ks;product;Dveře posuvné w kasecie chowane w ścianę kaseta bezościeżnicowa Estima čiré;Dveře posuvné w kasecie chowane w ścianę kaseta bezościeżnicowa Estima čiré. Cena zahrnuje systém a kování;DRZWIPRZESUWNEWKASECIECHOWANEWSCIANEKASETABEZOSCIEZNICOWAESTIMAB
QG-0153;;Dveře posuvné w kasecie chowane w ścianę kaseta bezościeżnicowa Estima leptané;19343;13340;CZK;1;21;Dveře posuvné w kasecie chowane w ścianę kaseta bezościeżnicowa Estima leptané. Cena zahrnuje systém a kování;Dveře posuvné w kasecie chowane w ścianę kaseta bezościeżnicowa Estima leptané. Kategorie: Posuvné dveře do pouzdra. Orientační cena — finální nabídka podle rozměrů a provedení.;https://qubaglass.pl/environment/cache/images/productGfx_4581_700_700/kaseta_estima_trawione_.jpg;Skleněné dveře|Posuvné dveře do pouzdra;Quba Glass;Quba Glass;visible;ks;product;Dveře posuvné w kasecie chowane w ścianę kaseta bezościeżnicowa Estima leptané;Dveře posuvné w kasecie chowane w ścianę kaseta bezościeżnicowa Estima leptané. Cena zahrnuje systém a kování;DRZWIPRZESUWNEWKASECIECHOWANEWSCIANEKASETABEZOSCIEZNICOWAESTIMAT
QG-0154;;Dveře posuvné w kasecie chowane w ścianę kaseta bezościeżnicowa Estima vzor pasy 1.1;19764;13630;CZK;1;21;Dveře posuvné w kasecie chowane w ścianę kaseta bezościeżnicowa Estima vzor pasy 1.1. Cena zahrnuje systém a kování;Dveře posuvné w kasecie chowane w ścianę kaseta bezościeżnicowa Estima vzor pasy 1.1. Kategorie: Posuvné dveře do pouzdra. Orientační cena — finální nabídka podle rozměrů a provedení.;https://qubaglass.pl/environment/cache/images/productGfx_5142_700_700/kasetra_estima_wzor_pasy1.1_szklo.jpg;Skleněné dveře|Posuvné dveře do pouzdra;Quba Glass;Quba Glass;visible;ks;product;Dveře posuvné w kasecie chowane w ścianę kaseta bezościeżnicowa Estima vzor pasy 1.1;Dveře posuvné w kasecie chowane w ścianę kaseta bezościeżnicowa Estima vzor pasy 1.1. Cena zahrnuje systém a kování;DRZWIPRZESUWNEWKASECIECHOWANEWSCIANEKASETABEZOSCIEZNICOWAESTIMAW
QG-0155;;Dveře posuvné w kasecie chowane w ścianę kaseta bezościeżnicowa Estima vzor paski 1.2;19764;13630;CZK;1;21;Dveře posuvné w kasecie chowane w ścianę kaseta bezościeżnicowa Estima vzor paski 1.2. Cena zahrnuje systém a kování;Dveře posuvné w kasecie chowane w ścianę kaseta bezościeżnicowa Estima vzor paski 1.2. Kategorie: Posuvné dveře do pouzdra. Orientační cena — finální nabídka podle rozměrů a provedení.;https://qubaglass.pl/environment/cache/images/productGfx_4401_700_700/kaseta_estima_wzor_matowy_paski1.2.jpg;Skleněné dveře|Posuvné dveře do pouzdra;Quba Glass;Quba Glass;visible;ks;product;Dveře posuvné w kasecie chowane w ścianę kaseta bezościeżnicowa Estima vzor paski 1.2;Dveře posuvné w kasecie chowane w ścianę kaseta bezościeżnicowa Estima vzor paski 1.2. Cena zahrnuje systém a kování;DRZWIPRZESUWNEWKASECIECHOWANEWSCIANEKASETABEZOSCIEZNICOWAESTIMAW
QG-0156;;Dveře posuvné w kasecie chowane w ścianę kaseta bezościeżnicowa Estima vzor kwadraty 1.5;21866;15080;CZK;1;21;Dveře posuvné w kasecie chowane w ścianę kaseta bezościeżnicowa Estima vzor kwadraty 1.5. Cena zahrnuje systém a kování;Dveře posuvné w kasecie chowane w ścianę kaseta bezościeżnicowa Estima vzor kwadraty 1.5. Kategorie: Posuvné dveře do pouzdra. Orientační cena — finální nabídka podle rozměrů a provedení.;https://qubaglass.pl/environment/cache/images/productGfx_4402_700_700/drzwi_w_kasecie_estima_kwadraty.jpg;Skleněné dveře|Posuvné dveře do pouzdra;Quba Glass;Quba Glass;visible;ks;product;Dveře posuvné w kasecie chowane w ścianę kaseta bezościeżnicowa Estima vzor kwadraty 1.5;Dveře posuvné w kasecie chowane w ścianę kaseta bezościeżnicowa Estima vzor kwadraty 1.5. Cena zahrnuje systém a kování;DRZWIPRZESUWNEWKASECIECHOWANEWSCIANEKASETABEZOSCIEZNICOWAESTIMAW
QG-0157;;Dveře posuvné w kasecie chowane w ścianę kaseta bezościeżnicowa Estima laminované černé;21025;14500;CZK;1;21;Dveře posuvné w kasecie chowane w ścianę kaseta bezościeżnicowa Estima laminované černé. Cena zahrnuje systém a kování;Dveře posuvné w kasecie chowane w ścianę kaseta bezościeżnicowa Estima laminované černé. Kategorie: Posuvné dveře do pouzdra. Orientační cena — finální nabídka podle rozměrů a provedení.;https://qubaglass.pl/environment/cache/images/productGfx_4368_700_700/kaseta_estima_laminowane_czarne.jpg;Skleněné dveře|Posuvné dveře do pouzdra;Quba Glass;Quba Glass;visible;ks;product;Dveře posuvné w kasecie chowane w ścianę kaseta bezościeżnicowa Estima laminované černé;Dveře posuvné w kasecie chowane w ścianę kaseta bezościeżnicowa Estima laminované černé. Cena zahrnuje systém a kování;DRZWIPRZESUWNEWKASECIECHOWANEWSCIANEKASETABEZOSCIEZNICOWAESTIMAL
QG-0158;;Dveře posuvné w kasecie chowane w ścianę kaseta bezościeżnicowa Estima laminované bílé;23128;15950;CZK;1;21;Dveře posuvné w kasecie chowane w ścianę kaseta bezościeżnicowa Estima laminované bílé. Cena zahrnuje systém a kování;Dveře posuvné w kasecie chowane w ścianę kaseta bezościeżnicowa Estima laminované bílé. Kategorie: Posuvné dveře do pouzdra. Orientační cena — finální nabídka podle rozměrů a provedení.;https://qubaglass.pl/environment/cache/images/productGfx_1492_700_700/drzwi_w_kasecie_estima_laminowane_biale.jpg;Skleněné dveře|Posuvné dveře do pouzdra;Quba Glass;Quba Glass;visible;ks;product;Dveře posuvné w kasecie chowane w ścianę kaseta bezościeżnicowa Estima laminované bílé;Dveře posuvné w kasecie chowane w ścianę kaseta bezościeżnicowa Estima laminované bílé. Cena zahrnuje systém a kování;DRZWIPRZESUWNEWKASECIECHOWANEWSCIANEKASETABEZOSCIEZNICOWAESTIMAL
QG-0159;;Dveře posuvné w kasecie chowane w ścianę kaseta bezościeżnicowa Estima grafitové matné;21866;15080;CZK;1;21;Dveře posuvné w kasecie chowane w ścianę kaseta bezościeżnicowa Estima grafitové matné. Cena zahrnuje systém a kování;Dveře posuvné w kasecie chowane w ścianę kaseta bezościeżnicowa Estima grafitové matné. Kategorie: Posuvné dveře do pouzdra. Orientační cena — finální nabídka podle rozměrů a provedení.;https://qubaglass.pl/environment/cache/images/productGfx_4985_700_700/kaseta_grafit_trawiony_estima.jpg;Skleněné dveře|Posuvné dveře do pouzdra;Quba Glass;Quba Glass;visible;ks;product;Dveře posuvné w kasecie chowane w ścianę kaseta bezościeżnicowa Estima grafitové matné;Dveře posuvné w kasecie chowane w ścianę kaseta bezościeżnicowa Estima grafitové matné. Cena zahrnuje systém a kování;DRZWIPRZESUWNEWKASECIECHOWANEWSCIANEKASETABEZOSCIEZNICOWAESTIMAG
QG-0160;;Dveře posuvné w kasecie chowane w ścianę kaseta bezościeżnicowa Estima hnědé matné;21866;15080;CZK;1;21;Dveře posuvné w kasecie chowane w ścianę kaseta bezościeżnicowa Estima hnědé matné. Cena zahrnuje systém a kování;Dveře posuvné w kasecie chowane w ścianę kaseta bezościeżnicowa Estima hnědé matné. Kategorie: Posuvné dveře do pouzdra. Orientační cena — finální nabídka podle rozměrů a provedení.;https://qubaglass.pl/environment/cache/images/productGfx_4397_700_700/82b8eda18a3e6862a331ec810345babf.jpg;Skleněné dveře|Posuvné dveře do pouzdra;Quba Glass;Quba Glass;visible;ks;product;Dveře posuvné w kasecie chowane w ścianę kaseta bezościeżnicowa Estima hnědé matné;Dveře posuvné w kasecie chowane w ścianę kaseta bezościeżnicowa Estima hnědé matné. Cena zahrnuje systém a kování;DRZWIPRZESUWNEWKASECIECHOWANEWSCIANEKASETABEZOSCIEZNICOWAESTIMAB
QG-0161;;Dveře posuvné w kasecie chowane w ścianę kaseta bezościeżnicowa Estima podwójne leptané;39527;27260;CZK;1;21;Dveře posuvné w kasecie chowane w ścianę kaseta bezościeżnicowa Estima podwójne leptané. Cena zahrnuje systém a kování;Dveře posuvné w kasecie chowane w ścianę kaseta bezościeżnicowa Estima podwójne leptané. Kategorie: Posuvné dveře do pouzdra. Orientační cena — finální nabídka podle rozměrů a provedení.;https://qubaglass.pl/environment/cache/images/productGfx_8553_700_700/drzwi_szklane_w_kasecie_podwojne.jpg;Skleněné dveře|Posuvné dveře do pouzdra;Quba Glass;Quba Glass;visible;ks;product;Dveře posuvné w kasecie chowane w ścianę kaseta bezościeżnicowa Estima podwójne leptané;Dveře posuvné w kasecie chowane w ścianę kaseta bezościeżnicowa Estima podwójne leptané. Cena zahrnuje systém a kování;DRZWIPRZESUWNEWKASECIECHOWANEWSCIANEKASETABEZOSCIEZNICOWAESTIMAP
QG-0162;;Dveře posuvné w kasecie chowane w ścianę kaseta bezościeżnicowa Estima podwójne čiré;37004;25520;CZK;1;21;Dveře posuvné w kasecie chowane w ścianę kaseta bezościeżnicowa Estima podwójne čiré. Cena zahrnuje systém a kování;Dveře posuvné w kasecie chowane w ścianę kaseta bezościeżnicowa Estima podwójne čiré. Kategorie: Posuvné dveře do pouzdra. Orientační cena — finální nabídka podle rozměrů a provedení.;https://qubaglass.pl/environment/cache/images/productGfx_8561_700_700/drzwi_w_kasecie_szklane_podwojne_bezbarwne.jpg;Skleněné dveře|Posuvné dveře do pouzdra;Quba Glass;Quba Glass;visible;ks;product;Dveře posuvné w kasecie chowane w ścianę kaseta bezościeżnicowa Estima podwójne čiré;Dveře posuvné w kasecie chowane w ścianę kaseta bezościeżnicowa Estima podwójne čiré. Cena zahrnuje systém a kování;DRZWIPRZESUWNEWKASECIECHOWANEWSCIANEKASETABEZOSCIEZNICOWAESTIMAP
QG-0163;;Dveře posuvné w kasecie chowane w ścianę kaseta bezościeżnicowa Estima KOL/110;22707;15660;CZK;1;21;Dveře posuvné w kasecie chowane w ścianę kaseta bezościeżnicowa Estima KOL/110. Cena zahrnuje systém a kování;Dveře posuvné w kasecie chowane w ścianę kaseta bezościeżnicowa Estima KOL/110. Kategorie: Posuvné dveře do pouzdra. Orientační cena — finální nabídka podle rozměrů a provedení.;https://qubaglass.pl/environment/cache/images/productGfx_4367_700_700/drzwi_w_kasecie_estima_kol_110.jpg;Skleněné dveře|Posuvné dveře do pouzdra;Quba Glass;Quba Glass;visible;ks;product;Dveře posuvné w kasecie chowane w ścianę kaseta bezościeżnicowa Estima KOL/110;Dveře posuvné w kasecie chowane w ścianę kaseta bezościeżnicowa Estima KOL/110. Cena zahrnuje systém a kování;DRZWIPRZESUWNEWKASECIECHOWANEWSCIANEKASETABEZOSCIEZNICOWAESTIMAK
QG-0164;;Dveře posuvné w kasecie chowane w ścianę kaseta bezościeżnicowa Estima KOL/109;22707;15660;CZK;1;21;Dveře posuvné w kasecie chowane w ścianę kaseta bezościeżnicowa Estima KOL/109. Cena zahrnuje systém a kování;Dveře posuvné w kasecie chowane w ścianę kaseta bezościeżnicowa Estima KOL/109. Kategorie: Posuvné dveře do pouzdra. Orientační cena — finální nabídka podle rozměrů a provedení.;https://qubaglass.pl/environment/cache/images/productGfx_4366_700_700/drzwi_w_kasecie_grafika_kol_109.jpg;Skleněné dveře|Posuvné dveře do pouzdra;Quba Glass;Quba Glass;visible;ks;product;Dveře posuvné w kasecie chowane w ścianę kaseta bezościeżnicowa Estima KOL/109;Dveře posuvné w kasecie chowane w ścianę kaseta bezościeżnicowa Estima KOL/109. Cena zahrnuje systém a kování;DRZWIPRZESUWNEWKASECIECHOWANEWSCIANEKASETABEZOSCIEZNICOWAESTIMAK
QG-0165;;Dveře posuvné w kasecie chowane w ścianę kaseta bezościeżnicowa Estima KOL/105;22707;15660;CZK;1;21;Dveře posuvné w kasecie chowane w ścianę kaseta bezościeżnicowa Estima KOL/105. Cena zahrnuje systém a kování;Dveře posuvné w kasecie chowane w ścianę kaseta bezościeżnicowa Estima KOL/105. Kategorie: Posuvné dveře do pouzdra. Orientační cena — finální nabídka podle rozměrů a provedení.;https://qubaglass.pl/environment/cache/images/productGfx_4365_700_700/kaseta_estima_kol_105.jpg;Skleněné dveře|Posuvné dveře do pouzdra;Quba Glass;Quba Glass;visible;ks;product;Dveře posuvné w kasecie chowane w ścianę kaseta bezościeżnicowa Estima KOL/105;Dveře posuvné w kasecie chowane w ścianę kaseta bezościeżnicowa Estima KOL/105. Cena zahrnuje systém a kování;DRZWIPRZESUWNEWKASECIECHOWANEWSCIANEKASETABEZOSCIEZNICOWAESTIMAK
QG-0166;;Dveře posuvné w kasecie chowane w ścianę kaseta bezościeżnicowa Estima KOL/085;22707;15660;CZK;1;21;Dveře posuvné w kasecie chowane w ścianę kaseta bezościeżnicowa Estima KOL/085. Cena zahrnuje systém a kování;Dveře posuvné w kasecie chowane w ścianę kaseta bezościeżnicowa Estima KOL/085. Kategorie: Posuvné dveře do pouzdra. Orientační cena — finální nabídka podle rozměrů a provedení.;https://qubaglass.pl/environment/cache/images/productGfx_4364_700_700/drzwi_w_kasecie_kol_085.jpg;Skleněné dveře|Posuvné dveře do pouzdra;Quba Glass;Quba Glass;visible;ks;product;Dveře posuvné w kasecie chowane w ścianę kaseta bezościeżnicowa Estima KOL/085;Dveře posuvné w kasecie chowane w ścianę kaseta bezościeżnicowa Estima KOL/085. Cena zahrnuje systém a kování;DRZWIPRZESUWNEWKASECIECHOWANEWSCIANEKASETABEZOSCIEZNICOWAESTIMAK
QG-0167;;Dveře posuvné w kasecie chowane w ścianę kaseta bezościeżnicowa Estima KOL/079;22707;15660;CZK;1;21;Dveře posuvné w kasecie chowane w ścianę kaseta bezościeżnicowa Estima KOL/079. Cena zahrnuje systém a kování;Dveře posuvné w kasecie chowane w ścianę kaseta bezościeżnicowa Estima KOL/079. Kategorie: Posuvné dveře do pouzdra. Orientační cena — finální nabídka podle rozměrů a provedení.;https://qubaglass.pl/environment/cache/images/productGfx_4360_700_700/drzwi_w_kasecie_grafika_kol_079.jpg;Skleněné dveře|Posuvné dveře do pouzdra;Quba Glass;Quba Glass;visible;ks;product;Dveře posuvné w kasecie chowane w ścianę kaseta bezościeżnicowa Estima KOL/079;Dveře posuvné w kasecie chowane w ścianę kaseta bezościeżnicowa Estima KOL/079. Cena zahrnuje systém a kování;DRZWIPRZESUWNEWKASECIECHOWANEWSCIANEKASETABEZOSCIEZNICOWAESTIMAK
QG-0168;;Dveře posuvné w kasecie chowane w ścianę kaseta bezościeżnicowa Estima KOL/077;22707;15660;CZK;1;21;Dveře posuvné w kasecie chowane w ścianę kaseta bezościeżnicowa Estima KOL/077. Cena zahrnuje systém a kování;Dveře posuvné w kasecie chowane w ścianę kaseta bezościeżnicowa Estima KOL/077. Kategorie: Posuvné dveře do pouzdra. Orientační cena — finální nabídka podle rozměrů a provedení.;https://qubaglass.pl/environment/cache/images/productGfx_4359_700_700/drzwi_w_kasecie_grafika_kol_077.jpg;Skleněné dveře|Posuvné dveře do pouzdra;Quba Glass;Quba Glass;visible;ks;product;Dveře posuvné w kasecie chowane w ścianę kaseta bezościeżnicowa Estima KOL/077;Dveře posuvné w kasecie chowane w ścianę kaseta bezościeżnicowa Estima KOL/077. Cena zahrnuje systém a kování;DRZWIPRZESUWNEWKASECIECHOWANEWSCIANEKASETABEZOSCIEZNICOWAESTIMAK
QG-0169;;Dveře posuvné w kasecie chowane w ścianę kaseta bezościeżnicowa Estima KOL/056;22707;15660;CZK;1;21;Dveře posuvné w kasecie chowane w ścianę kaseta bezościeżnicowa Estima KOL/056. Cena zahrnuje systém a kování;Dveře posuvné w kasecie chowane w ścianę kaseta bezościeżnicowa Estima KOL/056. Kategorie: Posuvné dveře do pouzdra. Orientační cena — finální nabídka podle rozměrů a provedení.;https://qubaglass.pl/environment/cache/images/productGfx_1481_700_700/drzwi_w_kasecie_grafika_KOL_056.jpg;Skleněné dveře|Posuvné dveře do pouzdra;Quba Glass;Quba Glass;visible;ks;product;Dveře posuvné w kasecie chowane w ścianę kaseta bezościeżnicowa Estima KOL/056;Dveře posuvné w kasecie chowane w ścianę kaseta bezościeżnicowa Estima KOL/056. Cena zahrnuje systém a kování;DRZWIPRZESUWNEWKASECIECHOWANEWSCIANEKASETABEZOSCIEZNICOWAESTIMAK
QG-0170;;Dveře posuvné w kasecie chowane w ścianę kaseta bezościeżnicowa Estima KOL/062;22707;15660;CZK;1;21;Dveře posuvné w kasecie chowane w ścianę kaseta bezościeżnicowa Estima KOL/062. Cena zahrnuje systém a kování;Dveře posuvné w kasecie chowane w ścianę kaseta bezościeżnicowa Estima KOL/062. Kategorie: Posuvné dveře do pouzdra. Orientační cena — finální nabídka podle rozměrů a provedení.;https://qubaglass.pl/environment/cache/images/productGfx_1478_700_700/drzwi_W_kasecie_grafika_kol_062.jpg;Skleněné dveře|Posuvné dveře do pouzdra;Quba Glass;Quba Glass;visible;ks;product;Dveře posuvné w kasecie chowane w ścianę kaseta bezościeżnicowa Estima KOL/062;Dveře posuvné w kasecie chowane w ścianę kaseta bezościeżnicowa Estima KOL/062. Cena zahrnuje systém a kování;DRZWIPRZESUWNEWKASECIECHOWANEWSCIANEKASETABEZOSCIEZNICOWAESTIMAK
QG-0171;;Dveře posuvné w kasecie chowane w ścianę kaseta bezościeżnicowa Estima KOL/061;22707;15660;CZK;1;21;Dveře posuvné w kasecie chowane w ścianę kaseta bezościeżnicowa Estima KOL/061. Cena zahrnuje systém a kování;Dveře posuvné w kasecie chowane w ścianę kaseta bezościeżnicowa Estima KOL/061. Kategorie: Posuvné dveře do pouzdra. Orientační cena — finální nabídka podle rozměrů a provedení.;https://qubaglass.pl/environment/cache/images/productGfx_1475_700_700/drzwi_w_kasecie_grafika_kol_061.jpg;Skleněné dveře|Posuvné dveře do pouzdra;Quba Glass;Quba Glass;visible;ks;product;Dveře posuvné w kasecie chowane w ścianę kaseta bezościeżnicowa Estima KOL/061;Dveře posuvné w kasecie chowane w ścianę kaseta bezościeżnicowa Estima KOL/061. Cena zahrnuje systém a kování;DRZWIPRZESUWNEWKASECIECHOWANEWSCIANEKASETABEZOSCIEZNICOWAESTIMAK
QG-0172;;Dveře posuvné w kasecie chowane w ścianę kaseta bezościeżnicowa Estima KOL/052;22707;15660;CZK;1;21;Dveře posuvné w kasecie chowane w ścianę kaseta bezościeżnicowa Estima KOL/052. Cena zahrnuje systém a kování;Dveře posuvné w kasecie chowane w ścianę kaseta bezościeżnicowa Estima KOL/052. Kategorie: Posuvné dveře do pouzdra. Orientační cena — finální nabídka podle rozměrů a provedení.;https://qubaglass.pl/environment/cache/images/productGfx_1487_700_700/drzwi_w_kasecie_kol_052.jpg;Skleněné dveře|Posuvné dveře do pouzdra;Quba Glass;Quba Glass;visible;ks;product;Dveře posuvné w kasecie chowane w ścianę kaseta bezościeżnicowa Estima KOL/052;Dveře posuvné w kasecie chowane w ścianę kaseta bezościeżnicowa Estima KOL/052. Cena zahrnuje systém a kování;DRZWIPRZESUWNEWKASECIECHOWANEWSCIANEKASETABEZOSCIEZNICOWAESTIMAK
QG-0173;;Dveře posuvné w kasecie chowane w ścianę kaseta bezościeżnicowa Estima KOL/040;22707;15660;CZK;1;21;Dveře posuvné w kasecie chowane w ścianę kaseta bezościeżnicowa Estima KOL/040. Cena zahrnuje systém a kování;Dveře posuvné w kasecie chowane w ścianę kaseta bezościeżnicowa Estima KOL/040. Kategorie: Posuvné dveře do pouzdra. Orientační cena — finální nabídka podle rozměrů a provedení.;https://qubaglass.pl/environment/cache/images/productGfx_4404_700_700/drzwi_szklane_w_kasecie_estima_kol_040.jpg;Skleněné dveře|Posuvné dveře do pouzdra;Quba Glass;Quba Glass;visible;ks;product;Dveře posuvné w kasecie chowane w ścianę kaseta bezościeżnicowa Estima KOL/040;Dveře posuvné w kasecie chowane w ścianę kaseta bezościeżnicowa Estima KOL/040. Cena zahrnuje systém a kování;DRZWIPRZESUWNEWKASECIECHOWANEWSCIANEKASETABEZOSCIEZNICOWAESTIMAK
QG-0174;;Dveře posuvné w kasecie chowane w ścianę kaseta bezościeżnicowa Estima KOL/051;22707;15660;CZK;1;21;Dveře posuvné w kasecie chowane w ścianę kaseta bezościeżnicowa Estima KOL/051. Cena zahrnuje systém a kování;Dveře posuvné w kasecie chowane w ścianę kaseta bezościeżnicowa Estima KOL/051. Kategorie: Posuvné dveře do pouzdra. Orientační cena — finální nabídka podle rozměrů a provedení.;https://qubaglass.pl/environment/cache/images/productGfx_1488_700_700/drzwi_w_kasecie_grafika_kol_051.jpg;Skleněné dveře|Posuvné dveře do pouzdra;Quba Glass;Quba Glass;visible;ks;product;Dveře posuvné w kasecie chowane w ścianę kaseta bezościeżnicowa Estima KOL/051;Dveře posuvné w kasecie chowane w ścianę kaseta bezościeżnicowa Estima KOL/051. Cena zahrnuje systém a kování;DRZWIPRZESUWNEWKASECIECHOWANEWSCIANEKASETABEZOSCIEZNICOWAESTIMAK
QG-0175;;Dveře posuvné w kasecie chowane w ścianę kaseta bezościeżnicowa Estima KOL/059;22707;15660;CZK;1;21;Dveře posuvné w kasecie chowane w ścianę kaseta bezościeżnicowa Estima KOL/059. Cena zahrnuje systém a kování;Dveře posuvné w kasecie chowane w ścianę kaseta bezościeżnicowa Estima KOL/059. Kategorie: Posuvné dveře do pouzdra. Orientační cena — finální nabídka podle rozměrů a provedení.;https://qubaglass.pl/environment/cache/images/productGfx_1484_700_700/drzwi_w_kasecie_grafika_kol_059.jpg;Skleněné dveře|Posuvné dveře do pouzdra;Quba Glass;Quba Glass;visible;ks;product;Dveře posuvné w kasecie chowane w ścianę kaseta bezościeżnicowa Estima KOL/059;Dveře posuvné w kasecie chowane w ścianę kaseta bezościeżnicowa Estima KOL/059. Cena zahrnuje systém a kování;DRZWIPRZESUWNEWKASECIECHOWANEWSCIANEKASETABEZOSCIEZNICOWAESTIMAK
QG-0176;;Dveře posuvné w kasecie chowane w ścianę kaseta bezościeżnicowa Estima KOL/080;22707;15660;CZK;1;21;Dveře posuvné w kasecie chowane w ścianę kaseta bezościeżnicowa Estima KOL/080. Cena zahrnuje systém a kování;Dveře posuvné w kasecie chowane w ścianę kaseta bezościeżnicowa Estima KOL/080. Kategorie: Posuvné dveře do pouzdra. Orientační cena — finální nabídka podle rozměrů a provedení.;https://qubaglass.pl/environment/cache/images/productGfx_4361_700_700/drzwi_w_kasecie_estima_grafika_kol080.jpg;Skleněné dveře|Posuvné dveře do pouzdra;Quba Glass;Quba Glass;visible;ks;product;Dveře posuvné w kasecie chowane w ścianę kaseta bezościeżnicowa Estima KOL/080;Dveře posuvné w kasecie chowane w ścianę kaseta bezościeżnicowa Estima KOL/080. Cena zahrnuje systém a kování;DRZWIPRZESUWNEWKASECIECHOWANEWSCIANEKASETABEZOSCIEZNICOWAESTIMAK
QG-0177;;Dveře posuvné w kasecie chowane w ścianę kaseta bezościeżnicowa Estima KOL/081;22707;15660;CZK;1;21;Dveře posuvné w kasecie chowane w ścianę kaseta bezościeżnicowa Estima KOL/081. Cena zahrnuje systém a kování;Dveře posuvné w kasecie chowane w ścianę kaseta bezościeżnicowa Estima KOL/081. Kategorie: Posuvné dveře do pouzdra. Orientační cena — finální nabídka podle rozměrů a provedení.;https://qubaglass.pl/environment/cache/images/productGfx_4362_700_700/kaseta_estima_kol_081.jpg;Skleněné dveře|Posuvné dveře do pouzdra;Quba Glass;Quba Glass;visible;ks;product;Dveře posuvné w kasecie chowane w ścianę kaseta bezościeżnicowa Estima KOL/081;Dveře posuvné w kasecie chowane w ścianę kaseta bezościeżnicowa Estima KOL/081. Cena zahrnuje systém a kování;DRZWIPRZESUWNEWKASECIECHOWANEWSCIANEKASETABEZOSCIEZNICOWAESTIMAK
QG-0178;;Dveře posuvné w kasecie chowane w ścianę kaseta bezościeżnicowa Estima KOL/082;22707;15660;CZK;1;21;Dveře posuvné w kasecie chowane w ścianę kaseta bezościeżnicowa Estima KOL/082. Cena zahrnuje systém a kování;Dveře posuvné w kasecie chowane w ścianę kaseta bezościeżnicowa Estima KOL/082. Kategorie: Posuvné dveře do pouzdra. Orientační cena — finální nabídka podle rozměrů a provedení.;https://qubaglass.pl/environment/cache/images/productGfx_4363_700_700/112e4f21d4e61fbf8ab60627583199f9.jpg;Skleněné dveře|Posuvné dveře do pouzdra;Quba Glass;Quba Glass;visible;ks;product;Dveře posuvné w kasecie chowane w ścianę kaseta bezościeżnicowa Estima KOL/082;Dveře posuvné w kasecie chowane w ścianę kaseta bezościeżnicowa Estima KOL/082. Cena zahrnuje systém a kování;DRZWIPRZESUWNEWKASECIECHOWANEWSCIANEKASETABEZOSCIEZNICOWAESTIMAK
QG-0179;;Dveře posuvné w kasecie chowane w ścianę kaseta bezościeżnicowa Estima KOL/101L;22707;15660;CZK;1;21;Dveře posuvné w kasecie chowane w ścianę kaseta bezościeżnicowa Estima KOL/101L. Cena zahrnuje systém a kování;Dveře posuvné w kasecie chowane w ścianę kaseta bezościeżnicowa Estima KOL/101L. Kategorie: Posuvné dveře do pouzdra. Orientační cena — finální nabídka podle rozměrů a provedení.;https://qubaglass.pl/environment/cache/images/productGfx_4409_700_700/drzwi_w_kasecie_grafika_kol_101l.jpg;Skleněné dveře|Posuvné dveře do pouzdra;Quba Glass;Quba Glass;visible;ks;product;Dveře posuvné w kasecie chowane w ścianę kaseta bezościeżnicowa Estima KOL/101L;Dveře posuvné w kasecie chowane w ścianę kaseta bezościeżnicowa Estima KOL/101L. Cena zahrnuje systém a kování;DRZWIPRZESUWNEWKASECIECHOWANEWSCIANEKASETABEZOSCIEZNICOWAESTIMAK
QG-0180;;Dveře posuvné w kasecie chowane w ścianę kaseta bezościeżnicowa Estima KOL/101P;22707;15660;CZK;1;21;Dveře posuvné w kasecie chowane w ścianę kaseta bezościeżnicowa Estima KOL/101P. Cena zahrnuje systém a kování;Dveře posuvné w kasecie chowane w ścianę kaseta bezościeżnicowa Estima KOL/101P. Kategorie: Posuvné dveře do pouzdra. Orientační cena — finální nabídka podle rozměrů a provedení.;https://qubaglass.pl/environment/cache/images/productGfx_4410_700_700/drzwi_w_kasecie_grafika_kol_101p.jpg;Skleněné dveře|Posuvné dveře do pouzdra;Quba Glass;Quba Glass;visible;ks;product;Dveře posuvné w kasecie chowane w ścianę kaseta bezościeżnicowa Estima KOL/101P;Dveře posuvné w kasecie chowane w ścianę kaseta bezościeżnicowa Estima KOL/101P. Cena zahrnuje systém a kování;DRZWIPRZESUWNEWKASECIECHOWANEWSCIANEKASETABEZOSCIEZNICOWAESTIMAK
QG-0181;;Dveře posuvné w kasecie chowane w ścianę kaseta bezościeżnicowa Estima KOL/040 + černé szkło;23548;16240;CZK;1;21;Dveře posuvné w kasecie chowane w ścianę kaseta bezościeżnicowa Estima KOL/040 + černé szkło. Cena zahrnuje systém a kování;Dveře posuvné w kasecie chowane w ścianę kaseta bezościeżnicowa Estima KOL/040 + černé szkło. Kategorie: Posuvné dveře do pouzdra. Orientační cena — finální nabídka podle rozměrů a provedení.;https://qubaglass.pl/environment/cache/images/productGfx_1494_700_700/drzwi_w_kasecie_estima_kol040_czarne_szklo.jpg;Skleněné dveře|Posuvné dveře do pouzdra;Quba Glass;Quba Glass;visible;ks;product;Dveře posuvné w kasecie chowane w ścianę kaseta bezościeżnicowa Estima KOL/040 + černé szkło;Dveře posuvné w kasecie chowane w ścianę kaseta bezościeżnicowa Estima KOL/040 + černé szkło. Cena zahrnuje systém a kování;DRZWIPRZESUWNEWKASECIECHOWANEWSCIANEKASETABEZOSCIEZNICOWAESTIMAK
QG-0182;;Dveře posuvné w kasecie chowane w ścianę kaseta bezościeżnicowa Estima KOL/051+černé szkło;23548;16240;CZK;1;21;Dveře posuvné w kasecie chowane w ścianę kaseta bezościeżnicowa Estima KOL/051+černé szkło. Cena zahrnuje systém a kování;Dveře posuvné w kasecie chowane w ścianę kaseta bezościeżnicowa Estima KOL/051+černé szkło. Kategorie: Posuvné dveře do pouzdra. Orientační cena — finální nabídka podle rozměrů a provedení.;https://qubaglass.pl/environment/cache/images/productGfx_1502_700_700/drzwi_w_kasecie_kol_051.jpg;Skleněné dveře|Posuvné dveře do pouzdra;Quba Glass;Quba Glass;visible;ks;product;Dveře posuvné w kasecie chowane w ścianę kaseta bezościeżnicowa Estima KOL/051+černé szkło;Dveře posuvné w kasecie chowane w ścianę kaseta bezościeżnicowa Estima KOL/051+černé szkło. Cena zahrnuje systém a kování;DRZWIPRZESUWNEWKASECIECHOWANEWSCIANEKASETABEZOSCIEZNICOWAESTIMAK
QG-0183;;Dveře posuvné w kasecie chowane w ścianę kaseta bezościeżnicowa Estima KOL/052 + černé szkło;23548;16240;CZK;1;21;Dveře posuvné w kasecie chowane w ścianę kaseta bezościeżnicowa Estima KOL/052 + černé szkło. Cena zahrnuje systém a kování;Dveře posuvné w kasecie chowane w ścianę kaseta bezościeżnicowa Estima KOL/052 + černé szkło. Kategorie: Posuvné dveře do pouzdra. Orientační cena — finální nabídka podle rozměrů a provedení.;https://qubaglass.pl/environment/cache/images/productGfx_1510_700_700/drzwi_w_kasecie_grafika_kol_052_czarne_szklo.jpg;Skleněné dveře|Posuvné dveře do pouzdra;Quba Glass;Quba Glass;visible;ks;product;Dveře posuvné w kasecie chowane w ścianę kaseta bezościeżnicowa Estima KOL/052 + černé szkło;Dveře posuvné w kasecie chowane w ścianę kaseta bezościeżnicowa Estima KOL/052 + černé szkło. Cena zahrnuje systém a kování;DRZWIPRZESUWNEWKASECIECHOWANEWSCIANEKASETABEZOSCIEZNICOWAESTIMAK
QG-0184;;Dveře posuvné w kasecie chowane w ścianę kaseta bezościeżnicowa Estima KOL/056 + černé szkło;23548;16240;CZK;1;21;Dveře posuvné w kasecie chowane w ścianę kaseta bezościeżnicowa Estima KOL/056 + černé szkło. Cena zahrnuje systém a kování;Dveře posuvné w kasecie chowane w ścianę kaseta bezościeżnicowa Estima KOL/056 + černé szkło. Kategorie: Posuvné dveře do pouzdra. Orientační cena — finální nabídka podle rozměrů a provedení.;https://qubaglass.pl/environment/cache/images/productGfx_1518_700_700/b445c36bde416372c21737e32b4c8a72.jpg;Skleněné dveře|Posuvné dveře do pouzdra;Quba Glass;Quba Glass;visible;ks;product;Dveře posuvné w kasecie chowane w ścianę kaseta bezościeżnicowa Estima KOL/056 + černé szkło;Dveře posuvné w kasecie chowane w ścianę kaseta bezościeżnicowa Estima KOL/056 + černé szkło. Cena zahrnuje systém a kování;DRZWIPRZESUWNEWKASECIECHOWANEWSCIANEKASETABEZOSCIEZNICOWAESTIMAK
QG-0185;;Dveře posuvné w kasecie chowane w ścianę kaseta bezościeżnicowa Estima KOL/059 + černé szkło;23548;16240;CZK;1;21;Dveře posuvné w kasecie chowane w ścianę kaseta bezościeżnicowa Estima KOL/059 + černé szkło. Cena zahrnuje systém a kování;Dveře posuvné w kasecie chowane w ścianę kaseta bezościeżnicowa Estima KOL/059 + černé szkło. Kategorie: Posuvné dveře do pouzdra. Orientační cena — finální nabídka podle rozměrů a provedení.;https://qubaglass.pl/environment/cache/images/productGfx_1526_700_700/drzwi_w_kasecie_kol_059_estima.jpg;Skleněné dveře|Posuvné dveře do pouzdra;Quba Glass;Quba Glass;visible;ks;product;Dveře posuvné w kasecie chowane w ścianę kaseta bezościeżnicowa Estima KOL/059 + černé szkło;Dveře posuvné w kasecie chowane w ścianę kaseta bezościeżnicowa Estima KOL/059 + černé szkło. Cena zahrnuje systém a kování;DRZWIPRZESUWNEWKASECIECHOWANEWSCIANEKASETABEZOSCIEZNICOWAESTIMAK
QG-0186;;Dveře posuvné w kasecie chowane w ścianę kaseta bezościeżnicowa Estima KOL/061 + černé szkło;23548;16240;CZK;1;21;Dveře posuvné w kasecie chowane w ścianę kaseta bezościeżnicowa Estima KOL/061 + černé szkło. Cena zahrnuje systém a kování;Dveře posuvné w kasecie chowane w ścianę kaseta bezościeżnicowa Estima KOL/061 + černé szkło. Kategorie: Posuvné dveře do pouzdra. Orientační cena — finální nabídka podle rozměrů a provedení.;https://qubaglass.pl/environment/cache/images/productGfx_1534_700_700/52be97037c6b1bdf4a2f8bda084287d3.jpg;Skleněné dveře|Posuvné dveře do pouzdra;Quba Glass;Quba Glass;visible;ks;product;Dveře posuvné w kasecie chowane w ścianę kaseta bezościeżnicowa Estima KOL/061 + černé szkło;Dveře posuvné w kasecie chowane w ścianę kaseta bezościeżnicowa Estima KOL/061 + černé szkło. Cena zahrnuje systém a kování;DRZWIPRZESUWNEWKASECIECHOWANEWSCIANEKASETABEZOSCIEZNICOWAESTIMAK
QG-0187;;Dveře posuvné w kasecie chowane w ścianę kaseta bezościeżnicowa Estima KOL/062 + černé szkło;23548;16240;CZK;1;21;Dveře posuvné w kasecie chowane w ścianę kaseta bezościeżnicowa Estima KOL/062 + černé szkło. Cena zahrnuje systém a kování;Dveře posuvné w kasecie chowane w ścianę kaseta bezościeżnicowa Estima KOL/062 + černé szkło. Kategorie: Posuvné dveře do pouzdra. Orientační cena — finální nabídka podle rozměrů a provedení.;https://qubaglass.pl/environment/cache/images/productGfx_1544_700_700/kaseta_estima_kol_062_czarna_folia.jpg;Skleněné dveře|Posuvné dveře do pouzdra;Quba Glass;Quba Glass;visible;ks;product;Dveře posuvné w kasecie chowane w ścianę kaseta bezościeżnicowa Estima KOL/062 + černé szkło;Dveře posuvné w kasecie chowane w ścianę kaseta bezościeżnicowa Estima KOL/062 + černé szkło. Cena zahrnuje systém a kování;DRZWIPRZESUWNEWKASECIECHOWANEWSCIANEKASETABEZOSCIEZNICOWAESTIMAK
QG-0188;;Dveře skleněné otevírané samozamykacz loft szprosy biała ramka;26071;17980;CZK;1;21;Dveře skleněné otevírané samozamykacz loft szprosy biała ramka. Cena zahrnuje systém a kování;Dveře skleněné otevírané samozamykacz loft szprosy biała ramka. Kategorie: Otočné dveře. Orientační cena — finální nabídka podle rozměrů a provedení.;https://qubaglass.pl/environment/cache/images/productGfx_10979_700_700/drzwi_szklane_z_bialymi_okuciami_qubaglass.jpg;Skleněné dveře|Otočné dveře;Quba Glass;Quba Glass;visible;ks;product;Dveře skleněné otevírané samozamykacz loft szprosy biała ramka;Dveře skleněné otevírané samozamykacz loft szprosy biała ramka. Cena zahrnuje systém a kování;DRZWISZKLANEOTWIERANESAMOZAMYKACZLOFTSZPROSYBIALARAMKA
QG-0189;;Dveře skleněné otevírané samozamykacz loft szprosy czarna ramka;24389;16820;CZK;1;21;Dveře skleněné otevírané samozamykacz loft szprosy czarna ramka. Cena zahrnuje systém a kování;Dveře skleněné otevírané samozamykacz loft szprosy czarna ramka. Kategorie: Otočné dveře. Orientační cena — finální nabídka podle rozměrů a provedení.;https://qubaglass.pl/environment/cache/images/productGfx_7028_700_700/Beztytulu.jpg;Skleněné dveře|Otočné dveře;Quba Glass;Quba Glass;visible;ks;product;Dveře skleněné otevírané samozamykacz loft szprosy czarna ramka;Dveře skleněné otevírané samozamykacz loft szprosy czarna ramka. Cena zahrnuje systém a kování;DRZWISZKLANEOTWIERANESAMOZAMYKACZLOFTSZPROSYCZARNARAMKA
QG-0190;;Dveře skleněné samozamykacz otočné otevírané bílé+ loft nadruk szprosy;25230;17400;CZK;1;21;Dveře skleněné samozamykacz otočné otevírané bílé+ loft nadruk szprosy. Cena zahrnuje systém a kování;Dveře skleněné samozamykacz otočné otevírané bílé+ loft nadruk szprosy. Kategorie: Otočné dveře. Orientační cena — finální nabídka podle rozměrů a provedení.;https://qubaglass.pl/environment/cache/images/productGfx_8538_700_700/IMG_6828x2.jpg;Skleněné dveře|Otočné dveře;Quba Glass;Quba Glass;visible;ks;product;Dveře skleněné samozamykacz otočné otevírané bílé+ loft nadruk szprosy;Dveře skleněné samozamykacz otočné otevírané bílé+ loft nadruk szprosy. Cena zahrnuje systém a kování;DRZWISZKLANESAMOZAMYKACZWAHADLOWEOTWIERANEBIALELOFTNADRUKSZPROSY
QG-0191;;Dveře skleněné otočné na samozamykaczu podwójne samozamykacz na míru;31958;22040;CZK;1;21;Dveře skleněné otočné na samozamykaczu podwójne samozamykacz na míru. Cena zahrnuje systém a kování;Dveře skleněné otočné na samozamykaczu podwójne samozamykacz na míru. Kategorie: Otočné dveře. Orientační cena — finální nabídka podle rozměrů a provedení.;https://qubaglass.pl/environment/cache/images/productGfx_11037_700_700/drzwi_szklane_na_samzoamykaczu_qubaglass_podwojne.jpg;Skleněné dveře|Otočné dveře;Quba Glass;Quba Glass;visible;ks;product;Dveře skleněné otočné na samozamykaczu podwójne samozamykacz na míru;Dveře skleněné otočné na samozamykaczu podwójne samozamykacz na míru. Cena zahrnuje systém a kování;DRZWISZKLANEWAHADLOWENASAMOZAMYKACZUPODWOJNESAMOZAMYKACZNAWYMIAR
QG-0192;;Dveře skleněné otočné otevírané samozamykacz na míru matné;15979;11020;CZK;1;21;Dveře skleněné otočné otevírané samozamykacz na míru matné. Cena zahrnuje systém a kování;Dveře skleněné otočné otevírané samozamykacz na míru matné. Kategorie: Otočné dveře. Orientační cena — finální nabídka podle rozměrů a provedení.;https://qubaglass.pl/environment/cache/images/productGfx_1462_700_700/4f5cdd43be17c03347c1142e94267bf5.jpg;Skleněné dveře|Otočné dveře;Quba Glass;Quba Glass;visible;ks;product;Dveře skleněné otočné otevírané samozamykacz na míru matné;Dveře skleněné otočné otevírané samozamykacz na míru matné. Cena zahrnuje systém a kování;DRZWISZKLANEWAHADLOWEOTWIERANESAMOZAMYKACZNAWYMIARMATOWE
QG-0193;;Dveře skleněné otočné otevírané samozamykacz černé okucia szkło matné;18502;12760;CZK;1;21;Dveře skleněné otočné otevírané samozamykacz černé okucia szkło matné. Cena zahrnuje systém a kování;Dveře skleněné otočné otevírané samozamykacz černé okucia szkło matné. Kategorie: Otočné dveře. Orientační cena — finální nabídka podle rozměrů a provedení.;https://qubaglass.pl/environment/cache/images/productGfx_7857_700_700/prawe_matowe_drzwi_szklane_na_samozamykaczu_czarne_okucia.jpg;Skleněné dveře|Otočné dveře;Quba Glass;Quba Glass;visible;ks;product;Dveře skleněné otočné otevírané samozamykacz černé okucia szkło matné;Dveře skleněné otočné otevírané samozamykacz černé okucia szkło matné. Cena zahrnuje systém a kování;DRZWISZKLANEWAHADLOWEOTWIERANESAMOZAMYKACZCZARNEOKUCIASZKLOMATOW
QG-0194;;Dveře skleněné otočné otevírané samozamykacz černé okucia szkło przezroczyste;18502;12760;CZK;1;21;Dveře skleněné otočné otevírané samozamykacz černé okucia szkło przezroczyste. Cena zahrnuje systém a kování;Dveře skleněné otočné otevírané samozamykacz černé okucia szkło przezroczyste. Kategorie: Otočné dveře. Orientační cena — finální nabídka podle rozměrů a provedení.;https://qubaglass.pl/environment/cache/images/productGfx_7863_700_700/prawe_drzwi_Szklane_na_samozamykaczu_czarne_okucia.jpg;Skleněné dveře|Otočné dveře;Quba Glass;Quba Glass;visible;ks;product;Dveře skleněné otočné otevírané samozamykacz černé okucia szkło przezroczyste;Dveře skleněné otočné otevírané samozamykacz černé okucia szkło przezroczyste. Cena zahrnuje systém a kování;DRZWISZKLANEWAHADLOWEOTWIERANESAMOZAMYKACZCZARNEOKUCIASZKLOPRZEZ
QG-0195;;Dveře skleněné otevírané samozamykacz vzor piaskowany Q-111;35322;24360;CZK;1;21;Dveře skleněné otevírané samozamykacz vzor piaskowany Q-111. Cena zahrnuje systém a kování;Dveře skleněné otevírané samozamykacz vzor piaskowany Q-111. Kategorie: Otočné dveře. Orientační cena — finální nabídka podle rozměrů a provedení.;https://qubaglass.pl/environment/cache/images/productGfx_1784_700_700/11807d4010d9e943b8303f716f5ff851.jpg;Skleněné dveře|Otočné dveře;Quba Glass;Quba Glass;visible;ks;product;Dveře skleněné otevírané samozamykacz vzor piaskowany Q-111;Dveře skleněné otevírané samozamykacz vzor piaskowany Q-111. Cena zahrnuje systém a kování;DRZWISZKLANEOTWIERANESAMOZAMYKACZWZORPIASKOWANYQ111
QG-0196;;Dveře skleněné otevírané otočné na míru szkło matné;10681;7366;CZK;1;21;Dveře skleněné otevírané otočné na míru szkło matné. Cena zahrnuje systém a kování;Dveře skleněné otevírané otočné na míru szkło matné. Kategorie: Otočné dveře. Orientační cena — finální nabídka podle rozměrů a provedení.;https://qubaglass.pl/environment/cache/images/productGfx_1829_700_700/4ef0ff75c2b80cb07026d3d57be85a42.jpg;Skleněné dveře|Otočné dveře;Quba Glass;Quba Glass;visible;ks;product;Dveře skleněné otevírané otočné na míru szkło matné;Dveře skleněné otevírané otočné na míru szkło matné. Cena zahrnuje systém a kování;DRZWISZKLANEOTWIERANEWAHADLOWENAWYMIARSZKLOMATOWE
QG-0197;;Dveře skleněné podwójne samozamykacz grafika KOL/058;37004;25520;CZK;1;21;Dveře skleněné podwójne samozamykacz grafika KOL/058. Cena zahrnuje systém a kování;Dveře skleněné podwójne samozamykacz grafika KOL/058. Kategorie: Otočné dveře. Orientační cena — finální nabídka podle rozměrů a provedení.;https://qubaglass.pl/environment/cache/images/productGfx_1836_700_700/5cbf7a70aec4aa1af15655633908bcaf.jpg;Skleněné dveře|Otočné dveře;Quba Glass;Quba Glass;visible;ks;product;Dveře skleněné podwójne samozamykacz grafika KOL/058;Dveře skleněné podwójne samozamykacz grafika KOL/058. Cena zahrnuje systém a kování;DRZWISZKLANEPODWOJNESAMOZAMYKACZGRAFIKAKOL058
QG-0198;;Dveře skleněné otočné otevírané hnědé matné;15138;10440;CZK;1;21;Dveře skleněné otočné otevírané hnědé matné. Cena zahrnuje systém a kování;Dveře skleněné otočné otevírané hnědé matné. Kategorie: Otočné dveře. Orientační cena — finální nabídka podle rozměrů a provedení.;https://qubaglass.pl/environment/cache/images/productGfx_7730_700_700/drzwi_wahadlowe_matowe_brazowe_prawe.jpg;Skleněné dveře|Otočné dveře;Quba Glass;Quba Glass;visible;ks;product;Dveře skleněné otočné otevírané hnědé matné;Dveře skleněné otočné otevírané hnědé matné. Cena zahrnuje systém a kování;DRZWISZKLANEWAHADLOWEOTWIERANEBRAZOWEMATOWE
QG-0199;;Dveře skleněné otočné otevírané černé okucia szkło čiré;11774;8120;CZK;1;21;Dveře skleněné otočné otevírané černé okucia szkło čiré. Cena zahrnuje systém a kování;Dveře skleněné otočné otevírané černé okucia szkło čiré. Kategorie: Otočné dveře. Orientační cena — finální nabídka podle rozměrů a provedení.;https://qubaglass.pl/environment/cache/images/productGfx_8203_700_700/drzwi_wahadlowe_szklane_qubaglass-Bezbarwne-Czarnezawiasy-%E2%80%94-kopia.jpg;Skleněné dveře|Otočné dveře;Quba Glass;Quba Glass;visible;ks;product;Dveře skleněné otočné otevírané černé okucia szkło čiré;Dveře skleněné otočné otevírané černé okucia szkło čiré. Cena zahrnuje systém a kování;DRZWISZKLANEWAHADLOWEOTWIERANECZARNEOKUCIASZKLOBEZBARWNE
QG-0200;;Dveře skleněné otočné otevírané grafika KOL/141;18082;12470;CZK;1;21;Dveře skleněné otočné otevírané grafika KOL/141. Cena zahrnuje systém a kování;Dveře skleněné otočné otevírané grafika KOL/141. Kategorie: Otočné dveře. Orientační cena — finální nabídka podle rozměrů a provedení.;https://qubaglass.pl/environment/cache/images/productGfx_9008_700_700/drzwi_szklane_grafika_zlote_okucia_wahadlowe.jpg;Skleněné dveře|Otočné dveře;Quba Glass;Quba Glass;visible;ks;product;Dveře skleněné otočné otevírané grafika KOL/141;Dveře skleněné otočné otevírané grafika KOL/141. Cena zahrnuje systém a kování;DRZWISZKLANEWAHADLOWEOTWIERANEGRAFIKAKOL141
QG-0201;;Dveře skleněné otočné otevírané grafitové matné;15138;10440;CZK;1;21;Dveře skleněné otočné otevírané grafitové matné. Cena zahrnuje systém a kování;Dveře skleněné otočné otevírané grafitové matné. Kategorie: Otočné dveře. Orientační cena — finální nabídka podle rozměrů a provedení.;https://qubaglass.pl/environment/cache/images/productGfx_7742_700_700/drzwi_grafitowe_matowe_prawe.jpg;Skleněné dveře|Otočné dveře;Quba Glass;Quba Glass;visible;ks;product;Dveře skleněné otočné otevírané grafitové matné;Dveře skleněné otočné otevírané grafitové matné. Cena zahrnuje systém a kování;DRZWISZKLANEWAHADLOWEOTWIERANEGRAFITOWEMATOWE
QG-0202;;Dveře skleněné otočné otevírané laminované černé;13456;9280;CZK;1;21;Dveře skleněné otočné otevírané laminované černé. Cena zahrnuje systém a kování;Dveře skleněné otočné otevírané laminované černé. Kategorie: Otočné dveře. Orientační cena — finální nabídka podle rozměrů a provedení.;https://qubaglass.pl/environment/cache/images/productGfx_8195_700_700/drzwi_wahadlowe_szklane_qubaglass-PolyskCzarne-Czarnezawiasy-%E2%80%94-kopia.jpg;Skleněné dveře|Otočné dveře;Quba Glass;Quba Glass;visible;ks;product;Dveře skleněné otočné otevírané laminované černé;Dveře skleněné otočné otevírané laminované černé. Cena zahrnuje systém a kování;DRZWISZKLANEWAHADLOWEOTWIERANELAMINOWANECZARNE
QG-0203;;Dveře skleněné otočné otevírané laminované černé podwójne;26912;18560;CZK;1;21;Dveře skleněné otočné otevírané laminované černé podwójne. Cena zahrnuje systém a kování;Dveře skleněné otočné otevírané laminované černé podwójne. Kategorie: Otočné dveře. Orientační cena — finální nabídka podle rozměrů a provedení.;https://qubaglass.pl/environment/cache/images/productGfx_13952_700_700/drzwi-z-pochwytem-cale-czarne-podwojne-wiatroplap-%E2%80%94-kopia.jpg;Skleněné dveře|Otočné dveře;Quba Glass;Quba Glass;visible;ks;product;Dveře skleněné otočné otevírané laminované černé podwójne;Dveře skleněné otočné otevírané laminované černé podwójne. Cena zahrnuje systém a kování;DRZWISZKLANEWAHADLOWEOTWIERANELAMINOWANECZARNEPODWOJNE
QG-0204;;Dveře skleněné otočné otevírané loft nadruk szprosy ramka czarna;14297;9860;CZK;1;21;Dveře skleněné otočné otevírané loft nadruk szprosy ramka czarna. Cena zahrnuje systém a kování;Dveře skleněné otočné otevírané loft nadruk szprosy ramka czarna. Kategorie: Otočné dveře. Orientační cena — finální nabídka podle rozměrů a provedení.;https://qubaglass.pl/environment/cache/images/productGfx_7269_700_700/drzwi_szklane_wahadlowe_nadruk_szprosy_czarne.jpg;Skleněné dveře|Otočné dveře;Quba Glass;Quba Glass;visible;ks;product;Dveře skleněné otočné otevírané loft nadruk szprosy ramka czarna;Dveře skleněné otočné otevírané loft nadruk szprosy ramka czarna. Cena zahrnuje systém a kování;DRZWISZKLANEWAHADLOWEOTWIERANELOFTNADRUKSZPROSYRAMKACZARNA
QG-0205;;Dveře skleněné otočné otevírané na míru grafika GRAF/105;15138;10440;CZK;1;21;Dveře skleněné otočné otevírané na míru grafika GRAF/105. Cena zahrnuje systém a kování;Dveře skleněné otočné otevírané na míru grafika GRAF/105. Kategorie: Otočné dveře. Orientační cena — finální nabídka podle rozměrů a provedení.;https://qubaglass.pl/environment/cache/images/productGfx_8179_700_700/drzwi_szklane_na_zawiasach_otwierane_uchylne.jpg;Skleněné dveře|Otočné dveře;Quba Glass;Quba Glass;visible;ks;product;Dveře skleněné otočné otevírané na míru grafika GRAF/105;Dveře skleněné otočné otevírané na míru grafika GRAF/105. Cena zahrnuje systém a kování;DRZWISZKLANEWAHADLOWEOTWIERANENAWYMIARGRAFIKAGRAF105
QG-0206;;Dveře skleněné otočné otevírané na míru grafika KOL/114;12363;8526;CZK;1;21;Dveře skleněné otočné otevírané na míru grafika KOL/114. Cena zahrnuje systém a kování;Dveře skleněné otočné otevírané na míru grafika KOL/114. Kategorie: Otočné dveře. Orientační cena — finální nabídka podle rozměrů a provedení.;https://qubaglass.pl/environment/cache/images/productGfx_7680_700_700/grafika_KOL_114.jpg;Skleněné dveře|Otočné dveře;Quba Glass;Quba Glass;visible;ks;product;Dveře skleněné otočné otevírané na míru grafika KOL/114;Dveře skleněné otočné otevírané na míru grafika KOL/114. Cena zahrnuje systém a kování;DRZWISZKLANEWAHADLOWEOTWIERANENAWYMIARGRAFIKAKOL114
QG-0207;;Dveře skleněné otočné otevírané na míru grafika KOL/133;12363;8526;CZK;1;21;Dveře skleněné otočné otevírané na míru grafika KOL/133. Cena zahrnuje systém a kování;Dveře skleněné otočné otevírané na míru grafika KOL/133. Kategorie: Otočné dveře. Orientační cena — finální nabídka podle rozměrů a provedení.;https://qubaglass.pl/environment/cache/images/productGfx_7687_700_700/grafika_KOL_133.jpg;Skleněné dveře|Otočné dveře;Quba Glass;Quba Glass;visible;ks;product;Dveře skleněné otočné otevírané na míru grafika KOL/133;Dveře skleněné otočné otevírané na míru grafika KOL/133. Cena zahrnuje systém a kování;DRZWISZKLANEWAHADLOWEOTWIERANENAWYMIARGRAFIKAKOL133
QG-0208;;Dveře skleněné otočné otevírané na míru grafika KOL/134;12363;8526;CZK;1;21;Dveře skleněné otočné otevírané na míru grafika KOL/134. Cena zahrnuje systém a kování;Dveře skleněné otočné otevírané na míru grafika KOL/134. Kategorie: Otočné dveře. Orientační cena — finální nabídka podle rozměrů a provedení.;https://qubaglass.pl/environment/cache/images/productGfx_7695_700_700/grafika_KOL_134.jpg;Skleněné dveře|Otočné dveře;Quba Glass;Quba Glass;visible;ks;product;Dveře skleněné otočné otevírané na míru grafika KOL/134;Dveře skleněné otočné otevírané na míru grafika KOL/134. Cena zahrnuje systém a kování;DRZWISZKLANEWAHADLOWEOTWIERANENAWYMIARGRAFIKAKOL134
QG-0209;;Dveře skleněné otočné otevírané na míru grafika KOL/140;12363;8526;CZK;1;21;Dveře skleněné otočné otevírané na míru grafika KOL/140. Cena zahrnuje systém a kování;Dveře skleněné otočné otevírané na míru grafika KOL/140. Kategorie: Otočné dveře. Orientační cena — finální nabídka podle rozměrů a provedení.;https://qubaglass.pl/environment/cache/images/productGfx_7703_700_700/grafika_KOL_140.jpg;Skleněné dveře|Otočné dveře;Quba Glass;Quba Glass;visible;ks;product;Dveře skleněné otočné otevírané na míru grafika KOL/140;Dveře skleněné otočné otevírané na míru grafika KOL/140. Cena zahrnuje systém a kování;DRZWISZKLANEWAHADLOWEOTWIERANENAWYMIARGRAFIKAKOL140
QG-0210;;Dveře skleněné otočné otevírané na míru grafitové čiré;14297;9860;CZK;1;21;Dveře skleněné otočné otevírané na míru grafitové čiré. Cena zahrnuje systém a kování;Dveře skleněné otočné otevírané na míru grafitové čiré. Kategorie: Otočné dveře. Orientační cena — finální nabídka podle rozměrů a provedení.;https://qubaglass.pl/environment/cache/images/productGfx_7736_700_700/drzwi_grafitowe_bezbarwne_prawe.jpg;Skleněné dveře|Otočné dveře;Quba Glass;Quba Glass;visible;ks;product;Dveře skleněné otočné otevírané na míru grafitové čiré;Dveře skleněné otočné otevírané na míru grafitové čiré. Cena zahrnuje systém a kování;DRZWISZKLANEWAHADLOWEOTWIERANENAWYMIARGRAFITOWEBEZBARWNE
QG-0211;;Dveře skleněné otočné otevírané na míru przezroczyste;9840;6786;CZK;1;21;Dveře skleněné otočné otevírané na míru przezroczyste. Cena zahrnuje systém a kování;Dveře skleněné otočné otevírané na míru przezroczyste. Kategorie: Otočné dveře. Orientační cena — finální nabídka podle rozměrů a provedení.;https://qubaglass.pl/environment/cache/images/productGfx_7256_700_700/drzwi_wahadlowe_szklane_qubaglass.jpg;Skleněné dveře|Otočné dveře;Quba Glass;Quba Glass;visible;ks;product;Dveře skleněné otočné otevírané na míru przezroczyste;Dveře skleněné otočné otevírané na míru przezroczyste. Cena zahrnuje systém a kování;DRZWISZKLANEWAHADLOWEOTWIERANENAWYMIARPRZEZROCZYSTE
QG-0212;;Dveře skleněné otočné otevírané na míru szkło hnědé čiré;14297;9860;CZK;1;21;Dveře skleněné otočné otevírané na míru szkło hnědé čiré. Cena zahrnuje systém a kování;Dveře skleněné otočné otevírané na míru szkło hnědé čiré. Kategorie: Otočné dveře. Orientační cena — finální nabídka podle rozměrů a provedení.;https://qubaglass.pl/environment/cache/images/productGfx_7722_700_700/drzwi_wahadlowe_brazowe_bezbarwne_prawe.jpg;Skleněné dveře|Otočné dveře;Quba Glass;Quba Glass;visible;ks;product;Dveře skleněné otočné otevírané na míru szkło hnědé čiré;Dveře skleněné otočné otevírané na míru szkło hnědé čiré. Cena zahrnuje systém a kování;DRZWISZKLANEWAHADLOWEOTWIERANENAWYMIARSZKLOBRAZOWEBEZBARWNE
QG-0213;;Dveře skleněné otočné otevírané na míru szkło laminované bílé;15138;10440;CZK;1;21;Dveře skleněné otočné otevírané na míru szkło laminované bílé. Cena zahrnuje systém a kování;Dveře skleněné otočné otevírané na míru szkło laminované bílé. Kategorie: Otočné dveře. Orientační cena — finální nabídka podle rozměrů a provedení.;https://qubaglass.pl/environment/cache/images/productGfx_8189_700_700/drzwi_szklane_qubaglass_biale_wahadlowe.jpg;Skleněné dveře|Otočné dveře;Quba Glass;Quba Glass;visible;ks;product;Dveře skleněné otočné otevírané na míru szkło laminované bílé;Dveře skleněné otočné otevírané na míru szkło laminované bílé. Cena zahrnuje systém a kování;DRZWISZKLANEWAHADLOWEOTWIERANENAWYMIARSZKLOLAMINOWANEBIALE
QG-0214;;Dveře skleněné otočné otevírané podwójne na míru szkło matné;21361;14732;CZK;1;21;Dveře skleněné otočné otevírané podwójne na míru szkło matné. Cena zahrnuje systém a kování;Dveře skleněné otočné otevírané podwójne na míru szkło matné. Kategorie: Otočné dveře. Orientační cena — finální nabídka podle rozměrů a provedení.;https://qubaglass.pl/environment/cache/images/productGfx_1830_700_700/421bd5ee740cae810d0ab2c3cbf27bd9.jpg;Skleněné dveře|Otočné dveře;Quba Glass;Quba Glass;visible;ks;product;Dveře skleněné otočné otevírané podwójne na míru szkło matné;Dveře skleněné otočné otevírané podwójne na míru szkło matné. Cena zahrnuje systém a kování;DRZWISZKLANEWAHADLOWEOTWIERANEPODWOJNENAWYMIARSZKLOMATOWE
QG-0215;;Dveře skleněné otočné otevírané samozamykacz podwójne černé;37004;25520;CZK;1;21;Dveře skleněné otočné otevírané samozamykacz podwójne černé. Cena zahrnuje systém a kování;Dveře skleněné otočné otevírané samozamykacz podwójne černé. Kategorie: Otočné dveře. Orientační cena — finální nabídka podle rozměrů a provedení.;https://qubaglass.pl/environment/cache/images/productGfx_1466_700_700/0f50d970e553fc5a1685e423d10ca8fb.jpg;Skleněné dveře|Otočné dveře;Quba Glass;Quba Glass;visible;ks;product;Dveře skleněné otočné otevírané samozamykacz podwójne černé;Dveře skleněné otočné otevírané samozamykacz podwójne černé. Cena zahrnuje systém a kování;DRZWISZKLANEWAHADLOWEOTWIERANESAMOZAMYKACZPODWOJNECZARNE
QG-0216;;Dveře skleněné otočné otevírané z grafiką KOL/086 złote okucia;18082;12470;CZK;1;21;Dveře skleněné otočné otevírané z grafiką KOL/086 złote okucia. Cena zahrnuje systém a kování;Dveře skleněné otočné otevírané z grafiką KOL/086 złote okucia. Kategorie: Otočné dveře. Orientační cena — finální nabídka podle rozměrů a provedení.;https://qubaglass.pl/environment/cache/images/productGfx_8998_700_700/prawe_wahadlowe_kol_086_zlote_okucia.jpg;Skleněné dveře|Otočné dveře;Quba Glass;Quba Glass;visible;ks;product;Dveře skleněné otočné otevírané z grafiką KOL/086 złote okucia;Dveře skleněné otočné otevírané z grafiką KOL/086 złote okucia. Cena zahrnuje systém a kování;DRZWISZKLANEWAHADLOWEOTWIERANEZGRAFIKAKOL086ZLOTEOKUCIA
QG-0217;;Dveře skleněné otočné otevírané z grafiką KOL/142;18082;12470;CZK;1;21;Dveře skleněné otočné otevírané z grafiką KOL/142. Cena zahrnuje systém a kování;Dveře skleněné otočné otevírané z grafiką KOL/142. Kategorie: Otočné dveře. Orientační cena — finální nabídka podle rozměrů a provedení.;https://qubaglass.pl/environment/cache/images/productGfx_9014_700_700/drzwi_szklane_wahadlowe_prawe_grafika_kol_142.jpg;Skleněné dveře|Otočné dveře;Quba Glass;Quba Glass;visible;ks;product;Dveře skleněné otočné otevírané z grafiką KOL/142;Dveře skleněné otočné otevírané z grafiką KOL/142. Cena zahrnuje systém a kování;DRZWISZKLANEWAHADLOWEOTWIERANEZGRAFIKAKOL142
QG-0218;;Dveře skleněné otočné otevírané złote okucia grafika KOL/143;18082;12470;CZK;1;21;Dveře skleněné otočné otevírané złote okucia grafika KOL/143. Cena zahrnuje systém a kování;Dveře skleněné otočné otevírané złote okucia grafika KOL/143. Kategorie: Otočné dveře. Orientační cena — finální nabídka podle rozměrů a provedení.;https://qubaglass.pl/environment/cache/images/productGfx_9020_700_700/wahadlowe_drzwi_z_grafika_zlote_okucia_qubaglass.jpg;Skleněné dveře|Otočné dveře;Quba Glass;Quba Glass;visible;ks;product;Dveře skleněné otočné otevírané złote okucia grafika KOL/143;Dveře skleněné otočné otevírané złote okucia grafika KOL/143. Cena zahrnuje systém a kování;DRZWISZKLANEWAHADLOWEOTWIERANEZLOTEOKUCIAGRAFIKAKOL143
QG-0219;;Dveře skleněné otočné otevírané złote okucia grafika KOL/144;18082;12470;CZK;1;21;Dveře skleněné otočné otevírané złote okucia grafika KOL/144. Cena zahrnuje systém a kování;Dveře skleněné otočné otevírané złote okucia grafika KOL/144. Kategorie: Otočné dveře. Orientační cena — finální nabídka podle rozměrů a provedení.;https://qubaglass.pl/environment/cache/images/productGfx_9026_700_700/prawe_drzwi_wahadlowe_KOL_144_qubaglass.jpg;Skleněné dveře|Otočné dveře;Quba Glass;Quba Glass;visible;ks;product;Dveře skleněné otočné otevírané złote okucia grafika KOL/144;Dveře skleněné otočné otevírané złote okucia grafika KOL/144. Cena zahrnuje systém a kování;DRZWISZKLANEWAHADLOWEOTWIERANEZLOTEOKUCIAGRAFIKAKOL144
QG-0220;;Dveře skleněné otočné otevírané złote okucia grafika KOL/145;18082;12470;CZK;1;21;Dveře skleněné otočné otevírané złote okucia grafika KOL/145. Cena zahrnuje systém a kování;Dveře skleněné otočné otevírané złote okucia grafika KOL/145. Kategorie: Otočné dveře. Orientační cena — finální nabídka podle rozměrů a provedení.;https://qubaglass.pl/environment/cache/images/productGfx_9032_700_700/kol_145_drzwi_wahadlowe_szklane.jpg;Skleněné dveře|Otočné dveře;Quba Glass;Quba Glass;visible;ks;product;Dveře skleněné otočné otevírané złote okucia grafika KOL/145;Dveře skleněné otočné otevírané złote okucia grafika KOL/145. Cena zahrnuje systém a kování;DRZWISZKLANEWAHADLOWEOTWIERANEZLOTEOKUCIAGRAFIKAKOL145
QG-0221;;Dveře skleněné otočné otevírané złote okucia grafika KOL/146;18082;12470;CZK;1;21;Dveře skleněné otočné otevírané złote okucia grafika KOL/146. Cena zahrnuje systém a kování;Dveře skleněné otočné otevírané złote okucia grafika KOL/146. Kategorie: Otočné dveře. Orientační cena — finální nabídka podle rozměrů a provedení.;https://qubaglass.pl/environment/cache/images/productGfx_9038_700_700/kol_146_wahadlowe_drzwi_szklane_z_grafika.jpg;Skleněné dveře|Otočné dveře;Quba Glass;Quba Glass;visible;ks;product;Dveře skleněné otočné otevírané złote okucia grafika KOL/146;Dveře skleněné otočné otevírané złote okucia grafika KOL/146. Cena zahrnuje systém a kování;DRZWISZKLANEWAHADLOWEOTWIERANEZLOTEOKUCIAGRAFIKAKOL146
QG-0222;;Dveře skleněné otočné podwójne na míru vzor piaskowany paski 1.2;22202;15312;CZK;1;21;Dveře skleněné otočné podwójne na míru vzor piaskowany paski 1.2. Cena zahrnuje systém a kování;Dveře skleněné otočné podwójne na míru vzor piaskowany paski 1.2. Kategorie: Otočné dveře. Orientační cena — finální nabídka podle rozměrů a provedení.;https://qubaglass.pl/environment/cache/images/productGfx_1832_700_700/29794cc95340393011111dd5ef4e7853.jpg;Skleněné dveře|Otočné dveře;Quba Glass;Quba Glass;visible;ks;product;Dveře skleněné otočné podwójne na míru vzor piaskowany paski 1.2;Dveře skleněné otočné podwójne na míru vzor piaskowany paski 1.2. Cena zahrnuje systém a kování;DRZWISZKLANEWAHADLOWEPODWOJNENAWYMIARWZORPIASKOWANYPASKI12
QG-0223;;Dveře skleněné otočné podwójne otevírané vzor pasy 1.1;22202;15312;CZK;1;21;Dveře skleněné otočné podwójne otevírané vzor pasy 1.1. Cena zahrnuje systém a kování;Dveře skleněné otočné podwójne otevírané vzor pasy 1.1. Kategorie: Otočné dveře. Orientační cena — finální nabídka podle rozměrů a provedení.;https://qubaglass.pl/environment/cache/images/productGfx_1831_700_700/ef1a3282d9a32b0cfb6d7893d4b0db43.jpg;Skleněné dveře|Otočné dveře;Quba Glass;Quba Glass;visible;ks;product;Dveře skleněné otočné podwójne otevírané vzor pasy 1.1;Dveře skleněné otočné podwójne otevírané vzor pasy 1.1. Cena zahrnuje systém a kování;DRZWISZKLANEWAHADLOWEPODWOJNEOTWIERANEWZORPASY11
QG-0224;;Dveře skleněné otočné samozamykacz laminované černé;18502;12760;CZK;1;21;Dveře skleněné otočné samozamykacz laminované černé. Cena zahrnuje systém a kování;Dveře skleněné otočné samozamykacz laminované černé. Kategorie: Otočné dveře. Orientační cena — finální nabídka podle rozměrů a provedení.;https://qubaglass.pl/environment/cache/images/productGfx_1467_700_700/69e829338a93bc472cca0866f1d743c2.jpg;Skleněné dveře|Otočné dveře;Quba Glass;Quba Glass;visible;ks;product;Dveře skleněné otočné samozamykacz laminované černé;Dveře skleněné otočné samozamykacz laminované černé. Cena zahrnuje systém a kování;DRZWISZKLANEWAHADLOWESAMOZAMYKACZLAMINOWANECZARNE
QG-0225;;Dveře skleněné otočné z zawiasami hydraulicznymi z regulacją zamykania čiré;12447;8584;CZK;1;21;Dveře skleněné otočné z zawiasami hydraulicznymi z regulacją zamykania čiré. Cena zahrnuje systém a kování;Dveře skleněné otočné z zawiasami hydraulicznymi z regulacją zamykania čiré. Kategorie: Otočné dveře. Orientační cena — finální nabídka podle rozměrů a provedení.;https://qubaglass.pl/environment/cache/images/productGfx_13744_700_700/drzwi-z-zawiasem-hydraulicznym-samozamykacz.jpg;Skleněné dveře|Otočné dveře;Quba Glass;Quba Glass;visible;ks;product;Dveře skleněné otočné z zawiasami hydraulicznymi z regulacją zamykania čiré;Dveře skleněné otočné z zawiasami hydraulicznymi z regulacją zamykania čiré. Cena zahrnuje systém a kování;DRZWISZKLANEWAHADLOWEZZAWIASAMIHYDRAULICZNYMIZREGULACJAZAMYKANIA
QG-0226;;Dveře skleněné otevírané mocowane góra dół z zamkiem bez ościeżnicy bílé;16812;11594;CZK;1;21;Dveře skleněné otevírané mocowane góra dół z zamkiem bez ościeżnicy bílé. Cena zahrnuje systém a kování;Dveře skleněné otevírané mocowane góra dół z zamkiem bez ościeżnicy bílé. Kategorie: Otevírané dveře. Orientační cena — finální nabídka podle rozměrů a provedení.;https://qubaglass.pl/environment/cache/images/productGfx_10018_700_700/drzwi_szklane_mocowane_gora_dol_biale_okucia_czarne.jpg;Skleněné dveře|Otevírané dveře;Quba Glass;Quba Glass;visible;ks;product;Dveře skleněné otevírané mocowane góra dół z zamkiem bez ościeżnicy bílé;Dveře skleněné otevírané mocowane góra dół z zamkiem bez ościeżnicy bílé. Cena zahrnuje systém a kování;DRZWISZKLANEOTWIERANEMOCOWANEGORADOLZZAMKIEMBEZOSCIEZNICYBIALE
QG-0227;;Dveře skleněné otevírané mocowane góra dół z zamkiem bez ościeżnicy mocowane do ściany;13448;9274;CZK;1;21;Dveře skleněné otevírané mocowane góra dół z zamkiem bez ościeżnicy mocowane do ściany. Cena zahrnuje systém a kování;Dveře skleněné otevírané mocowane góra dół z zamkiem bez ościeżnicy mocowane do ściany. Kategorie: Otevírané dveře. Orientační cena — finální nabídka podle rozměrů a provedení.;https://qubaglass.pl/environment/cache/images/productGfx_6867_700_700/drzwi_mocowane_gora_dol_trawione.jpg;Skleněné dveře|Otevírané dveře;Quba Glass;Quba Glass;visible;ks;product;Dveře skleněné otevírané mocowane góra dół z zamkiem bez ościeżnicy mocowane do ściany;Dveře skleněné otevírané mocowane góra dół z zamkiem bez ościeżnicy mocowane do ściany. Cena zahrnuje systém a kování;DRZWISZKLANEOTWIERANEMOCOWANEGORADOLZZAMKIEMBEZOSCIEZNICYMOCOWAN
QG-0228;;Dveře skleněné otevírané mocowane góra dół z zamkiem bez ościeżnicy mocowane do ściany;12607;8694;CZK;1;21;Dveře skleněné otevírané mocowane góra dół z zamkiem bez ościeżnicy mocowane do ściany. Cena zahrnuje systém a kování;Dveře skleněné otevírané mocowane góra dół z zamkiem bez ościeżnicy mocowane do ściany. Kategorie: Otevírané dveře. Orientační cena — finální nabídka podle rozměrů a provedení.;https://qubaglass.pl/environment/cache/images/productGfx_9689_700_700/drzwi_szklane_z_zamkiem_qubaglass.jpg;Skleněné dveře|Otevírané dveře;Quba Glass;Quba Glass;visible;ks;product;Dveře skleněné otevírané mocowane góra dół z zamkiem bez ościeżnicy mocowane do ściany;Dveře skleněné otevírané mocowane góra dół z zamkiem bez ościeżnicy mocowane do ściany. Cena zahrnuje systém a kování;DRZWISZKLANEOTWIERANEMOCOWANEGORADOLZZAMKIEMBEZOSCIEZNICYMOCOWAN
QG-0229;;Dveře skleněné otevírané mocowane góra dół z zamkiem bez ościeżnicy mocowane do ściany čiré;14289;9854;CZK;1;21;Dveře skleněné otevírané mocowane góra dół z zamkiem bez ościeżnicy mocowane do ściany čiré. Cena zahrnuje systém a kování;Dveře skleněné otevírané mocowane góra dół z zamkiem bez ościeżnicy mocowane do ściany čiré. Kategorie: Otevírané dveře. Orientační cena — finální nabídka podle rozměrů a provedení.;https://qubaglass.pl/environment/cache/images/productGfx_10055_700_700/drzwi_szklane_z_zamkiem_mocowane_gora_dol_bezbarwne.jpg;Skleněné dveře|Otevírané dveře;Quba Glass;Quba Glass;visible;ks;product;Dveře skleněné otevírané mocowane góra dół z zamkiem bez ościeżnicy mocowane do ściany čiré;Dveře skleněné otevírané mocowane góra dół z zamkiem bez ościeżnicy mocowane do ściany čiré. Cena zahrnuje systém a kování;DRZWISZKLANEOTWIERANEMOCOWANEGORADOLZZAMKIEMBEZOSCIEZNICYMOCOWAN
QG-0230;;Dveře skleněné otevírané mocowane góra dół z zamkiem bez ościeżnicy mocowane do ściany bílé;15130;10434;CZK;1;21;Dveře skleněné otevírané mocowane góra dół z zamkiem bez ościeżnicy mocowane do ściany bílé. Cena zahrnuje systém a kování;Dveře skleněné otevírané mocowane góra dół z zamkiem bez ościeżnicy mocowane do ściany bílé. Kategorie: Otevírané dveře. Orientační cena — finální nabídka podle rozměrů a provedení.;https://qubaglass.pl/environment/cache/images/productGfx_9706_700_700/biale_drzwi_otwierane_okucia_satyna.jpg;Skleněné dveře|Otevírané dveře;Quba Glass;Quba Glass;visible;ks;product;Dveře skleněné otevírané mocowane góra dół z zamkiem bez ościeżnicy mocowane do ściany bílé;Dveře skleněné otevírané mocowane góra dół z zamkiem bez ościeżnicy mocowane do ściany bílé. Cena zahrnuje systém a kování;DRZWISZKLANEOTWIERANEMOCOWANEGORADOLZZAMKIEMBEZOSCIEZNICYMOCOWAN
QG-0231;;Dveře skleněné otevírané mocowane góra dół z zamkiem bez ościeżnicy mocowane do ściany černé;13448;9274;CZK;1;21;Dveře skleněné otevírané mocowane góra dół z zamkiem bez ościeżnicy mocowane do ściany černé. Cena zahrnuje systém a kování;Dveře skleněné otevírané mocowane góra dół z zamkiem bez ościeżnicy mocowane do ściany černé. Kategorie: Otevírané dveře. Orientační cena — finální nabídka podle rozměrů a provedení.;https://qubaglass.pl/environment/cache/images/productGfx_9698_700_700/drzwi_z_zamkiem_szklane_czarne.jpg;Skleněné dveře|Otevírané dveře;Quba Glass;Quba Glass;visible;ks;product;Dveře skleněné otevírané mocowane góra dół z zamkiem bez ościeżnicy mocowane do ściany černé;Dveře skleněné otevírané mocowane góra dół z zamkiem bez ościeżnicy mocowane do ściany černé. Cena zahrnuje systém a kování;DRZWISZKLANEOTWIERANEMOCOWANEGORADOLZZAMKIEMBEZOSCIEZNICYMOCOWAN
QG-0232;;Dveře skleněné otevírané mocowane góra dół z zamkiem bez ościeżnicy mocowane do ściany černé;15130;10434;CZK;1;21;Dveře skleněné otevírané mocowane góra dół z zamkiem bez ościeżnicy mocowane do ściany černé. Cena zahrnuje systém a kování;Dveře skleněné otevírané mocowane góra dół z zamkiem bez ościeżnicy mocowane do ściany černé. Kategorie: Otevírané dveře. Orientační cena — finální nabídka podle rozměrů a provedení.;https://qubaglass.pl/environment/cache/images/productGfx_10044_700_700/mocowane_gora_dol_drzwi__z_zamkiem_czarne.jpg;Skleněné dveře|Otevírané dveře;Quba Glass;Quba Glass;visible;ks;product;Dveře skleněné otevírané mocowane góra dół z zamkiem bez ościeżnicy mocowane do ściany černé;Dveře skleněné otevírané mocowane góra dół z zamkiem bez ościeżnicy mocowane do ściany černé. Cena zahrnuje systém a kování;DRZWISZKLANEOTWIERANEMOCOWANEGORADOLZZAMKIEMBEZOSCIEZNICYMOCOWAN
QG-0233;;Dveře skleněné otevírané mocowane góra dół z zamkiem bez ościeżnicy mocowane do ściany černé SZPROSY LOFT;18502;12760;CZK;1;21;Dveře skleněné otevírané mocowane góra dół z zamkiem bez ościeżnicy mocowane do ściany černé SZPROSY LOFT. Cena zahrnuje systém a kování;Dveře skleněné otevírané mocowane góra dół z zamkiem bez ościeżnicy mocowane do ściany černé SZPROSY LOFT. Kategorie: Otevírané dveře. Orientační cena — finální nabídka podle rozměrů a provedení.;https://qubaglass.pl/environment/cache/images/productGfx_10789_700_700/mocowane_gora_dol_szprosy_prawe.jpg;Skleněné dveře|Otevírané dveře;Quba Glass;Quba Glass;visible;ks;product;Dveře skleněné otevírané mocowane góra dół z zamkiem bez ościeżnicy mocowane do ściany černé SZPROSY LOFT;Dveře skleněné otevírané mocowane góra dół z zamkiem bez ościeżnicy mocowane do ściany černé SZPROSY LOFT. Cena zahrnuje systém a kování;DRZWISZKLANEOTWIERANEMOCOWANEGORADOLZZAMKIEMBEZOSCIEZNICYMOCOWAN
QG-0234;;Dveře skleněné otevírané mocowane góra dół z zamkiem bez ościeżnicy mocowane do ściany grafika KOL/107;14289;9854;CZK;1;21;Dveře skleněné otevírané mocowane góra dół z zamkiem bez ościeżnicy mocowane do ściany grafika KOL/107. Cena zahrnuje systém a kování;Dveře skleněné otevírané mocowane góra dół z zamkiem bez ościeżnicy mocowane do ściany grafika KOL/107. Kategorie: Otevírané dveře. Orientační cena — finální nabídka podle rozměrů a provedení.;https://qubaglass.pl/environment/cache/images/productGfx_6882_700_700/drzwi_mocowane_gora_dol_kol_107.jpg;Skleněné dveře|Otevírané dveře;Quba Glass;Quba Glass;visible;ks;product;Dveře skleněné otevírané mocowane góra dół z zamkiem bez ościeżnicy mocowane do ściany grafika KOL/107;Dveře skleněné otevírané mocowane góra dół z zamkiem bez ościeżnicy mocowane do ściany grafika KOL/107. Cena zahrnuje systém a kování;DRZWISZKLANEOTWIERANEMOCOWANEGORADOLZZAMKIEMBEZOSCIEZNICYMOCOWAN
QG-0235;;Dveře skleněné otevírané mocowane góra dół z zamkiem bez ościeżnicy mocowane do ściany grafika KOL/108;14289;9854;CZK;1;21;Dveře skleněné otevírané mocowane góra dół z zamkiem bez ościeżnicy mocowane do ściany grafika KOL/108. Cena zahrnuje systém a kování;Dveře skleněné otevírané mocowane góra dół z zamkiem bez ościeżnicy mocowane do ściany grafika KOL/108. Kategorie: Otevírané dveře. Orientační cena — finální nabídka podle rozměrů a provedení.;https://qubaglass.pl/environment/cache/images/productGfx_6869_700_700/drzwi_mocowane_gora_dol_kol_108.jpg;Skleněné dveře|Otevírané dveře;Quba Glass;Quba Glass;visible;ks;product;Dveře skleněné otevírané mocowane góra dół z zamkiem bez ościeżnicy mocowane do ściany grafika KOL/108;Dveře skleněné otevírané mocowane góra dół z zamkiem bez ościeżnicy mocowane do ściany grafika KOL/108. Cena zahrnuje systém a kování;DRZWISZKLANEOTWIERANEMOCOWANEGORADOLZZAMKIEMBEZOSCIEZNICYMOCOWAN
QG-0236;;Dveře skleněné otevírané mocowane góra dół z zamkiem bez ościeżnicy mocowane do ściany grafitové;15130;10434;CZK;1;21;Dveře skleněné otevírané mocowane góra dół z zamkiem bez ościeżnicy mocowane do ściany grafitové. Cena zahrnuje systém a kování;Dveře skleněné otevírané mocowane góra dół z zamkiem bez ościeżnicy mocowane do ściany grafitové. Kategorie: Otevírané dveře. Orientační cena — finální nabídka podle rozměrů a provedení.;https://qubaglass.pl/environment/cache/images/productGfx_9679_700_700/drzwi_otwierane_z_zamkiem_satyna_okucia.jpg;Skleněné dveře|Otevírané dveře;Quba Glass;Quba Glass;visible;ks;product;Dveře skleněné otevírané mocowane góra dół z zamkiem bez ościeżnicy mocowane do ściany grafitové;Dveře skleněné otevírané mocowane góra dół z zamkiem bez ościeżnicy mocowane do ściany grafitové. Cena zahrnuje systém a kování;DRZWISZKLANEOTWIERANEMOCOWANEGORADOLZZAMKIEMBEZOSCIEZNICYMOCOWAN
QG-0237;;Dveře skleněné otevírané mocowane góra dół z zamkiem bez ościeżnicy mocowane do ściany grafitové;16812;11594;CZK;1;21;Dveře skleněné otevírané mocowane góra dół z zamkiem bez ościeżnicy mocowane do ściany grafitové. Cena zahrnuje systém a kování;Dveře skleněné otevírané mocowane góra dół z zamkiem bez ościeżnicy mocowane do ściany grafitové. Kategorie: Otevírané dveře. Orientační cena — finální nabídka podle rozměrů a provedení.;https://qubaglass.pl/environment/cache/images/productGfx_10031_700_700/drzwi_szklane_mocowane_gora_dol_grafit_czarne_okucia.jpg;Skleněné dveře|Otevírané dveře;Quba Glass;Quba Glass;visible;ks;product;Dveře skleněné otevírané mocowane góra dół z zamkiem bez ościeżnicy mocowane do ściany grafitové;Dveře skleněné otevírané mocowane góra dół z zamkiem bez ościeżnicy mocowane do ściany grafitové. Cena zahrnuje systém a kování;DRZWISZKLANEOTWIERANEMOCOWANEGORADOLZZAMKIEMBEZOSCIEZNICYMOCOWAN
QG-0238;;Dveře skleněné otevírané z zamkiem system bez ościeżnic grafika KOL/071;13036;8990;CZK;1;21;Dveře skleněné otevírané z zamkiem system bez ościeżnic grafika KOL/071. Cena zahrnuje systém a kování;Dveře skleněné otevírané z zamkiem system bez ościeżnic grafika KOL/071. Kategorie: Otevírané dveře. Orientační cena — finální nabídka podle rozměrů a provedení.;https://qubaglass.pl/environment/cache/images/productGfx_6866_700_700/drzwi_system_bez_oscieznic_grafika_kol_71.jpg;Skleněné dveře|Otevírané dveře;Quba Glass;Quba Glass;visible;ks;product;Dveře skleněné otevírané z zamkiem system bez ościeżnic grafika KOL/071;Dveře skleněné otevírané z zamkiem system bez ościeżnic grafika KOL/071. Cena zahrnuje systém a kování;DRZWISZKLANEOTWIERANEZZAMKIEMSYSTEMBEZOSCIEZNICGRAFIKAKOL071
QG-0239;;Dveře skleněné otevírané z zamkiem system bez ościeżnic grafika KOL/106;13036;8990;CZK;1;21;Dveře skleněné otevírané z zamkiem system bez ościeżnic grafika KOL/106. Cena zahrnuje systém a kování;Dveře skleněné otevírané z zamkiem system bez ościeżnic grafika KOL/106. Kategorie: Otevírané dveře. Orientační cena — finální nabídka podle rozměrů a provedení.;https://qubaglass.pl/environment/cache/images/productGfx_6837_700_700/drzwi_system_bez_oscieznic_kol_106.jpg;Skleněné dveře|Otevírané dveře;Quba Glass;Quba Glass;visible;ks;product;Dveře skleněné otevírané z zamkiem system bez ościeżnic grafika KOL/106;Dveře skleněné otevírané z zamkiem system bez ościeżnic grafika KOL/106. Cena zahrnuje systém a kování;DRZWISZKLANEOTWIERANEZZAMKIEMSYSTEMBEZOSCIEZNICGRAFIKAKOL106
QG-0240;;Dveře skleněné otevírané z zamkiem system bez ościeżnic mocowane do ściany;10512;7250;CZK;1;21;Dveře skleněné otevírané z zamkiem system bez ościeżnic mocowane do ściany. Cena zahrnuje systém a kování;Dveře skleněné otevírané z zamkiem system bez ościeżnic mocowane do ściany. Kategorie: Otevírané dveře. Orientační cena — finální nabídka podle rozměrů a provedení.;https://qubaglass.pl/environment/cache/images/productGfx_6825_700_700/drzwi_system_bez_oscieznic_trawione.jpg;Skleněné dveře|Otevírané dveře;Quba Glass;Quba Glass;visible;ks;product;Dveře skleněné otevírané z zamkiem system bez ościeżnic mocowane do ściany;Dveře skleněné otevírané z zamkiem system bez ościeżnic mocowane do ściany. Cena zahrnuje systém a kování;DRZWISZKLANEOTWIERANEZZAMKIEMSYSTEMBEZOSCIEZNICMOCOWANEDOSCIANY
QG-0241;;Dveře skleněné otevírané z zamkiem system bez ościeżnic mocowane do ściany;9672;6670;CZK;1;21;Dveře skleněné otevírané z zamkiem system bez ościeżnic mocowane do ściany. Cena zahrnuje systém a kování;Dveře skleněné otevírané z zamkiem system bez ościeżnic mocowane do ściany. Kategorie: Otevírané dveře. Orientační cena — finální nabídka podle rozměrů a provedení.;https://qubaglass.pl/environment/cache/images/productGfx_15467_700_700/drzwi-szklane-otwierane-na-zawiasach-z--zamkiem-bezbawrne.png;Skleněné dveře|Otevírané dveře;Quba Glass;Quba Glass;visible;ks;product;Dveře skleněné otevírané z zamkiem system bez ościeżnic mocowane do ściany;Dveře skleněné otevírané z zamkiem system bez ościeżnic mocowane do ściany. Cena zahrnuje systém a kování;DRZWISZKLANEOTWIERANEZZAMKIEMSYSTEMBEZOSCIEZNICMOCOWANEDOSCIANY
QG-0242;;Dveře skleněné otevírané z zamkiem system bez ościeżnic mocowane do ściany hnědé;12194;8410;CZK;1;21;Dveře skleněné otevírané z zamkiem system bez ościeżnic mocowane do ściany hnědé. Cena zahrnuje systém a kování;Dveře skleněné otevírané z zamkiem system bez ościeżnic mocowane do ściany hnědé. Kategorie: Otevírané dveře. Orientační cena — finální nabídka podle rozměrů a provedení.;https://qubaglass.pl/environment/cache/images/productGfx_15485_700_700/drzwi-brazowe-szklane-ze-szkla-mocowane-do-sciany.png;Skleněné dveře|Otevírané dveře;Quba Glass;Quba Glass;visible;ks;product;Dveře skleněné otevírané z zamkiem system bez ościeżnic mocowane do ściany hnědé;Dveře skleněné otevírané z zamkiem system bez ościeżnic mocowane do ściany hnědé. Cena zahrnuje systém a kování;DRZWISZKLANEOTWIERANEZZAMKIEMSYSTEMBEZOSCIEZNICMOCOWANEDOSCIANYB
QG-0243;;Dveře skleněné otevírané z zamkiem system bez ościeżnic mocowane do ściany grafitové;12194;8410;CZK;1;21;Dveře skleněné otevírané z zamkiem system bez ościeżnic mocowane do ściany grafitové. Cena zahrnuje systém a kování;Dveře skleněné otevírané z zamkiem system bez ościeżnic mocowane do ściany grafitové. Kategorie: Otevírané dveře. Orientační cena — finální nabídka podle rozměrů a provedení.;https://qubaglass.pl/environment/cache/images/productGfx_15473_700_700/drzwi-szklane-system-bez-oscieznic-grafitowe.png;Skleněné dveře|Otevírané dveře;Quba Glass;Quba Glass;visible;ks;product;Dveře skleněné otevírané z zamkiem system bez ościeżnic mocowane do ściany grafitové;Dveře skleněné otevírané z zamkiem system bez ościeżnic mocowane do ściany grafitové. Cena zahrnuje systém a kování;DRZWISZKLANEOTWIERANEZZAMKIEMSYSTEMBEZOSCIEZNICMOCOWANEDOSCIANYG
QG-0244;;Dveře skleněné otevírané z zamkiem system bez ościeżnic mocowane do ściany KOL/110;13036;8990;CZK;1;21;Dveře skleněné otevírané z zamkiem system bez ościeżnic mocowane do ściany KOL/110. Cena zahrnuje systém a kování;Dveře skleněné otevírané z zamkiem system bez ościeżnic mocowane do ściany KOL/110. Kategorie: Otevírané dveře. Orientační cena — finální nabídka podle rozměrů a provedení.;https://qubaglass.pl/environment/cache/images/productGfx_6848_700_700/drzwi_system_bez_oscieznic_grafika_kol_110.jpg;Skleněné dveře|Otevírané dveře;Quba Glass;Quba Glass;visible;ks;product;Dveře skleněné otevírané z zamkiem system bez ościeżnic mocowane do ściany KOL/110;Dveře skleněné otevírané z zamkiem system bez ościeżnic mocowane do ściany KOL/110. Cena zahrnuje systém a kování;DRZWISZKLANEOTWIERANEZZAMKIEMSYSTEMBEZOSCIEZNICMOCOWANEDOSCIANYK
QG-0245;;Dveře skleněné otevírané z zamkiem system bez ościeżnic na míru;14465;9976;CZK;1;21;Dveře skleněné otevírané z zamkiem system bez ościeżnic na míru. Cena zahrnuje systém a kování;Dveře skleněné otevírané z zamkiem system bez ościeżnic na míru. Kategorie: Otevírané dveře. Orientační cena — finální nabídka podle rozměrů a provedení.;https://qubaglass.pl/environment/cache/images/productGfx_6826_700_700/drzwi_szklane_system_bez_oscieznic_czarne_okucia-mat.jpg;Skleněné dveře|Otevírané dveře;Quba Glass;Quba Glass;visible;ks;product;Dveře skleněné otevírané z zamkiem system bez ościeżnic na míru;Dveře skleněné otevírané z zamkiem system bez ościeżnic na míru. Cena zahrnuje systém a kování;DRZWISZKLANEOTWIERANEZZAMKIEMSYSTEMBEZOSCIEZNICNAWYMIAR
QG-0246;;Dveře skleněné otevírané z zamkiem system bez ościeżnic na míru bílé;16988;11716;CZK;1;21;Dveře skleněné otevírané z zamkiem system bez ościeżnic na míru bílé. Cena zahrnuje systém a kování;Dveře skleněné otevírané z zamkiem system bez ościeżnic na míru bílé. Kategorie: Otevírané dveře. Orientační cena — finální nabídka podle rozměrů a provedení.;https://qubaglass.pl/environment/cache/images/productGfx_6831_700_700/drzwi_szklane_system_bez_oscieznic_czarne_okucia-biale.jpg;Skleněné dveře|Otevírané dveře;Quba Glass;Quba Glass;visible;ks;product;Dveře skleněné otevírané z zamkiem system bez ościeżnic na míru bílé;Dveře skleněné otevírané z zamkiem system bez ościeżnic na míru bílé. Cena zahrnuje systém a kování;DRZWISZKLANEOTWIERANEZZAMKIEMSYSTEMBEZOSCIEZNICNAWYMIARBIALE
QG-0247;;Dveře skleněné otevírané z zamkiem system bez ościeżnic SZPROSY;16812;11594;CZK;1;21;Dveře skleněné otevírané z zamkiem system bez ościeżnic SZPROSY. Cena zahrnuje systém a kování;Dveře skleněné otevírané z zamkiem system bez ościeżnic SZPROSY. Kategorie: Otevírané dveře. Orientační cena — finální nabídka podle rozměrů a provedení.;https://qubaglass.pl/environment/cache/images/productGfx_10781_700_700/drzwi_szklane_system_bez_oscieznic_szprosy_prawe.jpg;Skleněné dveře|Otevírané dveře;Quba Glass;Quba Glass;visible;ks;product;Dveře skleněné otevírané z zamkiem system bez ościeżnic SZPROSY;Dveře skleněné otevírané z zamkiem system bez ościeżnic SZPROSY. Cena zahrnuje systém a kování;DRZWISZKLANEOTWIERANEZZAMKIEMSYSTEMBEZOSCIEZNICSZPROSY
QG-0248;;Dveře skleněné z zamkiem system bez ościeżnic mocowane do ściany hnědé matné;13876;9570;CZK;1;21;Dveře skleněné z zamkiem system bez ościeżnic mocowane do ściany hnědé matné. Cena zahrnuje systém a kování;Dveře skleněné z zamkiem system bez ościeżnic mocowane do ściany hnědé matné. Kategorie: Otevírané dveře. Orientační cena — finální nabídka podle rozměrů a provedení.;https://qubaglass.pl/environment/cache/images/productGfx_15491_700_700/drzwi-brazowe-szklane-ze-szkla-na-zawiasach.png;Skleněné dveře|Otevírané dveře;Quba Glass;Quba Glass;visible;ks;product;Dveře skleněné z zamkiem system bez ościeżnic mocowane do ściany hnědé matné;Dveře skleněné z zamkiem system bez ościeżnic mocowane do ściany hnědé matné. Cena zahrnuje systém a kování;DRZWISZKLANEZZAMKIEMSYSTEMBEZOSCIEZNICMOCOWANEDOSCIANYBRAZOWEMAT
QG-0249;;Dveře skleněné z zamkiem system bez ościeżnic mocowane do ściany grafitové matné;13876;9570;CZK;1;21;Dveře skleněné z zamkiem system bez ościeżnic mocowane do ściany grafitové matné. Cena zahrnuje systém a kování;Dveře skleněné z zamkiem system bez ościeżnic mocowane do ściany grafitové matné. Kategorie: Otevírané dveře. Orientační cena — finální nabídka podle rozměrů a provedení.;https://qubaglass.pl/environment/cache/images/productGfx_15479_700_700/drzwi-ze-szkla-szklane-grafitowe-matowe.png;Skleněné dveře|Otevírané dveře;Quba Glass;Quba Glass;visible;ks;product;Dveře skleněné z zamkiem system bez ościeżnic mocowane do ściany grafitové matné;Dveře skleněné z zamkiem system bez ościeżnic mocowane do ściany grafitové matné. Cena zahrnuje systém a kování;DRZWISZKLANEZZAMKIEMSYSTEMBEZOSCIEZNICMOCOWANEDOSCIANYGRAFITOWEM
QG-0250;;Dveře skleněné otevírané z futryną stałą grafika KOL/001;13456;9280;CZK;1;21;Dveře skleněné otevírané z futryną stałą grafika KOL/001. Cena zahrnuje systém a kování;Dveře skleněné otevírané z futryną stałą grafika KOL/001. Kategorie: Dveře s pevnou zárubní. Orientační cena — finální nabídka podle rozměrů a provedení.;https://qubaglass.pl/environment/cache/images/productGfx_0f7579483fa6e4b97c4f0509d7c0c0c1_700_700.jpg;Skleněné dveře|Dveře s pevnou zárubní;Quba Glass;Quba Glass;visible;ks;product;Dveře skleněné otevírané z futryną stałą grafika KOL/001;Dveře skleněné otevírané z futryną stałą grafika KOL/001. Cena zahrnuje systém a kování;DRZWISZKLANEOTWIERANEZFUTRYNASTALAGRAFIKAKOL001
QG-0251;;Dveře skleněné otevírané z futryną stałą grafika KOL/006;13456;9280;CZK;1;21;Dveře skleněné otevírané z futryną stałą grafika KOL/006. Cena zahrnuje systém a kování;Dveře skleněné otevírané z futryną stałą grafika KOL/006. Kategorie: Dveře s pevnou zárubní. Orientační cena — finální nabídka podle rozměrů a provedení.;https://qubaglass.pl/environment/cache/images/productGfx_24cacc8a338628bb3c7ec007b4674497_700_700.jpg;Skleněné dveře|Dveře s pevnou zárubní;Quba Glass;Quba Glass;visible;ks;product;Dveře skleněné otevírané z futryną stałą grafika KOL/006;Dveře skleněné otevírané z futryną stałą grafika KOL/006. Cena zahrnuje systém a kování;DRZWISZKLANEOTWIERANEZFUTRYNASTALAGRAFIKAKOL006
QG-0252;;Dveře skleněné otevírané z futryną stałą grafika KOL/010;13456;9280;CZK;1;21;Dveře skleněné otevírané z futryną stałą grafika KOL/010. Cena zahrnuje systém a kování;Dveře skleněné otevírané z futryną stałą grafika KOL/010. Kategorie: Dveře s pevnou zárubní. Orientační cena — finální nabídka podle rozměrů a provedení.;https://qubaglass.pl/environment/cache/images/productGfx_85a76f44fa995aac0d106873cae6bd35_700_700.jpg;Skleněné dveře|Dveře s pevnou zárubní;Quba Glass;Quba Glass;visible;ks;product;Dveře skleněné otevírané z futryną stałą grafika KOL/010;Dveře skleněné otevírané z futryną stałą grafika KOL/010. Cena zahrnuje systém a kování;DRZWISZKLANEOTWIERANEZFUTRYNASTALAGRAFIKAKOL010
QG-0253;;Dveře skleněné otevírané z futryną stałą grafika KOL/072;13456;9280;CZK;1;21;Dveře skleněné otevírané z futryną stałą grafika KOL/072. Cena zahrnuje systém a kování;Dveře skleněné otevírané z futryną stałą grafika KOL/072. Kategorie: Dveře s pevnou zárubní. Orientační cena — finální nabídka podle rozměrů a provedení.;https://qubaglass.pl/environment/cache/images/productGfx_4c81db59007d8e8420bc9970e51f876e_700_700.jpg;Skleněné dveře|Dveře s pevnou zárubní;Quba Glass;Quba Glass;visible;ks;product;Dveře skleněné otevírané z futryną stałą grafika KOL/072;Dveře skleněné otevírané z futryną stałą grafika KOL/072. Cena zahrnuje systém a kování;DRZWISZKLANEOTWIERANEZFUTRYNASTALAGRAFIKAKOL072
QG-0254;;Dveře skleněné otevírané z futryną stałą grafika KOL/075;13456;9280;CZK;1;21;Dveře skleněné otevírané z futryną stałą grafika KOL/075. Cena zahrnuje systém a kování;Dveře skleněné otevírané z futryną stałą grafika KOL/075. Kategorie: Dveře s pevnou zárubní. Orientační cena — finální nabídka podle rozměrů a provedení.;https://qubaglass.pl/environment/cache/images/productGfx_279c66719ba8fdc8a7a17ace0303b8c6_700_700.jpg;Skleněné dveře|Dveře s pevnou zárubní;Quba Glass;Quba Glass;visible;ks;product;Dveře skleněné otevírané z futryną stałą grafika KOL/075;Dveře skleněné otevírané z futryną stałą grafika KOL/075. Cena zahrnuje systém a kování;DRZWISZKLANEOTWIERANEZFUTRYNASTALAGRAFIKAKOL075
QG-0255;;Dveře skleněné otevírané z futryną stałą grafika KOL/102;13456;9280;CZK;1;21;Dveře skleněné otevírané z futryną stałą grafika KOL/102. Cena zahrnuje systém a kování;Dveře skleněné otevírané z futryną stałą grafika KOL/102. Kategorie: Dveře s pevnou zárubní. Orientační cena — finální nabídka podle rozměrů a provedení.;https://qubaglass.pl/environment/cache/images/productGfx_3788_700_700/b4670fe2de66567b0f8e5eedf638ee4b.jpg;Skleněné dveře|Dveře s pevnou zárubní;Quba Glass;Quba Glass;visible;ks;product;Dveře skleněné otevírané z futryną stałą grafika KOL/102;Dveře skleněné otevírané z futryną stałą grafika KOL/102. Cena zahrnuje systém a kování;DRZWISZKLANEOTWIERANEZFUTRYNASTALAGRAFIKAKOL102
QG-0256;;Dveře skleněné otevírané z futryną stałą grafika KOL/103;13456;9280;CZK;1;21;Dveře skleněné otevírané z futryną stałą grafika KOL/103. Cena zahrnuje systém a kování;Dveře skleněné otevírané z futryną stałą grafika KOL/103. Kategorie: Dveře s pevnou zárubní. Orientační cena — finální nabídka podle rozměrů a provedení.;https://qubaglass.pl/environment/cache/images/productGfx_3782_700_700/drzwi_futryna_qubaglass_kol_103.jpg;Skleněné dveře|Dveře s pevnou zárubní;Quba Glass;Quba Glass;visible;ks;product;Dveře skleněné otevírané z futryną stałą grafika KOL/103;Dveře skleněné otevírané z futryną stałą grafika KOL/103. Cena zahrnuje systém a kování;DRZWISZKLANEOTWIERANEZFUTRYNASTALAGRAFIKAKOL103
QG-0257;;Dveře skleněné otevírané z futryną stałą grafika KOL/106;13456;9280;CZK;1;21;Dveře skleněné otevírané z futryną stałą grafika KOL/106. Cena zahrnuje systém a kování;Dveře skleněné otevírané z futryną stałą grafika KOL/106. Kategorie: Dveře s pevnou zárubní. Orientační cena — finální nabídka podle rozměrů a provedení.;https://qubaglass.pl/environment/cache/images/productGfx_6341dc0c5df880f0455b82a546fca0d2_700_700.jpg;Skleněné dveře|Dveře s pevnou zárubní;Quba Glass;Quba Glass;visible;ks;product;Dveře skleněné otevírané z futryną stałą grafika KOL/106;Dveře skleněné otevírané z futryną stałą grafika KOL/106. Cena zahrnuje systém a kování;DRZWISZKLANEOTWIERANEZFUTRYNASTALAGRAFIKAKOL106
QG-0258;;Dveře skleněné otevírané z futryną stałą laminowane klejone;12867;8874;CZK;1;21;Dveře skleněné otevírané z futryną stałą laminowane klejone. Cena zahrnuje systém a kování;Dveře skleněné otevírané z futryną stałą laminowane klejone. Kategorie: Dveře s pevnou zárubní. Orientační cena — finální nabídka podle rozměrů a provedení.;https://qubaglass.pl/environment/cache/images/productGfx_6311_700_700/R4AOqKhs-2.jpg;Skleněné dveře|Dveře s pevnou zárubní;Quba Glass;Quba Glass;visible;ks;product;Dveře skleněné otevírané z futryną stałą laminowane klejone;Dveře skleněné otevírané z futryną stałą laminowane klejone. Cena zahrnuje systém a kování;DRZWISZKLANEOTWIERANEZFUTRYNASTALALAMINOWANEKLEJONE
QG-0259;;Dveře skleněné otevírané z futryną stałą matné;11774;8120;CZK;1;21;Dveře skleněné otevírané z futryną stałą matné. Cena zahrnuje systém a kování;Dveře skleněné otevírané z futryną stałą matné. Kategorie: Dveře s pevnou zárubní. Orientační cena — finální nabídka podle rozměrů a provedení.;https://qubaglass.pl/environment/cache/images/productGfx_6334_700_700/drzwi_szklane_z_futryna_stala_qubaglass-2.jpg;Skleněné dveře|Dveře s pevnou zárubní;Quba Glass;Quba Glass;visible;ks;product;Dveře skleněné otevírané z futryną stałą matné;Dveře skleněné otevírané z futryną stałą matné. Cena zahrnuje systém a kování;DRZWISZKLANEOTWIERANEZFUTRYNASTALAMATOWE
QG-0260;;Dveře skleněné otevírané z futryną stałą przezroczyste;10933;7540;CZK;1;21;Dveře skleněné otevírané z futryną stałą przezroczyste. Cena zahrnuje systém a kování;Dveře skleněné otevírané z futryną stałą przezroczyste. Kategorie: Dveře s pevnou zárubní. Orientační cena — finální nabídka podle rozměrů a provedení.;https://qubaglass.pl/environment/cache/images/productGfx_6335_700_700/DRZWI_FUTRYNA_BEZBARWNE.jpg;Skleněné dveře|Dveře s pevnou zárubní;Quba Glass;Quba Glass;visible;ks;product;Dveře skleněné otevírané z futryną stałą przezroczyste;Dveře skleněné otevírané z futryną stałą przezroczyste. Cena zahrnuje systém a kování;DRZWISZKLANEOTWIERANEZFUTRYNASTALAPRZEZROCZYSTE
QG-0261;;Dveře skleněné otevírané z futryną stałą Q-021;14297;9860;CZK;1;21;Dveře skleněné otevírané z futryną stałą Q-021. Cena zahrnuje systém a kování;Dveře skleněné otevírané z futryną stałą Q-021. Kategorie: Dveře s pevnou zárubní. Orientační cena — finální nabídka podle rozměrů a provedení.;https://qubaglass.pl/environment/cache/images/productGfx_cf14f8862ff69293fa6608f651677ae2_700_700.jpg;Skleněné dveře|Dveře s pevnou zárubní;Quba Glass;Quba Glass;visible;ks;product;Dveře skleněné otevírané z futryną stałą Q-021;Dveře skleněné otevírané z futryną stałą Q-021. Cena zahrnuje systém a kování;DRZWISZKLANEOTWIERANEZFUTRYNASTALAQ021
QG-0262;;Dveře skleněné otevírané z futryną stałą Q-022;14297;9860;CZK;1;21;Dveře skleněné otevírané z futryną stałą Q-022. Cena zahrnuje systém a kování;Dveře skleněné otevírané z futryną stałą Q-022. Kategorie: Dveře s pevnou zárubní. Orientační cena — finální nabídka podle rozměrů a provedení.;https://qubaglass.pl/environment/cache/images/productGfx_8870dabc75de1143a5f0f4573f6c5fa4_700_700.jpg;Skleněné dveře|Dveře s pevnou zárubní;Quba Glass;Quba Glass;visible;ks;product;Dveře skleněné otevírané z futryną stałą Q-022;Dveře skleněné otevírané z futryną stałą Q-022. Cena zahrnuje systém a kování;DRZWISZKLANEOTWIERANEZFUTRYNASTALAQ022
QG-0263;;Dveře skleněné otevírané z futryną stałą Q-045;13876;9570;CZK;1;21;Dveře skleněné otevírané z futryną stałą Q-045. Cena zahrnuje systém a kování;Dveře skleněné otevírané z futryną stałą Q-045. Kategorie: Dveře s pevnou zárubní. Orientační cena — finální nabídka podle rozměrů a provedení.;https://qubaglass.pl/environment/cache/images/productGfx_9859610ee3bbda7da2cc842951e15cfe_700_700.jpg;Skleněné dveře|Dveře s pevnou zárubní;Quba Glass;Quba Glass;visible;ks;product;Dveře skleněné otevírané z futryną stałą Q-045;Dveře skleněné otevírané z futryną stałą Q-045. Cena zahrnuje systém a kování;DRZWISZKLANEOTWIERANEZFUTRYNASTALAQ045
QG-0264;;Dveře skleněné otevírané z futryną stałą Q-074;15138;10440;CZK;1;21;Dveře skleněné otevírané z futryną stałą Q-074. Cena zahrnuje systém a kování;Dveře skleněné otevírané z futryną stałą Q-074. Kategorie: Dveře s pevnou zárubní. Orientační cena — finální nabídka podle rozměrů a provedení.;https://qubaglass.pl/environment/cache/images/productGfx_415a3bf893fbae98441fef15cfb42f11_700_700.jpg;Skleněné dveře|Dveře s pevnou zárubní;Quba Glass;Quba Glass;visible;ks;product;Dveře skleněné otevírané z futryną stałą Q-074;Dveře skleněné otevírané z futryną stałą Q-074. Cena zahrnuje systém a kování;DRZWISZKLANEOTWIERANEZFUTRYNASTALAQ074
QG-0265;;Dveře skleněné otevírané z futryną stałą Q-081;13876;9570;CZK;1;21;Dveře skleněné otevírané z futryną stałą Q-081. Cena zahrnuje systém a kování;Dveře skleněné otevírané z futryną stałą Q-081. Kategorie: Dveře s pevnou zárubní. Orientační cena — finální nabídka podle rozměrů a provedení.;https://qubaglass.pl/environment/cache/images/productGfx_47695f042a7be7b4efd0bcfbf20b960b_700_700.jpg;Skleněné dveře|Dveře s pevnou zárubní;Quba Glass;Quba Glass;visible;ks;product;Dveře skleněné otevírané z futryną stałą Q-081;Dveře skleněné otevírané z futryną stałą Q-081. Cena zahrnuje systém a kování;DRZWISZKLANEOTWIERANEZFUTRYNASTALAQ081
QG-0266;;Dveře skleněné otevírané z futryną stałą Q-097;13876;9570;CZK;1;21;Dveře skleněné otevírané z futryną stałą Q-097. Cena zahrnuje systém a kování;Dveře skleněné otevírané z futryną stałą Q-097. Kategorie: Dveře s pevnou zárubní. Orientační cena — finální nabídka podle rozměrů a provedení.;https://qubaglass.pl/environment/cache/images/productGfx_b2fea5de85f188979a6823ab1cb808d7_700_700.jpg;Skleněné dveře|Dveře s pevnou zárubní;Quba Glass;Quba Glass;visible;ks;product;Dveře skleněné otevírané z futryną stałą Q-097;Dveře skleněné otevírané z futryną stałą Q-097. Cena zahrnuje systém a kování;DRZWISZKLANEOTWIERANEZFUTRYNASTALAQ097
QG-0267;;Dveře skleněné otevírané z futryną stałą Q-105 parzenica;14297;9860;CZK;1;21;Dveře skleněné otevírané z futryną stałą Q-105 parzenica. Cena zahrnuje systém a kování;Dveře skleněné otevírané z futryną stałą Q-105 parzenica. Kategorie: Dveře s pevnou zárubní. Orientační cena — finální nabídka podle rozměrů a provedení.;https://qubaglass.pl/environment/cache/images/productGfx_6312_700_700/futryna_wzor_matowy_q-105_2.jpg;Skleněné dveře|Dveře s pevnou zárubní;Quba Glass;Quba Glass;visible;ks;product;Dveře skleněné otevírané z futryną stałą Q-105 parzenica;Dveře skleněné otevírané z futryną stałą Q-105 parzenica. Cena zahrnuje systém a kování;DRZWISZKLANEOTWIERANEZFUTRYNASTALAQ105PARZENICA
QG-0268;;Dveře skleněné otevírané z futryną stałą vzor GRAF/049b;16400;11310;CZK;1;21;Dveře skleněné otevírané z futryną stałą vzor GRAF/049b. Cena zahrnuje systém a kování;Dveře skleněné otevírané z futryną stałą vzor GRAF/049b. Kategorie: Dveře s pevnou zárubní. Orientační cena — finální nabídka podle rozměrů a provedení.;https://qubaglass.pl/environment/cache/images/productGfx_b3d7f898f30b85b74790f30063500855_700_700.jpg;Skleněné dveře|Dveře s pevnou zárubní;Quba Glass;Quba Glass;visible;ks;product;Dveře skleněné otevírané z futryną stałą vzor GRAF/049b;Dveře skleněné otevírané z futryną stałą vzor GRAF/049b. Cena zahrnuje systém a kování;DRZWISZKLANEOTWIERANEZFUTRYNASTALAWZORGRAF049B
QG-0269;;Dveře skleněné otevírané z futryną stałą vzor GRAF/106b;16400;11310;CZK;1;21;Dveře skleněné otevírané z futryną stałą vzor GRAF/106b. Cena zahrnuje systém a kování;Dveře skleněné otevírané z futryną stałą vzor GRAF/106b. Kategorie: Dveře s pevnou zárubní. Orientační cena — finální nabídka podle rozměrů a provedení.;https://qubaglass.pl/environment/cache/images/productGfx_df071219a6e97abb8ea00f135f3d4a7c_700_700.jpg;Skleněné dveře|Dveře s pevnou zárubní;Quba Glass;Quba Glass;visible;ks;product;Dveře skleněné otevírané z futryną stałą vzor GRAF/106b;Dveře skleněné otevírané z futryną stałą vzor GRAF/106b. Cena zahrnuje systém a kování;DRZWISZKLANEOTWIERANEZFUTRYNASTALAWZORGRAF106B
QG-0270;;Dveře skleněné otevírané z futryną stałą vzor paski 1.2;12194;8410;CZK;1;21;Dveře skleněné otevírané z futryną stałą vzor paski 1.2. Cena zahrnuje systém a kování;Dveře skleněné otevírané z futryną stałą vzor paski 1.2. Kategorie: Dveře s pevnou zárubní. Orientační cena — finální nabídka podle rozměrů a provedení.;https://qubaglass.pl/environment/cache/images/productGfx_6316_700_700/drzwi_futryna_wzor_matowy_paski.jpg;Skleněné dveře|Dveře s pevnou zárubní;Quba Glass;Quba Glass;visible;ks;product;Dveře skleněné otevírané z futryną stałą vzor paski 1.2;Dveře skleněné otevírané z futryną stałą vzor paski 1.2. Cena zahrnuje systém a kování;DRZWISZKLANEOTWIERANEZFUTRYNASTALAWZORPASKI12
QG-0271;;Dveře skleněné otevírané z futryną stałą vzor pasy 1.1;12194;8410;CZK;1;21;Dveře skleněné otevírané z futryną stałą vzor pasy 1.1. Cena zahrnuje systém a kování;Dveře skleněné otevírané z futryną stałą vzor pasy 1.1. Kategorie: Dveře s pevnou zárubní. Orientační cena — finální nabídka podle rozměrů a provedení.;https://qubaglass.pl/environment/cache/images/productGfx_6318_700_700/drzwi_zamek_futryna_wzor_pasy_1.1.jpg;Skleněné dveře|Dveře s pevnou zárubní;Quba Glass;Quba Glass;visible;ks;product;Dveře skleněné otevírané z futryną stałą vzor pasy 1.1;Dveře skleněné otevírané z futryną stałą vzor pasy 1.1. Cena zahrnuje systém a kování;DRZWISZKLANEOTWIERANEZFUTRYNASTALAWZORPASY11
QG-0272;;Dveře skleněné otevírané z futryną regulowaną TOP nadruk loft szprosy;18502;12760;CZK;1;21;Dveře skleněné otevírané z futryną regulowaną TOP nadruk loft szprosy. Cena zahrnuje systém a kování;Dveře skleněné otevírané z futryną regulowaną TOP nadruk loft szprosy. Kategorie: Dveře s nastavitelnou zárubní. Orientační cena — finální nabídka podle rozměrů a provedení.;https://qubaglass.pl/environment/cache/images/productGfx_9493_700_700/drzwi_szklane_nadruk_szprosy_prawe_z_futryna.jpg;Skleněné dveře|Dveře s nastavitelnou zárubní;Quba Glass;Quba Glass;visible;ks;product;Dveře skleněné otevírané z futryną regulowaną TOP nadruk loft szprosy;Dveře skleněné otevírané z futryną regulowaną TOP nadruk loft szprosy. Cena zahrnuje systém a kování;DRZWISZKLANEOTWIERANEZFUTRYNAREGULOWANATOPNADRUKLOFTSZPROSY
QG-0273;;Dveře skleněné otevírané z futryną regulowaną TOP nadruk loft szprosy bílé;20184;13920;CZK;1;21;Dveře skleněné otevírané z futryną regulowaną TOP nadruk loft szprosy bílé. Cena zahrnuje systém a kování;Dveře skleněné otevírané z futryną regulowaną TOP nadruk loft szprosy bílé. Kategorie: Dveře s nastavitelnou zárubní. Orientační cena — finální nabídka podle rozměrů a provedení.;https://qubaglass.pl/environment/cache/images/productGfx_9501_700_700/drzwi_szklane_z_nadrukiem_loft_szprosy_qubaglass.jpg;Skleněné dveře|Dveře s nastavitelnou zárubní;Quba Glass;Quba Glass;visible;ks;product;Dveře skleněné otevírané z futryną regulowaną TOP nadruk loft szprosy bílé;Dveře skleněné otevírané z futryną regulowaną TOP nadruk loft szprosy bílé. Cena zahrnuje systém a kování;DRZWISZKLANEOTWIERANEZFUTRYNAREGULOWANATOPNADRUKLOFTSZPROSYBIALE
QG-0274;;Dveře skleněné otevírané laminowane klejone z futryną regulowaną TOP;18754;12934;CZK;1;21;Dveře skleněné otevírané laminowane klejone z futryną regulowaną TOP. Cena zahrnuje systém a kování;Dveře skleněné otevírané laminowane klejone z futryną regulowaną TOP. Kategorie: Dveře s nastavitelnou zárubní. Orientační cena — finální nabídka podle rozměrů a provedení.;https://qubaglass.pl/environment/cache/images/productGfx_1b9745c7fefaac5940b587aafe8231b1_700_700.jpg;Skleněné dveře|Dveře s nastavitelnou zárubní;Quba Glass;Quba Glass;visible;ks;product;Dveře skleněné otevírané laminowane klejone z futryną regulowaną TOP;Dveře skleněné otevírané laminowane klejone z futryną regulowaną TOP. Cena zahrnuje systém a kování;DRZWISZKLANEOTWIERANELAMINOWANEKLEJONEZFUTRYNAREGULOWANATOP
QG-0275;;Dveře skleněné otevírané matné z futryną regulowaną TOP;13456;9280;CZK;1;21;Dveře skleněné otevírané matné z futryną regulowaną TOP. Cena zahrnuje systém a kování;Dveře skleněné otevírané matné z futryną regulowaną TOP. Kategorie: Dveře s nastavitelnou zárubní. Orientační cena — finální nabídka podle rozměrů a provedení.;https://qubaglass.pl/environment/cache/images/productGfx_6332_700_700/drzwi_szklane_z_futryna_stala_qubaglass-2.jpg;Skleněné dveře|Dveře s nastavitelnou zárubní;Quba Glass;Quba Glass;visible;ks;product;Dveře skleněné otevírané matné z futryną regulowaną TOP;Dveře skleněné otevírané matné z futryną regulowaną TOP. Cena zahrnuje systém a kování;DRZWISZKLANEOTWIERANEMATOWEZFUTRYNAREGULOWANATOP
QG-0276;;Dveře skleněné otevírané przezroczyste z futryną regulowaną TOP;15138;10440;CZK;1;21;Dveře skleněné otevírané przezroczyste z futryną regulowaną TOP. Cena zahrnuje systém a kování;Dveře skleněné otevírané przezroczyste z futryną regulowaną TOP. Kategorie: Dveře s nastavitelnou zárubní. Orientační cena — finální nabídka podle rozměrů a provedení.;https://qubaglass.pl/environment/cache/images/productGfx_fab3b8416cfd4e133655f89d469054ba_700_700.jpg;Skleněné dveře|Dveře s nastavitelnou zárubní;Quba Glass;Quba Glass;visible;ks;product;Dveře skleněné otevírané przezroczyste z futryną regulowaną TOP;Dveře skleněné otevírané przezroczyste z futryną regulowaną TOP. Cena zahrnuje systém a kování;DRZWISZKLANEOTWIERANEPRZEZROCZYSTEZFUTRYNAREGULOWANATOP
QG-0277;;Dveře skleněné otevírané z futryną regulowaną TOP grafika KOL/014;15138;10440;CZK;1;21;Dveře skleněné otevírané z futryną regulowaną TOP grafika KOL/014. Cena zahrnuje systém a kování;Dveře skleněné otevírané z futryną regulowaną TOP grafika KOL/014. Kategorie: Dveře s nastavitelnou zárubní. Orientační cena — finální nabídka podle rozměrů a provedení.;https://qubaglass.pl/environment/cache/images/productGfx_cb33ab6a867e5f061dc7a492d4ecc2d5_700_700.jpg;Skleněné dveře|Dveře s nastavitelnou zárubní;Quba Glass;Quba Glass;visible;ks;product;Dveře skleněné otevírané z futryną regulowaną TOP grafika KOL/014;Dveře skleněné otevírané z futryną regulowaną TOP grafika KOL/014. Cena zahrnuje systém a kování;DRZWISZKLANEOTWIERANEZFUTRYNAREGULOWANATOPGRAFIKAKOL014
QG-0278;;Dveře skleněné otevírané z futryną regulowaną TOP grafika KOL/015;15138;10440;CZK;1;21;Dveře skleněné otevírané z futryną regulowaną TOP grafika KOL/015. Cena zahrnuje systém a kování;Dveře skleněné otevírané z futryną regulowaną TOP grafika KOL/015. Kategorie: Dveře s nastavitelnou zárubní. Orientační cena — finální nabídka podle rozměrů a provedení.;https://qubaglass.pl/environment/cache/images/productGfx_01bbd9520205816562dee900546bccde_700_700.jpg;Skleněné dveře|Dveře s nastavitelnou zárubní;Quba Glass;Quba Glass;visible;ks;product;Dveře skleněné otevírané z futryną regulowaną TOP grafika KOL/015;Dveře skleněné otevírané z futryną regulowaną TOP grafika KOL/015. Cena zahrnuje systém a kování;DRZWISZKLANEOTWIERANEZFUTRYNAREGULOWANATOPGRAFIKAKOL015
QG-0279;;Dveře skleněné otevírané z futryną regulowaną TOP grafika KOL/044;15138;10440;CZK;1;21;Dveře skleněné otevírané z futryną regulowaną TOP grafika KOL/044. Cena zahrnuje systém a kování;Dveře skleněné otevírané z futryną regulowaną TOP grafika KOL/044. Kategorie: Dveře s nastavitelnou zárubní. Orientační cena — finální nabídka podle rozměrů a provedení.;https://qubaglass.pl/environment/cache/images/productGfx_e36f748435a222846584698a95915e59_700_700.jpg;Skleněné dveře|Dveře s nastavitelnou zárubní;Quba Glass;Quba Glass;visible;ks;product;Dveře skleněné otevírané z futryną regulowaną TOP grafika KOL/044;Dveře skleněné otevírané z futryną regulowaną TOP grafika KOL/044. Cena zahrnuje systém a kování;DRZWISZKLANEOTWIERANEZFUTRYNAREGULOWANATOPGRAFIKAKOL044
QG-0280;;Dveře skleněné otevírané z futryną regulowaną TOP grafika KOL/050;15138;10440;CZK;1;21;Dveře skleněné otevírané z futryną regulowaną TOP grafika KOL/050. Cena zahrnuje systém a kování;Dveře skleněné otevírané z futryną regulowaną TOP grafika KOL/050. Kategorie: Dveře s nastavitelnou zárubní. Orientační cena — finální nabídka podle rozměrů a provedení.;https://qubaglass.pl/environment/cache/images/productGfx_eef0b6105abad1a0e828311d89716e4c_700_700.jpg;Skleněné dveře|Dveře s nastavitelnou zárubní;Quba Glass;Quba Glass;visible;ks;product;Dveře skleněné otevírané z futryną regulowaną TOP grafika KOL/050;Dveře skleněné otevírané z futryną regulowaną TOP grafika KOL/050. Cena zahrnuje systém a kování;DRZWISZKLANEOTWIERANEZFUTRYNAREGULOWANATOPGRAFIKAKOL050
QG-0281;;Dveře skleněné otevírané z futryną regulowaną TOP grafika KOL/055;15138;10440;CZK;1;21;Dveře skleněné otevírané z futryną regulowaną TOP grafika KOL/055. Cena zahrnuje systém a kování;Dveře skleněné otevírané z futryną regulowaną TOP grafika KOL/055. Kategorie: Dveře s nastavitelnou zárubní. Orientační cena — finální nabídka podle rozměrů a provedení.;https://qubaglass.pl/environment/cache/images/productGfx_c84f3aef538bf0ef5a0497b04246ce77_700_700.jpg;Skleněné dveře|Dveře s nastavitelnou zárubní;Quba Glass;Quba Glass;visible;ks;product;Dveře skleněné otevírané z futryną regulowaną TOP grafika KOL/055;Dveře skleněné otevírané z futryną regulowaną TOP grafika KOL/055. Cena zahrnuje systém a kování;DRZWISZKLANEOTWIERANEZFUTRYNAREGULOWANATOPGRAFIKAKOL055
QG-0282;;Dveře skleněné otevírané z futryną regulowaną TOP grafika KOL/067;15138;10440;CZK;1;21;Dveře skleněné otevírané z futryną regulowaną TOP grafika KOL/067. Cena zahrnuje systém a kování;Dveře skleněné otevírané z futryną regulowaną TOP grafika KOL/067. Kategorie: Dveře s nastavitelnou zárubní. Orientační cena — finální nabídka podle rozměrů a provedení.;https://qubaglass.pl/environment/cache/images/productGfx_16cc73e23f2b538fc825282d9160a014_700_700.jpg;Skleněné dveře|Dveře s nastavitelnou zárubní;Quba Glass;Quba Glass;visible;ks;product;Dveře skleněné otevírané z futryną regulowaną TOP grafika KOL/067;Dveře skleněné otevírané z futryną regulowaną TOP grafika KOL/067. Cena zahrnuje systém a kování;DRZWISZKLANEOTWIERANEZFUTRYNAREGULOWANATOPGRAFIKAKOL067
QG-0283;;Dveře skleněné otevírané z futryną regulowaną TOP grafika KOL/083;15138;10440;CZK;1;21;Dveře skleněné otevírané z futryną regulowaną TOP grafika KOL/083. Cena zahrnuje systém a kování;Dveře skleněné otevírané z futryną regulowaną TOP grafika KOL/083. Kategorie: Dveře s nastavitelnou zárubní. Orientační cena — finální nabídka podle rozměrů a provedení.;https://qubaglass.pl/environment/cache/images/productGfx_2a6cd1cef858087e448624ad9a14c5c3_700_700.jpg;Skleněné dveře|Dveře s nastavitelnou zárubní;Quba Glass;Quba Glass;visible;ks;product;Dveře skleněné otevírané z futryną regulowaną TOP grafika KOL/083;Dveře skleněné otevírané z futryną regulowaną TOP grafika KOL/083. Cena zahrnuje systém a kování;DRZWISZKLANEOTWIERANEZFUTRYNAREGULOWANATOPGRAFIKAKOL083
QG-0284;;Dveře skleněné otevírané z futryną regulowaną TOP grafika KOL/084;15138;10440;CZK;1;21;Dveře skleněné otevírané z futryną regulowaną TOP grafika KOL/084. Cena zahrnuje systém a kování;Dveře skleněné otevírané z futryną regulowaną TOP grafika KOL/084. Kategorie: Dveře s nastavitelnou zárubní. Orientační cena — finální nabídka podle rozměrů a provedení.;https://qubaglass.pl/environment/cache/images/productGfx_dce9f04cc35163134bb059f30b334b87_700_700.jpg;Skleněné dveře|Dveře s nastavitelnou zárubní;Quba Glass;Quba Glass;visible;ks;product;Dveře skleněné otevírané z futryną regulowaną TOP grafika KOL/084;Dveře skleněné otevírané z futryną regulowaną TOP grafika KOL/084. Cena zahrnuje systém a kování;DRZWISZKLANEOTWIERANEZFUTRYNAREGULOWANATOPGRAFIKAKOL084
QG-0285;;Dveře skleněné otevírané z futryną regulowaną TOP grafika KOL/088;15138;10440;CZK;1;21;Dveře skleněné otevírané z futryną regulowaną TOP grafika KOL/088. Cena zahrnuje systém a kování;Dveře skleněné otevírané z futryną regulowaną TOP grafika KOL/088. Kategorie: Dveře s nastavitelnou zárubní. Orientační cena — finální nabídka podle rozměrů a provedení.;https://qubaglass.pl/environment/cache/images/productGfx_9d35615e23969f43acb212beb3b54ea7_700_700.jpg;Skleněné dveře|Dveře s nastavitelnou zárubní;Quba Glass;Quba Glass;visible;ks;product;Dveře skleněné otevírané z futryną regulowaną TOP grafika KOL/088;Dveře skleněné otevírané z futryną regulowaną TOP grafika KOL/088. Cena zahrnuje systém a kování;DRZWISZKLANEOTWIERANEZFUTRYNAREGULOWANATOPGRAFIKAKOL088
QG-0286;;Dveře skleněné otevírané z futryną regulowaną TOP grafika KOL/098;15138;10440;CZK;1;21;Dveře skleněné otevírané z futryną regulowaną TOP grafika KOL/098. Cena zahrnuje systém a kování;Dveře skleněné otevírané z futryną regulowaną TOP grafika KOL/098. Kategorie: Dveře s nastavitelnou zárubní. Orientační cena — finální nabídka podle rozměrů a provedení.;https://qubaglass.pl/environment/cache/images/productGfx_280442e0025b012b3939d49798826333_700_700.jpg;Skleněné dveře|Dveře s nastavitelnou zárubní;Quba Glass;Quba Glass;visible;ks;product;Dveře skleněné otevírané z futryną regulowaną TOP grafika KOL/098;Dveře skleněné otevírané z futryną regulowaną TOP grafika KOL/098. Cena zahrnuje systém a kování;DRZWISZKLANEOTWIERANEZFUTRYNAREGULOWANATOPGRAFIKAKOL098
QG-0287;;Dveře skleněné otevírané z futryną regulowaną TOP grafika KOL/099;15138;10440;CZK;1;21;Dveře skleněné otevírané z futryną regulowaną TOP grafika KOL/099. Cena zahrnuje systém a kování;Dveře skleněné otevírané z futryną regulowaną TOP grafika KOL/099. Kategorie: Dveře s nastavitelnou zárubní. Orientační cena — finální nabídka podle rozměrů a provedení.;https://qubaglass.pl/environment/cache/images/productGfx_ee0b25fbd2dcd0cbba68f09d31c5308d_700_700.jpg;Skleněné dveře|Dveře s nastavitelnou zárubní;Quba Glass;Quba Glass;visible;ks;product;Dveře skleněné otevírané z futryną regulowaną TOP grafika KOL/099;Dveře skleněné otevírané z futryną regulowaną TOP grafika KOL/099. Cena zahrnuje systém a kování;DRZWISZKLANEOTWIERANEZFUTRYNAREGULOWANATOPGRAFIKAKOL099
QG-0288;;Dveře skleněné otevírané z futryną regulowaną TOP laminované černé;14549;10034;CZK;1;21;Dveře skleněné otevírané z futryną regulowaną TOP laminované černé. Cena zahrnuje systém a kování;Dveře skleněné otevírané z futryną regulowaną TOP laminované černé. Kategorie: Dveře s nastavitelnou zárubní. Orientační cena — finální nabídka podle rozměrů a provedení.;https://qubaglass.pl/environment/cache/images/productGfx_1100_700_700/drzwi_futryna_qubaglass_czarne.jpg;Skleněné dveře|Dveře s nastavitelnou zárubní;Quba Glass;Quba Glass;visible;ks;product;Dveře skleněné otevírané z futryną regulowaną TOP laminované černé;Dveře skleněné otevírané z futryną regulowaną TOP laminované černé. Cena zahrnuje systém a kování;DRZWISZKLANEOTWIERANEZFUTRYNAREGULOWANATOPLAMINOWANECZARNE
QG-0289;;Dveře skleněné otevírané z futryną regulowaną TOP laminowane klejone;14549;10034;CZK;1;21;Dveře skleněné otevírané z futryną regulowaną TOP laminowane klejone. Cena zahrnuje systém a kování;Dveře skleněné otevírané z futryną regulowaną TOP laminowane klejone. Kategorie: Dveře s nastavitelnou zárubní. Orientační cena — finální nabídka podle rozměrů a provedení.;https://qubaglass.pl/environment/cache/images/productGfx_6333_700_700/R4AOqKhs-2.jpg;Skleněné dveře|Dveře s nastavitelnou zárubní;Quba Glass;Quba Glass;visible;ks;product;Dveře skleněné otevírané z futryną regulowaną TOP laminowane klejone;Dveře skleněné otevírané z futryną regulowaną TOP laminowane klejone. Cena zahrnuje systém a kování;DRZWISZKLANEOTWIERANEZFUTRYNAREGULOWANATOPLAMINOWANEKLEJONE
QG-0290;;Dveře skleněné otevírané z futryną regulowaną TOP matné;15979;11020;CZK;1;21;Dveře skleněné otevírané z futryną regulowaną TOP matné. Cena zahrnuje systém a kování;Dveře skleněné otevírané z futryną regulowaną TOP matné. Kategorie: Dveře s nastavitelnou zárubní. Orientační cena — finální nabídka podle rozměrů a provedení.;https://qubaglass.pl/environment/cache/images/productGfx_c431d6e3bf3d097997a3938e2dec64c1_700_700.jpg;Skleněné dveře|Dveře s nastavitelnou zárubní;Quba Glass;Quba Glass;visible;ks;product;Dveře skleněné otevírané z futryną regulowaną TOP matné;Dveře skleněné otevírané z futryną regulowaną TOP matné. Cena zahrnuje systém a kování;DRZWISZKLANEOTWIERANEZFUTRYNAREGULOWANATOPMATOWE
QG-0291;;Dveře skleněné otevírané z futryną regulowaną TOP przezroczyste;12615;8700;CZK;1;21;Dveře skleněné otevírané z futryną regulowaną TOP przezroczyste. Cena zahrnuje systém a kování;Dveře skleněné otevírané z futryną regulowaną TOP przezroczyste. Kategorie: Dveře s nastavitelnou zárubní. Orientační cena — finální nabídka podle rozměrů a provedení.;https://qubaglass.pl/environment/cache/images/productGfx_6331_700_700/FUTRYNA_BEZBARWNE_FLOAT_bez_bialego_tla_allegro-2.jpg;Skleněné dveře|Dveře s nastavitelnou zárubní;Quba Glass;Quba Glass;visible;ks;product;Dveře skleněné otevírané z futryną regulowaną TOP przezroczyste;Dveře skleněné otevírané z futryną regulowaną TOP przezroczyste. Cena zahrnuje systém a kování;DRZWISZKLANEOTWIERANEZFUTRYNAREGULOWANATOPPRZEZROCZYSTE
QG-0292;;Dveře skleněné otevírané z futryną regulowaną TOP vzor GRAF/035b;18082;12470;CZK;1;21;Dveře skleněné otevírané z futryną regulowaną TOP vzor GRAF/035b. Cena zahrnuje systém a kování;Dveře skleněné otevírané z futryną regulowaną TOP vzor GRAF/035b. Kategorie: Dveře s nastavitelnou zárubní. Orientační cena — finální nabídka podle rozměrů a provedení.;https://qubaglass.pl/environment/cache/images/productGfx_16dc90247297c68edcf1150ce5b1baf0_700_700.jpg;Skleněné dveře|Dveře s nastavitelnou zárubní;Quba Glass;Quba Glass;visible;ks;product;Dveře skleněné otevírané z futryną regulowaną TOP vzor GRAF/035b;Dveře skleněné otevírané z futryną regulowaną TOP vzor GRAF/035b. Cena zahrnuje systém a kování;DRZWISZKLANEOTWIERANEZFUTRYNAREGULOWANATOPWZORGRAF035B
QG-0293;;Dveře skleněné otevírané z futryną regulowaną TOP vzor GRAF/108b;18082;12470;CZK;1;21;Dveře skleněné otevírané z futryną regulowaną TOP vzor GRAF/108b. Cena zahrnuje systém a kování;Dveře skleněné otevírané z futryną regulowaną TOP vzor GRAF/108b. Kategorie: Dveře s nastavitelnou zárubní. Orientační cena — finální nabídka podle rozměrů a provedení.;https://qubaglass.pl/environment/cache/images/productGfx_be4a6de235f4461e862021b477292a45_700_700.jpg;Skleněné dveře|Dveře s nastavitelnou zárubní;Quba Glass;Quba Glass;visible;ks;product;Dveře skleněné otevírané z futryną regulowaną TOP vzor GRAF/108b;Dveře skleněné otevírané z futryną regulowaną TOP vzor GRAF/108b. Cena zahrnuje systém a kování;DRZWISZKLANEOTWIERANEZFUTRYNAREGULOWANATOPWZORGRAF108B
QG-0294;;Dveře skleněné otevírané z futryną regulowaną TOP vzor paski 1.2;13876;9570;CZK;1;21;Dveře skleněné otevírané z futryną regulowaną TOP vzor paski 1.2. Cena zahrnuje systém a kování;Dveře skleněné otevírané z futryną regulowaną TOP vzor paski 1.2. Kategorie: Dveře s nastavitelnou zárubní. Orientační cena — finální nabídka podle rozměrů a provedení.;https://qubaglass.pl/environment/cache/images/productGfx_6320_700_700/drzwi_futryna_wzor_matowy_paski.jpg;Skleněné dveře|Dveře s nastavitelnou zárubní;Quba Glass;Quba Glass;visible;ks;product;Dveře skleněné otevírané z futryną regulowaną TOP vzor paski 1.2;Dveře skleněné otevírané z futryną regulowaną TOP vzor paski 1.2. Cena zahrnuje systém a kování;DRZWISZKLANEOTWIERANEZFUTRYNAREGULOWANATOPWZORPASKI12
QG-0295;;Dveře skleněné otevírané z futryną regulowaną TOP vzor Pasy 1.1;16400;11310;CZK;1;21;Dveře skleněné otevírané z futryną regulowaną TOP vzor Pasy 1.1. Cena zahrnuje systém a kování;Dveře skleněné otevírané z futryną regulowaną TOP vzor Pasy 1.1. Kategorie: Dveře s nastavitelnou zárubní. Orientační cena — finální nabídka podle rozměrů a provedení.;https://qubaglass.pl/environment/cache/images/productGfx_8778640873b77591050555de6f130d7d_700_700.jpg;Skleněné dveře|Dveře s nastavitelnou zárubní;Quba Glass;Quba Glass;visible;ks;product;Dveře skleněné otevírané z futryną regulowaną TOP vzor Pasy 1.1;Dveře skleněné otevírané z futryną regulowaną TOP vzor Pasy 1.1. Cena zahrnuje systém a kování;DRZWISZKLANEOTWIERANEZFUTRYNAREGULOWANATOPWZORPASY11
QG-0296;;Dveře skleněné otevírané z futryną regulowaną TOP vzor pasy 1.1;13876;9570;CZK;1;21;Dveře skleněné otevírané z futryną regulowaną TOP vzor pasy 1.1. Cena zahrnuje systém a kování;Dveře skleněné otevírané z futryną regulowaną TOP vzor pasy 1.1. Kategorie: Dveře s nastavitelnou zárubní. Orientační cena — finální nabídka podle rozměrů a provedení.;https://qubaglass.pl/environment/cache/images/productGfx_6329_700_700/drzwi_zamek_futryna_wzor_pasy_1.1.jpg;Skleněné dveře|Dveře s nastavitelnou zárubní;Quba Glass;Quba Glass;visible;ks;product;Dveře skleněné otevírané z futryną regulowaną TOP vzor pasy 1.1;Dveře skleněné otevírané z futryną regulowaną TOP vzor pasy 1.1. Cena zahrnuje systém a kování;DRZWISZKLANEOTWIERANEZFUTRYNAREGULOWANATOPWZORPASY11
QG-0297;;Dveře skleněné otevírané z ościeżnicą aluminiową przezroczyste;24389;16820;CZK;1;21;Dveře skleněné otevírané z ościeżnicą aluminiową przezroczyste. Cena zahrnuje systém a kování;Dveře skleněné otevírané z ościeżnicą aluminiową przezroczyste. Kategorie: Dveře s hliníkovou zárubní. Orientační cena — finální nabídka podle rozměrů a provedení.;https://qubaglass.pl/environment/cache/images/productGfx_14853_700_700/drzwi-z-oscieznica-alumniowa-szklane-bezbarwne.jpg;Skleněné dveře|Dveře s hliníkovou zárubní;Quba Glass;Quba Glass;visible;ks;product;Dveře skleněné otevírané z ościeżnicą aluminiową przezroczyste;Dveře skleněné otevírané z ościeżnicą aluminiową przezroczyste. Cena zahrnuje systém a kování;DRZWISZKLANEOTWIERANEZOSCIEZNICAALUMINIOWAPRZEZROCZYSTE
QG-0298;;Dveře skleněné otevírané do biura z ościeżnicą aluminiową szkło matné;26071;17980;CZK;1;21;Dveře skleněné otevírané do biura z ościeżnicą aluminiową szkło matné. Cena zahrnuje systém a kování;Dveře skleněné otevírané do biura z ościeżnicą aluminiową szkło matné. Kategorie: Dveře s hliníkovou zárubní. Orientační cena — finální nabídka podle rozměrů a provedení.;https://qubaglass.pl/environment/cache/images/productGfx_14852_700_700/matowe-drzwi-z-futryna-alumniowa.jpg;Skleněné dveře|Dveře s hliníkovou zárubní;Quba Glass;Quba Glass;visible;ks;product;Dveře skleněné otevírané do biura z ościeżnicą aluminiową szkło matné;Dveře skleněné otevírané do biura z ościeżnicą aluminiową szkło matné. Cena zahrnuje systém a kování;DRZWISZKLANEOTWIERANEDOBIURAZOSCIEZNICAALUMINIOWASZKLOMATOWE
QG-0299;;Dveře skleněné otevírané do biura z ościeżnicą aluminiową szkło przezroczyste grafitové;26071;17980;CZK;1;21;Dveře skleněné otevírané do biura z ościeżnicą aluminiową szkło przezroczyste grafitové. Cena zahrnuje systém a kování;Dveře skleněné otevírané do biura z ościeżnicą aluminiową szkło przezroczyste grafitové. Kategorie: Dveře s hliníkovou zárubní. Orientační cena — finální nabídka podle rozměrů a provedení.;https://qubaglass.pl/environment/cache/images/productGfx_14851_700_700/grafitowe-bezbarwne-alumniowa-futryna.jpg;Skleněné dveře|Dveře s hliníkovou zárubní;Quba Glass;Quba Glass;visible;ks;product;Dveře skleněné otevírané do biura z ościeżnicą aluminiową szkło przezroczyste grafitové;Dveře skleněné otevírané do biura z ościeżnicą aluminiową szkło przezroczyste grafitové. Cena zahrnuje systém a kování;DRZWISZKLANEOTWIERANEDOBIURAZOSCIEZNICAALUMINIOWASZKLOPRZEZROCZY
QG-0300;;Dveře skleněné otevírané do biura z ościeżnicą aluminiową szkło matné grafitové;28594;19720;CZK;1;21;Dveře skleněné otevírané do biura z ościeżnicą aluminiową szkło matné grafitové. Cena zahrnuje systém a kování;Dveře skleněné otevírané do biura z ościeżnicą aluminiową szkło matné grafitové. Kategorie: Dveře s hliníkovou zárubní. Orientační cena — finální nabídka podle rozměrů a provedení.;https://qubaglass.pl/environment/cache/images/productGfx_14850_700_700/grafitowe-matowe-drzwi-szklane.jpg;Skleněné dveře|Dveře s hliníkovou zárubní;Quba Glass;Quba Glass;visible;ks;product;Dveře skleněné otevírané do biura z ościeżnicą aluminiową szkło matné grafitové;Dveře skleněné otevírané do biura z ościeżnicą aluminiową szkło matné grafitové. Cena zahrnuje systém a kování;DRZWISZKLANEOTWIERANEDOBIURAZOSCIEZNICAALUMINIOWASZKLOMATOWEGRAF
QG-0301;;Dveře skleněné otevírané do biura z ościeżnicą aluminiową hnědé przezroczyste;26071;17980;CZK;1;21;Dveře skleněné otevírané do biura z ościeżnicą aluminiową hnědé przezroczyste. Cena zahrnuje systém a kování;Dveře skleněné otevírané do biura z ościeżnicą aluminiową hnědé przezroczyste. Kategorie: Dveře s hliníkovou zárubní. Orientační cena — finální nabídka podle rozměrů a provedení.;https://qubaglass.pl/environment/cache/images/productGfx_14849_700_700/drzwi-szklane-brazowe-w-futrynie-aluminiowej-futryna-aluminiowa.jpg;Skleněné dveře|Dveře s hliníkovou zárubní;Quba Glass;Quba Glass;visible;ks;product;Dveře skleněné otevírané do biura z ościeżnicą aluminiową hnědé przezroczyste;Dveře skleněné otevírané do biura z ościeżnicą aluminiową hnědé przezroczyste. Cena zahrnuje systém a kování;DRZWISZKLANEOTWIERANEDOBIURAZOSCIEZNICAALUMINIOWABRAZOWEPRZEZROC
QG-0302;;Dveře skleněné otevírané do biura z ościeżnicą aluminiową hnědé matné;28594;19720;CZK;1;21;Dveře skleněné otevírané do biura z ościeżnicą aluminiową hnědé matné. Cena zahrnuje systém a kování;Dveře skleněné otevírané do biura z ościeżnicą aluminiową hnědé matné. Kategorie: Dveře s hliníkovou zárubní. Orientační cena — finální nabídka podle rozměrů a provedení.;https://qubaglass.pl/environment/cache/images/productGfx_14848_700_700/drzwi-szklane-brazowe-matowe-w-futrynie.jpg;Skleněné dveře|Dveře s hliníkovou zárubní;Quba Glass;Quba Glass;visible;ks;product;Dveře skleněné otevírané do biura z ościeżnicą aluminiową hnědé matné;Dveře skleněné otevírané do biura z ościeżnicą aluminiową hnědé matné. Cena zahrnuje systém a kování;DRZWISZKLANEOTWIERANEDOBIURAZOSCIEZNICAALUMINIOWABRAZOWEMATOWE
QG-0303;;Dveře skleněné otevírané do biura z ościeżnicą aluminiową przezroczyste czarna rama;27753;19140;CZK;1;21;Dveře skleněné otevírané do biura z ościeżnicą aluminiową przezroczyste czarna rama. Cena zahrnuje systém a kování;Dveře skleněné otevírané do biura z ościeżnicą aluminiową przezroczyste czarna rama. Kategorie: Dveře s hliníkovou zárubní. Orientační cena — finální nabídka podle rozměrů a provedení.;https://qubaglass.pl/environment/cache/images/productGfx_14818_700_700/drzwi-szklane-z-futryna-alumniowa-bezbarwne.png;Skleněné dveře|Dveře s hliníkovou zárubní;Quba Glass;Quba Glass;visible;ks;product;Dveře skleněné otevírané do biura z ościeżnicą aluminiową przezroczyste czarna rama;Dveře skleněné otevírané do biura z ościeżnicą aluminiową przezroczyste czarna rama. Cena zahrnuje systém a kování;DRZWISZKLANEOTWIERANEDOBIURAZOSCIEZNICAALUMINIOWAPRZEZROCZYSTECZ
QG-0304;;Dveře skleněné otevírané do biura z ościeżnicą aluminiową matné czarna futryna;29435;20300;CZK;1;21;Dveře skleněné otevírané do biura z ościeżnicą aluminiową matné czarna futryna. Cena zahrnuje systém a kování;Dveře skleněné otevírané do biura z ościeżnicą aluminiową matné czarna futryna. Kategorie: Dveře s hliníkovou zárubní. Orientační cena — finální nabídka podle rozměrů a provedení.;https://qubaglass.pl/environment/cache/images/productGfx_14845_700_700/drzwi-ze-szkla-szklane-czarna-futryna.jpg;Skleněné dveře|Dveře s hliníkovou zárubní;Quba Glass;Quba Glass;visible;ks;product;Dveře skleněné otevírané do biura z ościeżnicą aluminiową matné czarna futryna;Dveře skleněné otevírané do biura z ościeżnicą aluminiową matné czarna futryna. Cena zahrnuje systém a kování;DRZWISZKLANEOTWIERANEDOBIURAZOSCIEZNICAALUMINIOWAMATOWECZARNAFUT
QG-0305;;Dveře skleněné otevírané do biura z ościeżnicą aluminiową szkło bílé;27753;19140;CZK;1;21;Dveře skleněné otevírané do biura z ościeżnicą aluminiową szkło bílé. Cena zahrnuje systém a kování;Dveře skleněné otevírané do biura z ościeżnicą aluminiową szkło bílé. Kategorie: Dveře s hliníkovou zárubní. Orientační cena — finální nabídka podle rozměrů a provedení.;https://qubaglass.pl/environment/cache/images/productGfx_14844_700_700/drzwi-szklane-biale-aluminiowa-futryna.jpg;Skleněné dveře|Dveře s hliníkovou zárubní;Quba Glass;Quba Glass;visible;ks;product;Dveře skleněné otevírané do biura z ościeżnicą aluminiową szkło bílé;Dveře skleněné otevírané do biura z ościeżnicą aluminiową szkło bílé. Cena zahrnuje systém a kování;DRZWISZKLANEOTWIERANEDOBIURAZOSCIEZNICAALUMINIOWASZKLOBIALE
QG-0306;;Dveře skleněné otevírané z ościeżnicą aluminiową szkło bílé futryna czarna;31117;21460;CZK;1;21;Dveře skleněné otevírané z ościeżnicą aluminiową szkło bílé futryna czarna. Cena zahrnuje systém a kování;Dveře skleněné otevírané z ościeżnicą aluminiową szkło bílé futryna czarna. Kategorie: Dveře s hliníkovou zárubní. Orientační cena — finální nabídka podle rozměrů a provedení.;https://qubaglass.pl/environment/cache/images/productGfx_14847_700_700/drzwi-szklane-biale-w-futrynie-czarnej.jpg;Skleněné dveře|Dveře s hliníkovou zárubní;Quba Glass;Quba Glass;visible;ks;product;Dveře skleněné otevírané z ościeżnicą aluminiową szkło bílé futryna czarna;Dveře skleněné otevírané z ościeżnicą aluminiową szkło bílé futryna czarna. Cena zahrnuje systém a kování;DRZWISZKLANEOTWIERANEZOSCIEZNICAALUMINIOWASZKLOBIALEFUTRYNACZARN
QG-0307;;Dveře skleněné otevírané do biura z ościeżnicą aluminiową loft szprosy czarna rama;35322;24360;CZK;1;21;Dveře skleněné otevírané do biura z ościeżnicą aluminiową loft szprosy czarna rama. Cena zahrnuje systém a kování;Dveře skleněné otevírané do biura z ościeżnicą aluminiową loft szprosy czarna rama. Kategorie: Dveře s hliníkovou zárubní. Orientační cena — finální nabídka podle rozměrů a provedení.;https://qubaglass.pl/environment/cache/images/productGfx_14842_700_700/drzwi-szklane-z-futryna-alumniowa-szprosy.jpg;Skleněné dveře|Dveře s hliníkovou zárubní;Quba Glass;Quba Glass;visible;ks;product;Dveře skleněné otevírané do biura z ościeżnicą aluminiową loft szprosy czarna rama;Dveře skleněné otevírané do biura z ościeżnicą aluminiową loft szprosy czarna rama. Cena zahrnuje systém a kování;DRZWISZKLANEOTWIERANEDOBIURAZOSCIEZNICAALUMINIOWALOFTSZPROSYCZAR
QG-0308;;Dveře skleněné otevírané do biura z ościeżnicą aluminiową loft szprosy czarna rama;36163;24940;CZK;1;21;Dveře skleněné otevírané do biura z ościeżnicą aluminiową loft szprosy czarna rama. Cena zahrnuje systém a kování;Dveře skleněné otevírané do biura z ościeżnicą aluminiową loft szprosy czarna rama. Kategorie: Dveře s hliníkovou zárubní. Orientační cena — finální nabídka podle rozměrů a provedení.;https://qubaglass.pl/environment/cache/images/productGfx_14841_700_700/drzwi-szklane-qubaglass-w-futrynie-alumniowej-szprosy.jpg;Skleněné dveře|Dveře s hliníkovou zárubní;Quba Glass;Quba Glass;visible;ks;product;Dveře skleněné otevírané do biura z ościeżnicą aluminiową loft szprosy czarna rama;Dveře skleněné otevírané do biura z ościeżnicą aluminiową loft szprosy czarna rama. Cena zahrnuje systém a kování;DRZWISZKLANEOTWIERANEDOBIURAZOSCIEZNICAALUMINIOWALOFTSZPROSYCZAR
QG-0309;;Dveře skleněné otevírané do biura z ościeżnicą aluminiową szkło černé;26912;18560;CZK;1;21;Dveře skleněné otevírané do biura z ościeżnicą aluminiową szkło černé. Cena zahrnuje systém a kování;Dveře skleněné otevírané do biura z ościeżnicą aluminiową szkło černé. Kategorie: Dveře s hliníkovou zárubní. Orientační cena — finální nabídka podle rozměrů a provedení.;https://qubaglass.pl/environment/cache/images/productGfx_14854_700_700/drzwi-szklane-futryna-alumniowa-czarne.jpg;Skleněné dveře|Dveře s hliníkovou zárubní;Quba Glass;Quba Glass;visible;ks;product;Dveře skleněné otevírané do biura z ościeżnicą aluminiową szkło černé;Dveře skleněné otevírané do biura z ościeżnicą aluminiową szkło černé. Cena zahrnuje systém a kování;DRZWISZKLANEOTWIERANEDOBIURAZOSCIEZNICAALUMINIOWASZKLOCZARNE
QG-0310;;Dveře skleněné otevírané do biura z ościeżnicą aluminiową LUSTRO;31117;21460;CZK;1;21;Dveře skleněné otevírané do biura z ościeżnicą aluminiową LUSTRO. Cena zahrnuje systém a kování;Dveře skleněné otevírané do biura z ościeżnicą aluminiową LUSTRO. Kategorie: Dveře s hliníkovou zárubní. Orientační cena — finální nabídka podle rozměrů a provedení.;https://qubaglass.pl/environment/cache/images/productGfx_14855_700_700/drzwi-ze-szkla-fenickie-lustrzane-qubaglass.jpg;Skleněné dveře|Dveře s hliníkovou zárubní;Quba Glass;Quba Glass;visible;ks;product;Dveře skleněné otevírané do biura z ościeżnicą aluminiową LUSTRO;Dveře skleněné otevírané do biura z ościeżnicą aluminiową LUSTRO. Cena zahrnuje systém a kování;DRZWISZKLANEOTWIERANEDOBIURAZOSCIEZNICAALUMINIOWALUSTRO
QG-0311;;Dveře skleněné otevírané do sauny z ościeżnicą aluminiową przezroczyste;39527;27260;CZK;1;21;Dveře skleněné otevírané do sauny z ościeżnicą aluminiową przezroczyste. Cena zahrnuje systém a kování;Dveře skleněné otevírané do sauny z ościeżnicą aluminiową przezroczyste. Kategorie: Dveře s hliníkovou zárubní. Orientační cena — finální nabídka podle rozměrů a provedení.;https://qubaglass.pl/environment/cache/images/productGfx_14834_700_700/drzwi-bezbarwne-do-sauny-w-futrynie-alumniowej.png;Skleněné dveře|Dveře s hliníkovou zárubní;Quba Glass;Quba Glass;visible;ks;product;Dveře skleněné otevírané do sauny z ościeżnicą aluminiową przezroczyste;Dveře skleněné otevírané do sauny z ościeżnicą aluminiową przezroczyste. Cena zahrnuje systém a kování;DRZWISZKLANEOTWIERANEDOSAUNYZOSCIEZNICAALUMINIOWAPRZEZROCZYSTE
QG-0312;;Dveře skleněné otevírané do sauny z ościeżnicą aluminiową grafitové;41714;28768;CZK;1;21;Dveře skleněné otevírané do sauny z ościeżnicą aluminiową grafitové. Cena zahrnuje systém a kování;Dveře skleněné otevírané do sauny z ościeżnicą aluminiową grafitové. Kategorie: Dveře s hliníkovou zárubní. Orientační cena — finální nabídka podle rozměrů a provedení.;https://qubaglass.pl/environment/cache/images/productGfx_14833_700_700/grafitowe-drzwi-do-sauny.png;Skleněné dveře|Dveře s hliníkovou zárubní;Quba Glass;Quba Glass;visible;ks;product;Dveře skleněné otevírané do sauny z ościeżnicą aluminiową grafitové;Dveře skleněné otevírané do sauny z ościeżnicą aluminiową grafitové. Cena zahrnuje systém a kování;DRZWISZKLANEOTWIERANEDOSAUNYZOSCIEZNICAALUMINIOWAGRAFITOWE
QG-0313;;Dveře skleněné otevírané do sauny z ościeżnicą aluminiową hnědé;41714;28768;CZK;1;21;Dveře skleněné otevírané do sauny z ościeżnicą aluminiową hnědé. Cena zahrnuje systém a kování;Dveře skleněné otevírané do sauny z ościeżnicą aluminiową hnědé. Kategorie: Dveře s hliníkovou zárubní. Orientační cena — finální nabídka podle rozměrů a provedení.;https://qubaglass.pl/environment/cache/images/productGfx_14832_700_700/brazowe-szklane-drzwi-w-futrynie-aluminiowej.png;Skleněné dveře|Dveře s hliníkovou zárubní;Quba Glass;Quba Glass;visible;ks;product;Dveře skleněné otevírané do sauny z ościeżnicą aluminiową hnědé;Dveře skleněné otevírané do sauny z ościeżnicą aluminiową hnědé. Cena zahrnuje systém a kování;DRZWISZKLANEOTWIERANEDOSAUNYZOSCIEZNICAALUMINIOWABRAZOWE
QG-0314;;Dveře skleněné LUXE - Rurowe szkło lodowe;42050;29000;CZK;1;21;Dveře skleněné LUXE - Rurowe szkło lodowe. Cena zahrnuje systém a kování;Dveře skleněné LUXE - Rurowe szkło lodowe. Kategorie: Linie Luxe. Orientační cena — finální nabídka podle rozměrů a provedení.;https://qubaglass.pl/environment/cache/images/productGfx_1046_700_700/5627ef74720cc2eadb442f3c2f25c3de.jpg;Skleněné dveře|Linie Luxe;Quba Glass;Quba Glass;visible;ks;product;Dveře skleněné LUXE - Rurowe szkło lodowe;Dveře skleněné LUXE - Rurowe szkło lodowe. Cena zahrnuje systém a kování;DRZWISZKLANELUXERUROWESZKLOLODOWE
QG-0315;;Dveře skleněné posuvné LUXE - Rurowe lustro fenickie;26912;18560;CZK;1;21;Dveře skleněné posuvné LUXE - Rurowe lustro fenickie. Cena zahrnuje systém a kování;Dveře skleněné posuvné LUXE - Rurowe lustro fenickie. Kategorie: Linie Luxe. Orientační cena — finální nabídka podle rozměrů a provedení.;https://qubaglass.pl/environment/cache/images/productGfx_1042_700_700/8c28833bdd64db7811fd48124e9d4f6e.jpg;Skleněné dveře|Linie Luxe;Quba Glass;Quba Glass;visible;ks;product;Dveře skleněné posuvné LUXE - Rurowe lustro fenickie;Dveře skleněné posuvné LUXE - Rurowe lustro fenickie. Cena zahrnuje systém a kování;DRZWISZKLANEPRZESUWNEPRZESUWANELUXERUROWELUSTROFENICKIE
QG-0316;;Dveře skleněné posuvné ROCK GLASS szkło čiré na míru;11522;7946;CZK;1;21;Dveře skleněné posuvné ROCK GLASS szkło čiré na míru. Cena zahrnuje systém a kování;Dveře skleněné posuvné ROCK GLASS szkło čiré na míru. Kategorie: Rock Glass – industriální linie. Orientační cena — finální nabídka podle rozměrů a provedení.;https://qubaglass.pl/environment/cache/images/productGfx_15099_700_700/drzwi-szklane-rock-glass-bezbarwne.jpg;Skleněné dveře|Rock Glass – industriální linie;Quba Glass;Quba Glass;visible;ks;product;Dveře skleněné posuvné ROCK GLASS szkło čiré na míru;Dveře skleněné posuvné ROCK GLASS szkło čiré na míru. Cena zahrnuje systém a kování;DRZWISZKLANEPRZESUWNEROCKGLASSSZKLOBEZBARWNENAWYMIAR
QG-0317;;Dveře skleněné posuvné ROCK GLASS szkło laminované černé na míru;13456;9280;CZK;1;21;Dveře skleněné posuvné ROCK GLASS szkło laminované černé na míru. Cena zahrnuje systém a kování;Dveře skleněné posuvné ROCK GLASS szkło laminované černé na míru. Kategorie: Rock Glass – industriální linie. Orientační cena — finální nabídka podle rozměrů a provedení.;https://qubaglass.pl/environment/cache/images/productGfx_15103_700_700/czarne-drzwi-szklane-rock-glass-laminowane.jpg;Skleněné dveře|Rock Glass – industriální linie;Quba Glass;Quba Glass;visible;ks;product;Dveře skleněné posuvné ROCK GLASS szkło laminované černé na míru;Dveře skleněné posuvné ROCK GLASS szkło laminované černé na míru. Cena zahrnuje systém a kování;DRZWISZKLANEPRZESUWNEROCKGLASSSZKLOLAMINOWANECZARNENAWYMIAR
QG-0318;;Dveře skleněné posuvné ROCK GLASS LOFT loftowe czarna rama SZPROSY;15558;10730;CZK;1;21;Dveře skleněné posuvné ROCK GLASS LOFT loftowe czarna rama SZPROSY. Cena zahrnuje systém a kování;Dveře skleněné posuvné ROCK GLASS LOFT loftowe czarna rama SZPROSY. Kategorie: Rock Glass – industriální linie. Orientační cena — finální nabídka podle rozměrů a provedení.;https://qubaglass.pl/environment/cache/images/productGfx_15102_700_700/drzwi-szklane-ze-szprosami-rock-glass-loft.jpg;Skleněné dveře|Rock Glass – industriální linie;Quba Glass;Quba Glass;visible;ks;product;Dveře skleněné posuvné ROCK GLASS LOFT loftowe czarna rama SZPROSY;Dveře skleněné posuvné ROCK GLASS LOFT loftowe czarna rama SZPROSY. Cena zahrnuje systém a kování;DRZWISZKLANEPRZESUWNEROCKGLASSLOFTLOFTOWECZARNARAMASZPROSY
QG-0319;;Dveře skleněné posuvné ROCK GLASS szkło laminované bílé na míru;14675;10121;CZK;1;21;Dveře skleněné posuvné ROCK GLASS szkło laminované bílé na míru. Cena zahrnuje systém a kování;Dveře skleněné posuvné ROCK GLASS szkło laminované bílé na míru. Kategorie: Rock Glass – industriální linie. Orientační cena — finální nabídka podle rozměrů a provedení.;https://qubaglass.pl/environment/cache/images/productGfx_15115_700_700/biale-drzwi-szklane-rock-glass-laminowane.jpg;Skleněné dveře|Rock Glass – industriální linie;Quba Glass;Quba Glass;visible;ks;product;Dveře skleněné posuvné ROCK GLASS szkło laminované bílé na míru;Dveře skleněné posuvné ROCK GLASS szkło laminované bílé na míru. Cena zahrnuje systém a kování;DRZWISZKLANEPRZESUWNEROCKGLASSSZKLOLAMINOWANEBIALENAWYMIAR
QG-0320;;Dveře skleněné posuvné ROCK GLASS szkło matné na míru;12279;8468;CZK;1;21;Dveře skleněné posuvné ROCK GLASS szkło matné na míru. Cena zahrnuje systém a kování;Dveře skleněné posuvné ROCK GLASS szkło matné na míru. Kategorie: Rock Glass – industriální linie. Orientační cena — finální nabídka podle rozměrů a provedení.;https://qubaglass.pl/environment/cache/images/productGfx_15104_700_700/drzwi-szklane-matowe-rock-glass-przesuwne.jpg;Skleněné dveře|Rock Glass – industriální linie;Quba Glass;Quba Glass;visible;ks;product;Dveře skleněné posuvné ROCK GLASS szkło matné na míru;Dveře skleněné posuvné ROCK GLASS szkło matné na míru. Cena zahrnuje systém a kování;DRZWISZKLANEPRZESUWNEROCKGLASSSZKLOMATOWENAWYMIAR
QG-0321;;Dveře skleněné posuvné ROCK GLASS podwójne bílé;30318;20909;CZK;1;21;Dveře skleněné posuvné ROCK GLASS podwójne bílé. Cena zahrnuje systém a kování;Dveře skleněné posuvné ROCK GLASS podwójne bílé. Kategorie: Rock Glass – industriální linie. Orientační cena — finální nabídka podle rozměrů a provedení.;https://qubaglass.pl/environment/cache/images/productGfx_15151_700_700/drzwi-szklane-podwojne-rock-glass-biale.jpg;Skleněné dveře|Rock Glass – industriální linie;Quba Glass;Quba Glass;visible;ks;product;Dveře skleněné posuvné ROCK GLASS podwójne bílé;Dveře skleněné posuvné ROCK GLASS podwójne bílé. Cena zahrnuje systém a kování;DRZWISZKLANEPRZESUWNEROCKGLASSPODWOJNEBIALE
QG-0322;;Dveře skleněné posuvné ROCK GLASS podwójne černé;27921;19256;CZK;1;21;Dveře skleněné posuvné ROCK GLASS podwójne černé. Cena zahrnuje systém a kování;Dveře skleněné posuvné ROCK GLASS podwójne černé. Kategorie: Rock Glass – industriální linie. Orientační cena — finální nabídka podle rozměrů a provedení.;https://qubaglass.pl/environment/cache/images/productGfx_15135_700_700/drzwi-szklane-podwojne-czarne-rock-glass.jpg;Skleněné dveře|Rock Glass – industriální linie;Quba Glass;Quba Glass;visible;ks;product;Dveře skleněné posuvné ROCK GLASS podwójne černé;Dveře skleněné posuvné ROCK GLASS podwójne černé. Cena zahrnuje systém a kování;DRZWISZKLANEPRZESUWNEROCKGLASSPODWOJNECZARNE
QG-0323;;Dveře skleněné posuvné ROCK GLASS podwójne loft loftowe szprosy;32126;22156;CZK;1;21;Dveře skleněné posuvné ROCK GLASS podwójne loft loftowe szprosy. Cena zahrnuje systém a kování;Dveře skleněné posuvné ROCK GLASS podwójne loft loftowe szprosy. Kategorie: Rock Glass – industriální linie. Orientační cena — finální nabídka podle rozměrů a provedení.;https://qubaglass.pl/environment/cache/images/productGfx_15107_700_700/e.jpg;Skleněné dveře|Rock Glass – industriální linie;Quba Glass;Quba Glass;visible;ks;product;Dveře skleněné posuvné ROCK GLASS podwójne loft loftowe szprosy;Dveře skleněné posuvné ROCK GLASS podwójne loft loftowe szprosy. Cena zahrnuje systém a kování;DRZWISZKLANEPRZESUWNEROCKGLASSPODWOJNELOFTLOFTOWESZPROSY
QG-0324;;Dveře skleněné posuvné ROCK GLASS podwójne matné;21193;14616;CZK;1;21;Dveře skleněné posuvné ROCK GLASS podwójne matné. Cena zahrnuje systém a kování;Dveře skleněné posuvné ROCK GLASS podwójne matné. Kategorie: Rock Glass – industriální linie. Orientační cena — finální nabídka podle rozměrů a provedení.;https://qubaglass.pl/environment/cache/images/productGfx_15161_700_700/drzwi-szklane-rock-glass-matowe-podwojne.jpg;Skleněné dveře|Rock Glass – industriální linie;Quba Glass;Quba Glass;visible;ks;product;Dveře skleněné posuvné ROCK GLASS podwójne matné;Dveře skleněné posuvné ROCK GLASS podwójne matné. Cena zahrnuje systém a kování;DRZWISZKLANEPRZESUWNEROCKGLASSPODWOJNEMATOWE
QG-0325;;Zabudowa szklana dveře otočné + 2x ścianka stała;27753;19140;CZK;1;21;Zabudowa szklana dveře otočné + 2x ścianka stała. Cena zahrnuje systém a kování;Zabudowa szklana dveře otočné + 2x ścianka stała. Kategorie: Skleněné příčky a zabudování. Orientační cena — finální nabídka podle rozměrů a provedení.;https://qubaglass.pl/environment/cache/images/productGfx_15418_700_700/zabudowa-szklana-ze-sciankami-stalymi-qubaglass.png;Skleněné dveře|Skleněné příčky a zabudování;Quba Glass;Quba Glass;visible;ks;product;Zabudowa szklana dveře otočné + 2x ścianka stała;Zabudowa szklana dveře otočné + 2x ścianka stała. Cena zahrnuje systém a kování;ZABUDOWASZKLANADRZWIWAHADLOWE2XSCIANKASTALA
QG-0326;;Zabudowa szklana dveře otočné ze ściankami stałymi;51301;35380;CZK;1;21;Zabudowa szklana dveře otočné ze ściankami stałymi. Cena zahrnuje systém a kování;Zabudowa szklana dveře otočné ze ściankami stałymi. Kategorie: Skleněné příčky a zabudování. Orientační cena — finální nabídka podle rozměrů a provedení.;https://qubaglass.pl/environment/cache/images/productGfx_15420_700_700/zabudowa-szklana-drzwi-szklane-scianki-stale-qubaglass-na-wymiar.png;Skleněné dveře|Skleněné příčky a zabudování;Quba Glass;Quba Glass;visible;ks;product;Zabudowa szklana dveře otočné ze ściankami stałymi;Zabudowa szklana dveře otočné ze ściankami stałymi. Cena zahrnuje systém a kování;ZABUDOWASZKLANADRZWIWAHADLOWEZESCIANKAMISTALYMI
QG-0327;;Zabudowa szklana dveře otočné ze ściankami stałymi;73167;50460;CZK;1;21;Zabudowa szklana dveře otočné ze ściankami stałymi. Cena zahrnuje systém a kování;Zabudowa szklana dveře otočné ze ściankami stałymi. Kategorie: Skleněné příčky a zabudování. Orientační cena — finální nabídka podle rozměrů a provedení.;https://qubaglass.pl/environment/cache/images/productGfx_15422_700_700/zabudowa-ze-szkla-sciany-szklane-scianki-ze-szkla.png;Skleněné dveře|Skleněné příčky a zabudování;Quba Glass;Quba Glass;visible;ks;product;Zabudowa szklana dveře otočné ze ściankami stałymi;Zabudowa szklana dveře otočné ze ściankami stałymi. Cena zahrnuje systém a kování;ZABUDOWASZKLANADRZWIWAHADLOWEZESCIANKAMISTALYMI
QG-0328;;Zabudowa szklana ze szkła černégo dveře podwójne na samozamykaczu + 2 szt ścianek stałych;8;6;CZK;1;21;Zabudowa szklana ze szkła černégo dveře podwójne na samozamykaczu + 2 szt ścianek stałych. Cena zahrnuje systém a kování;Zabudowa szklana ze szkła černégo dveře podwójne na samozamykaczu + 2 szt ścianek stałych. Kategorie: Skleněné příčky a zabudování. Orientační cena — finální nabídka podle rozměrů a provedení.;https://qubaglass.pl/environment/cache/images/productGfx_15430_700_700/zabudowa-szklana-zabudowy-szklane-czarne-szklo-czarne-drzwi.png;Skleněné dveře|Skleněné příčky a zabudování;Quba Glass;Quba Glass;visible;ks;product;Zabudowa szklana ze szkła černégo dveře podwójne na samozamykaczu + 2 szt ścianek stałych;Zabudowa szklana ze szkła černégo dveře podwójne na samozamykaczu + 2 szt ścianek stałych. Cena zahrnuje systém a kování;ZABUDOWASZKLANAZESZKLACZARNEGODRZWIPODWOJNENASAMOZAMYKACZU2SZTSC
QG-0329;;Zabudowa szklana ścianka stała + dveře otočné;21025;14500;CZK;1;21;Zabudowa szklana ścianka stała + dveře otočné. Cena zahrnuje systém a kování;Zabudowa szklana ścianka stała + dveře otočné. Kategorie: Skleněné příčky a zabudování. Orientační cena — finální nabídka podle rozměrů a provedení.;https://qubaglass.pl/environment/cache/images/productGfx_15417_700_700/drzwi-szklane-w-zabudowie-szklanej-scianka-stala.png;Skleněné dveře|Skleněné příčky a zabudování;Quba Glass;Quba Glass;visible;ks;product;Zabudowa szklana ścianka stała + dveře otočné;Zabudowa szklana ścianka stała + dveře otočné. Cena zahrnuje systém a kování;ZABUDOWASZKLANASCIANKASTALADRZWIWAHADLOWE
QG-0330;;Zabudowa szklana z dveřeami zamykanymi na zamek;8;6;CZK;1;21;Zabudowa szklana z dveřeami zamykanymi na zamek. Cena zahrnuje systém a kování;Zabudowa szklana z dveřeami zamykanymi na zamek. Kategorie: Skleněné příčky a zabudování. Orientační cena — finální nabídka podle rozměrů a provedení.;https://qubaglass.pl/environment/cache/images/productGfx_15428_700_700/zabudowa-szklana-zabudowa-sypialni-przeszklenie.png;Skleněné dveře|Skleněné příčky a zabudování;Quba Glass;Quba Glass;visible;ks;product;Zabudowa szklana z dveřeami zamykanymi na zamek;Zabudowa szklana z dveřeami zamykanymi na zamek. Cena zahrnuje systém a kování;ZABUDOWASZKLANAZDRZWIAMIZAMYKANYMINAZAMEK
QG-0331;;Sauna przeszklenie sauny;8;6;CZK;1;21;Skleněné dveře Sauna przeszklenie sauny. Cena zahrnuje systém a kování;Sauna przeszklenie sauny. Kategorie: Skleněné příčky a zabudování. Orientační cena — finální nabídka podle rozměrů a provedení.;https://qubaglass.pl/environment/cache/images/productGfx_15432_700_700/przeszklenie-sauny-sauna-zabudowa-szklana.png;Skleněné dveře|Skleněné příčky a zabudování;Quba Glass;Quba Glass;visible;ks;product;Sauna przeszklenie sauny;Skleněné dveře Sauna przeszklenie sauny. Cena zahrnuje systém a kování;SAUNAPRZESZKLENIESAUNY
QG-0332;;Dveře skleněné posuvné design-Lux čiré;7561;5214;CZK;1;21;Dveře skleněné posuvné design-Lux čiré. Cena zahrnuje systém a kování;Dveře skleněné posuvné design-Lux čiré. Kategorie: Skladem – rychlá expedice. Orientační cena — finální nabídka podle rozměrů a provedení.;https://qubaglass.pl/environment/cache/images/productGfx_15274_700_700/bezbarwne-drzwi-szklane-qubaglass.jpg;Skleněné dveře|Skladem – rychlá expedice;Quba Glass;Quba Glass;visible;ks;product;Dveře skleněné posuvné design-Lux čiré;Dveře skleněné posuvné design-Lux čiré. Cena zahrnuje systém a kování;DRZWISZKLANEPRZESUWNEPRZESUWANEDESIGNLUXBEZBARWNE
QG-0333;;Dveře skleněné posuvné design-lux matné skladem;9251;6380;CZK;1;21;Dveře skleněné posuvné design-lux matné skladem. Cena zahrnuje systém a kování;Dveře skleněné posuvné design-lux matné skladem. Kategorie: Skladem – rychlá expedice. Orientační cena — finální nabídka podle rozměrů a provedení.;https://qubaglass.pl/environment/cache/images/productGfx_15182_700_700/drzwi-szklane-przesuwne-matowe-design-lux.jpg;Skleněné dveře|Skladem – rychlá expedice;Quba Glass;Quba Glass;visible;ks;product;Dveře skleněné posuvné design-lux matné skladem;Dveře skleněné posuvné design-lux matné skladem. Cena zahrnuje systém a kování;DRZWISZKLANEPRZESUWNEPRZESUWANEDESIGNLUXMATOWEODREKI
QG-0334;;Dveře skleněné posuvné Design-Lux vzor pasy 1.1;9663;6664;CZK;1;21;Dveře skleněné posuvné Design-Lux vzor pasy 1.1. Cena zahrnuje systém a kování;Dveře skleněné posuvné Design-Lux vzor pasy 1.1. Kategorie: Skladem – rychlá expedice. Orientační cena — finální nabídka podle rozměrů a provedení.;https://qubaglass.pl/environment/cache/images/productGfx_15276_700_700/drzwi-szklane-design-lux-z-pasami-matowy-wzor.jpg;Skleněné dveře|Skladem – rychlá expedice;Quba Glass;Quba Glass;visible;ks;product;Dveře skleněné posuvné Design-Lux vzor pasy 1.1;Dveře skleněné posuvné Design-Lux vzor pasy 1.1. Cena zahrnuje systém a kování;DRZWISZKLANEPRZESUWNEPRZESUWANEDESIGNLUXWZORPASY11
QG-0335;;Dveře skleněné posuvné Design-Lux vzor paski 1.2 skladem;9663;6664;CZK;1;21;Dveře skleněné posuvné Design-Lux vzor paski 1.2 skladem. Cena zahrnuje systém a kování;Dveře skleněné posuvné Design-Lux vzor paski 1.2 skladem. Kategorie: Skladem – rychlá expedice. Orientační cena — finální nabídka podle rozměrů a provedení.;https://qubaglass.pl/environment/cache/images/productGfx_15277_700_700/drzwi-szklane-design-lux-paski-zwezajace-sie-qubaglass.jpg;Skleněné dveře|Skladem – rychlá expedice;Quba Glass;Quba Glass;visible;ks;product;Dveře skleněné posuvné Design-Lux vzor paski 1.2 skladem;Dveře skleněné posuvné Design-Lux vzor paski 1.2 skladem. Cena zahrnuje systém a kování;DRZWISZKLANEPRZESUWNEPRZESUWANEDESIGNLUXWZORPASKI12ODREKI
QG-0336;;Dveře skleněné posuvné Design-Lux czarny vzor PASY 1.1;12026;8294;CZK;1;21;Dveře skleněné posuvné Design-Lux czarny vzor PASY 1.1. Cena zahrnuje systém a kování;Dveře skleněné posuvné Design-Lux czarny vzor PASY 1.1. Kategorie: Skladem – rychlá expedice. Orientační cena — finální nabídka podle rozměrů a provedení.;https://qubaglass.pl/environment/cache/images/productGfx_15278_700_700/drzwi-z-pasami-czarny-system-qubaglass.jpg;Skleněné dveře|Skladem – rychlá expedice;Quba Glass;Quba Glass;visible;ks;product;Dveře skleněné posuvné Design-Lux czarny vzor PASY 1.1;Dveře skleněné posuvné Design-Lux czarny vzor PASY 1.1. Cena zahrnuje systém a kování;DRZWISZKLANEPRZESUWNEPRZESUWANEDESIGNLUXCZARNYWZORPASY11
QG-0337;;Dveře skleněné posuvné Design-Lux černý systém PASKI 1.2;12026;8294;CZK;1;21;Dveře skleněné posuvné Design-Lux černý systém PASKI 1.2. Cena zahrnuje systém a kování;Dveře skleněné posuvné Design-Lux černý systém PASKI 1.2. Kategorie: Skladem – rychlá expedice. Orientační cena — finální nabídka podle rozměrů a provedení.;https://qubaglass.pl/environment/cache/images/productGfx_15181_700_700/drzwi-design-z-paskami-matowymi.jpg;Skleněné dveře|Skladem – rychlá expedice;Quba Glass;Quba Glass;visible;ks;product;Dveře skleněné posuvné Design-Lux černý systém PASKI 1.2;Dveře skleněné posuvné Design-Lux černý systém PASKI 1.2. Cena zahrnuje systém a kování;DRZWISZKLANEPRZESUWNEPRZESUWANEDESIGNLUXSYSTEMCZARNYPASKI12
QG-0338;;Dveře skleněné posuvné design-lux bílý matné;10933;7540;CZK;1;21;Dveře skleněné posuvné design-lux bílý matné. Cena zahrnuje systém a kování;Dveře skleněné posuvné design-lux bílý matné. Kategorie: Skladem – rychlá expedice. Orientační cena — finální nabídka podle rozměrů a provedení.;https://qubaglass.pl/environment/cache/images/productGfx_15279_700_700/matowe-drzwi-design-z-bialym-systemem-qg.jpg;Skleněné dveře|Skladem – rychlá expedice;Quba Glass;Quba Glass;visible;ks;product;Dveře skleněné posuvné design-lux bílý matné;Dveře skleněné posuvné design-lux bílý matné. Cena zahrnuje systém a kování;DRZWISZKLANEPRZESUWNEPRZESUWANEDESIGNLUXBIALYMATOWE
QG-0339;;Dveře posuvné w kasecie chowane w ścianę kaseta bezościeżnicowa Estima Q-110;21446;14790;CZK;1;21;Dveře posuvné w kasecie chowane w ścianę kaseta bezościeżnicowa Estima Q-110. Cena zahrnuje systém a kování;Dveře posuvné w kasecie chowane w ścianę kaseta bezościeżnicowa Estima Q-110. Kategorie: Skladem – rychlá expedice. Orientační cena — finální nabídka podle rozměrů a provedení.;https://qubaglass.pl/environment/cache/images/productGfx_4372_700_700/drzwi_szklane_w_kasecie_kol_110.jpg;Skleněné dveře|Skladem – rychlá expedice;Quba Glass;Quba Glass;visible;ks;product;Dveře posuvné w kasecie chowane w ścianę kaseta bezościeżnicowa Estima Q-110;Dveře posuvné w kasecie chowane w ścianę kaseta bezościeżnicowa Estima Q-110. Cena zahrnuje systém a kování;DRZWIPRZESUWNEWKASECIECHOWANEWSCIANEKASETABEZOSCIEZNICOWAESTIMAQ
QG-0340;;Dveře posuvné w kasecie chowane w ścianę kaseta bezościeżnicowa Estima Q-006;22286;15370;CZK;1;21;Dveře posuvné w kasecie chowane w ścianę kaseta bezościeżnicowa Estima Q-006. Cena zahrnuje systém a kování;Dveře posuvné w kasecie chowane w ścianę kaseta bezościeżnicowa Estima Q-006. Kategorie: Skladem – rychlá expedice. Orientační cena — finální nabídka podle rozměrů a provedení.;https://qubaglass.pl/environment/cache/images/productGfx_4369_700_700/kaseta_estima_wzor_matowy_q-06.jpg;Skleněné dveře|Skladem – rychlá expedice;Quba Glass;Quba Glass;visible;ks;product;Dveře posuvné w kasecie chowane w ścianę kaseta bezościeżnicowa Estima Q-006;Dveře posuvné w kasecie chowane w ścianę kaseta bezościeżnicowa Estima Q-006. Cena zahrnuje systém a kování;DRZWIPRZESUWNEWKASECIECHOWANEWSCIANEKASETABEZOSCIEZNICOWAESTIMAQ
QG-0341;;Dveře posuvné w kasecie chowane w ścianę kaseta bezościeżnicowa Estima Q-106;21446;14790;CZK;1;21;Dveře posuvné w kasecie chowane w ścianę kaseta bezościeżnicowa Estima Q-106. Cena zahrnuje systém a kování;Dveře posuvné w kasecie chowane w ścianę kaseta bezościeżnicowa Estima Q-106. Kategorie: Skladem – rychlá expedice. Orientační cena — finální nabídka podle rozměrů a provedení.;https://qubaglass.pl/environment/cache/images/productGfx_4371_700_700/drzwi_w_kasecie_estima_wzor_q_106.jpg;Skleněné dveře|Skladem – rychlá expedice;Quba Glass;Quba Glass;visible;ks;product;Dveře posuvné w kasecie chowane w ścianę kaseta bezościeżnicowa Estima Q-106;Dveře posuvné w kasecie chowane w ścianę kaseta bezościeżnicowa Estima Q-106. Cena zahrnuje systém a kování;DRZWIPRZESUWNEWKASECIECHOWANEWSCIANEKASETABEZOSCIEZNICOWAESTIMAQ
QG-0342;;Dveře skleněné posuvné Design-Lux vzor Q-109;10084;6954;CZK;1;21;Dveře skleněné posuvné Design-Lux vzor Q-109. Cena zahrnuje systém a kování;Dveře skleněné posuvné Design-Lux vzor Q-109. Kategorie: Skladem – rychlá expedice. Orientační cena — finální nabídka podle rozměrů a provedení.;https://qubaglass.pl/environment/cache/images/productGfx_15235_700_700/drzwi-szklane-z-wzorem-matowym-qubaglass.jpg;Skleněné dveře|Skladem – rychlá expedice;Quba Glass;Quba Glass;visible;ks;product;Dveře skleněné posuvné Design-Lux vzor Q-109;Dveře skleněné posuvné Design-Lux vzor Q-109. Cena zahrnuje systém a kování;DRZWISZKLANEPRZESUWNEPRZESUWANEDESIGNLUXWZORQ109
QG-0343;;Dveře skleněné posuvné Design-Lux vzor Q-110 skladem;9663;6664;CZK;1;21;Dveře skleněné posuvné Design-Lux vzor Q-110 skladem. Cena zahrnuje systém a kování;Dveře skleněné posuvné Design-Lux vzor Q-110 skladem. Kategorie: Skladem – rychlá expedice. Orientační cena — finální nabídka podle rozměrů a provedení.;https://qubaglass.pl/environment/cache/images/productGfx_15236_700_700/Q-110-drzwi-design-z-lux-z-wzorem.jpg;Skleněné dveře|Skladem – rychlá expedice;Quba Glass;Quba Glass;visible;ks;product;Dveře skleněné posuvné Design-Lux vzor Q-110 skladem;Dveře skleněné posuvné Design-Lux vzor Q-110 skladem. Cena zahrnuje systém a kování;DRZWISZKLANEPRZESUWNEPRZESUWANEDESIGNLUXWZORQ110ODREKI
QG-0344;;Dveře skleněné posuvné design-lux z wzorem Q-108 skladem;10084;6954;CZK;1;21;Dveře skleněné posuvné design-lux z wzorem Q-108 skladem. Cena zahrnuje systém a kování;Dveře skleněné posuvné design-lux z wzorem Q-108 skladem. Kategorie: Skladem – rychlá expedice. Orientační cena — finální nabídka podle rozměrů a provedení.;https://qubaglass.pl/environment/cache/images/productGfx_15234_700_700/drzwi-szklane-z-wzorem-matowym.jpg;Skleněné dveře|Skladem – rychlá expedice;Quba Glass;Quba Glass;visible;ks;product;Dveře skleněné posuvné design-lux z wzorem Q-108 skladem;Dveře skleněné posuvné design-lux z wzorem Q-108 skladem. Cena zahrnuje systém a kování;DRZWISZKLANEPRZESUWNEPRZESUWANEDESIGNLUXZWZOREMQ108ODREKI
QG-0345;;Dveře skleněné posuvné desing-lux vzor Q-106 skladem;10084;6954;CZK;1;21;Dveře skleněné posuvné desing-lux vzor Q-106 skladem. Cena zahrnuje systém a kování;Dveře skleněné posuvné desing-lux vzor Q-106 skladem. Kategorie: Skladem – rychlá expedice. Orientační cena — finální nabídka podle rozměrů a provedení.;https://qubaglass.pl/environment/cache/images/productGfx_15233_700_700/Q-106-drzwi-szklane-z-wzorem-matowym.jpg;Skleněné dveře|Skladem – rychlá expedice;Quba Glass;Quba Glass;visible;ks;product;Dveře skleněné posuvné desing-lux vzor Q-106 skladem;Dveře skleněné posuvné desing-lux vzor Q-106 skladem. Cena zahrnuje systém a kování;DRZWISZKLANEPRZESUWNEPRZESUWANEDESINGLUXWZORQ106ODREKI
